company_id,name,name_norm,aliases_norm,name_variants,legal_name,website,domain,linkedin_url,linkedin_slug,hq_city,hq_country,hq_region,other_offices,founded_year,employee_range,ownership_type,parent_company,stock_ticker,primary_category_group,primary_subcategory,value_chain_role,product_keywords,end_markets,description,status,confidence,sources,notes,first_researched_utc,last_researched_utc,wp_ids,primary_category_group_name,primary_subcategory_name,events_flat,subcategories
n:3d glass solutions,3D Glass Solutions,3d glass solutions,"[""3d glass solutions""]","[""3D Glass Solutions""]","3D Glass Solutions, Inc.",,,,,Albuquerque,US,Americas,[],2005,51-200,private,,,300,300.06,component_supplier,"[""APEX glass-ceramic"", ""glass interposers"", ""glass substrates"", ""integrated passive devices"", ""3D heterogeneous integration""]","[""RF"", ""photonics"", ""data center"", ""aerospace & defense""]","Albuquerque-based maker of glass-based system-in-package devices, interposers and passive components using its patented photosensitive APEX glass-ceramic technology.",partial,0.6,"[""https://waldencatalyst.com/portfolio/3dgs"", ""https://pulse2.com/3d-glass-solutions-raises-30-million-series-c/"", ""https://yespress.io/3d-glass-solutions-inc.md""]",Own website and LinkedIn URL not confirmed in results; founded year 2005 vs 2006 conflict; employee range estimated (~66).,2026-09-30T12:15:11Z,2026-09-30T12:15:11Z,"[""WP-0001""]",Packaging and Assembly Materials,Package Substrates; Laminate; Film based,SEMICON India,300.06;903.06;305.01
d:3m.com,3M,3m,"[""3m"", ""3m india""]","[""3M INDIA LIMITED""]",3M Company,https://www.3m.com,3m.com,https://linkedin.com/company/3m,3m,St. Paul,US,Americas,"[{""city"": ""Bengaluru"", ""country"": ""IN"", ""type"": ""subsidiary (3M India Limited)""}, {""city"": ""Ahmedabad"", ""country"": ""IN"", ""type"": ""manufacturing""}, {""city"": ""Pune"", ""country"": ""IN"", ""type"": ""manufacturing""}]",1902,10001+,public,,NYSE:MMM,300,300.01,materials,"[""adhesives"", ""tapes"", ""thermal management materials"", ""abrasives"", ""semiconductor process aids"", ""conductive materials""]","[""semiconductor"", ""electronics"", ""automotive"", ""healthcare""]","Diversified US materials science conglomerate; its Indian subsidiary 3M India Limited (Bengaluru) supplies adhesives, abrasives, thermal and conductive materials and semiconductor process aids.",complete,0.85,"[""https://www.3mindia.in/3M/en_IN/p/c/i/electronics/semiconductor/"", ""https://linkedin.com/company/3m"", ""https://machinist.in/2025/11/3m-india-opens-experience-center-in-bangalore-showcasing-advanced-materials-and-solutions-for-semiconductor-and-consumer-electronics-sectors/""]",3M India Limited is a listed subsidiary in India (founded 1988); folded into 3M group record. 3m.com group domain inferred from 3mindia.in site.,2026-09-30T12:15:11Z,2026-09-30T12:15:11Z,"[""WP-0001""]",Packaging and Assembly Materials,Adhesives; Epoxies; Die Attach Compounds; Under fill Materials; Conductive & Non-Conductive,SEMICON India,300.01;300.15;307.01;400.22
n:abb,ABB,abb,"[""abb"", ""abb india""]","[""ABB India Limited""]",,,,,,Zurich,CH,EMEA,"[{""city"": null, ""country"": ""IN"", ""type"": ""subsidiary (ABB India Limited)""}]",,10001+,public,,,500,500.04,component_supplier,"[""electrification"", ""robotics"", ""automation"", ""motion""]","[""industrial"", ""fab infrastructure""]",Swiss-Swedish electrification and automation group; exhibited via its Indian subsidiary ABB India Limited.,partial,0.5,[],"Search budget exhausted and abb.com fetch timed out; group identity from general knowledge, website/LinkedIn not verified. Retry recommended.",2026-09-30T12:17:55Z,2026-09-30T12:17:55Z,"[""WP-0001""]",Factory Monitoring & Control Systems (FMCS),Electrical; Power Distribution,SEMICON India,500.04;502.02;401.09
n:ablroots industries pvt ptd,ABLROOTS INDUSTRIES PVT PTD,ablroots industries pvt ptd,"[""ablroots industries pvt ptd"", ""abl roots industries"", ""abl roots industries pvt"", ""ablroots industries private""]","[""ABLROOTS INDUSTRIES PVT PTD"", ""ABL Roots Industries Pvt Ltd"", ""Ablroots Industries Private Limited""]",ABLROOTS INDUSTRIES PRIVATE LIMITED,https://www.ablblowers.com,ablblowers.com,,,New Delhi,IN,APAC,"[{""city"": ""Bangalore"", ""country"": ""IN"", ""type"": ""sales""}, {""city"": ""Chennai"", ""country"": ""IN"", ""type"": ""sales""}, {""city"": ""Pune"", ""country"": ""IN"", ""type"": ""sales""}]",2014,unknown,private,,,401,401.16,component_supplier,"[""twin lobe roots blowers"", ""tri lobe rotary air blowers"", ""ring blowers"", ""vacuum blowers""]","[""industrial"", ""water treatment"", ""power""]",Indian manufacturer of twin- and tri-lobe rotary air (Roots) blowers and ring blowers for industrial air and vacuum applications; ISO 9001:2015 certified.,complete,0.65,"[""https://www.ablblowers.com/about/"", ""https://www.zaubacorp.com/ABLROOTS-INDUSTRIES-PRIVATE-LIMITED-U29190DL2014PTC268924"", ""https://www.indiamart.com/ablrootsblowers/profile.html""]","No LinkedIn company page found. General industrial blower maker, not semiconductor-specific.",2026-09-30T12:17:55Z,2026-09-30T12:25:56Z,"[""WP-0001"", ""WP-0001-R2""]",Sub-systems,"Pumps, Vacuum",SEMICON India,401.16;400.10;401.15
n:abv engineers and consultants pvt,ABV ENGINEERS AND CONSULTANTS PVT LTD,abv engineers and consultants pvt,"[""abv engineers and consultants pvt"", ""abv engineers and consultants"", ""abv engineers and consultants private"", ""abv""]","[""ABV ENGINEERS AND CONSULTANTS PVT LTD"", ""ABV Engineers & Consultants Private Limited"", ""ABV Group""]",ABV ENGINEERS AND CONSULTANTS PRIVATE LIMITED,https://abvindia.com,abvindia.com,https://www.linkedin.com/company/abv-engineers-and-consultants-private-limited,abv-engineers-and-consultants-private-limited,Bangalore,IN,APAC,"[{""city"": ""Gurugram"", ""country"": ""IN"", ""type"": ""sales""}]",2000,unknown,private,ABV Group,,804,804.14,distributor,"[""press safety systems"", ""press room automation"", ""forging machinery"", ""HVAC components"", ""stepper and BLDC motors"", ""steel fabrication""]","[""automotive"", ""industrial"", ""mining""]","Bangalore-based ABV Group unit distributing Japanese press safety, press-room automation and forging machinery plus HVAC components; sister units cover heavy fabrication and a Shinano Kenshi motor joint venture.",complete,0.8,"[""https://abvindia.com/"", ""https://in.linkedin.com/company/abv-engineers-and-consultants-private-limited"", ""https://www.indiamart.com/abv-engineers-consultants/about-us.html""]","Headcount not stated on any source; left unknown. Part of ABV Group (ABV Machine Works, Aspina ABV Technologies JV).",2026-09-30T12:17:55Z,2026-09-30T12:25:56Z,"[""WP-0001"", ""WP-0001-R2""]",Professional Services,Sales; Manufacturers Representation or Distributors,SEMICON India,804.14;701.07;700.12;401.09;501.03
n:ac and c technology,AC&C Technology Pte Ltd,ac and c technology,"[""ac and c technology""]","[""AC&C Technology Pte Ltd"", ""AC&C TECHNOLOGY PTE. LTD.""]",AC&C TECHNOLOGY PTE. LTD.,http://www.acnctechnology.com.sg,acnctechnology.com.sg,,,Singapore,SG,APAC,[],2024,unknown,private,,,300,300.05,materials,"[""mold cleaning sheets"", ""melamine cleaning tablets"", ""mold conditioning sheets"", ""transfer molding"", ""compression molding""]","[""semiconductor packaging"", ""precision rubber molding""]","Singapore supplier of solid-state mold cleaning and conditioning consumables (cleaning/conditioning sheets, melamine tablets) for semiconductor encapsulation and precision rubber molding, plus process troubleshooting support.",complete,0.75,"[""https://www.semi.org/en/resources/member-directory/acc-technology-pte-ltd"", ""https://www.sgpbusiness.com/company/Acc-Technology-Pte-Ltd""]",SEMI member directory entry matches the exhibitor name exactly. No LinkedIn company page found. Distinct from A&C Technology SG Pte Ltd.,2026-09-30T12:17:55Z,2026-09-30T12:25:56Z,"[""WP-0001"", ""WP-0001-R2""]",Packaging and Assembly Materials,Molding; Encapsulation; Potting; Resin Materials,SEMICON India,300.05;900.02;301.03;200.18
n:accurex solutions pvt,Accurex Solutions Pvt. Ltd,accurex solutions pvt,"[""accurex solutions pvt"", ""accurex solutions"", ""accurex solutions private"", ""accurex semicon""]","[""Accurex Solutions Pvt. Ltd"", ""ACCUREX SOLUTIONS PRIVATE LIMITED"", ""Accurex Semicon""]",ACCUREX SOLUTIONS PRIVATE LIMITED,https://www.accurexsolutions.com,accurexsolutions.com,https://www.linkedin.com/company/accurexsolutions,accurexsolutions,Bangalore,IN,APAC,"[{""city"": ""New Delhi"", ""country"": ""IN"", ""type"": ""sales""}, {""city"": ""Chennai"", ""country"": ""IN"", ""type"": ""sales""}, {""city"": ""Mumbai"", ""country"": ""IN"", ""type"": ""sales""}]",1987,unknown,private,,,804,804.14,distributor,"[""backend assembly equipment"", ""dicing"", ""die attach"", ""wire bonding"", ""encapsulation"", ""automatic test equipment"", ""PCB screen printers"", ""AOI inspection""]","[""semiconductor packaging"", ""PCB assembly"", ""aerospace"", ""defense electronics"", ""medical""]","Bangalore distributor and service provider for semiconductor backend and PCB assembly capital equipment - dicing, die attach, wire bonding, encapsulation, test and failure analysis - plus customized ATE, operating since 1987.",complete,0.85,"[""https://expo.semi.org/india2025/Public/eBooth.aspx?IndexInList=3&ListByBooth=true&BoothID=650067&Nav=False"", ""https://www.accurexsolutions.com"", ""https://in.linkedin.com/company/accurexsolutions""]",Website confirmed from the SEMICON India 2025 exhibitor booth page. A separate LinkedIn page exists for 'Acurex Solutions Pvt. Ltd' (one c) - not used.,2026-09-30T12:17:55Z,2026-09-30T12:25:56Z,"[""WP-0001"", ""WP-0001-R2""]",Professional Services,Sales; Manufacturers Representation or Distributors,SEMICON India,804.14;200.09;200.28;200.08;208.09;203.05
d:acmr.com,ACM Research,acm research,"[""acm research""]","[""ACM Research Inc.""]","ACM Research, Inc.",https://www.acmr.com,acmr.com,https://www.linkedin.com/company/acm-research-inc/,acm-research-inc,Fremont,US,Americas,"[{""city"": ""Shanghai"", ""country"": ""CN"", ""type"": ""operations (ACM Research Shanghai)""}]",1998,1001-5000,public,,NASDAQ:ACMR,207,207.03,oem,"[""SAPS"", ""TEBO"", ""wet cleaning"", ""electroplating"", ""stress-free polishing"", ""PECVD"", ""track"", ""thermal processing""]","[""logic"", ""memory"", ""compound semiconductor"", ""advanced packaging""]","Supplier of wafer processing equipment including wet cleaning (SAPS, TEBO), electroplating, stress-free polishing, PECVD, track and thermal systems for IC and advanced packaging fabs.",complete,0.85,"[""https://www.acmr.com"", ""https://www.acmrcsh.com""]","HQ city, founded year and employee range from general knowledge, not verified on page.",2026-09-30T12:17:55Z,2026-09-30T12:17:55Z,"[""WP-0001""]",Process Equipment,"Cleaning; Washing; Drying Equipment for Substrate, Fab Processing",SEMICON Europa | SEMICON India,207.03;207.14;207.02;207.06;207.04;207.17
d:adaptsys.com,Adaptsys,adaptsys,"[""adaptsys""]","[""Adaptsys Limited"", ""Adaptsys Group""]",Adaptsys Limited,https://www.adaptsys.com,adaptsys.com,https://uk.linkedin.com/company/adaptsys-limited,adaptsys-limited,,GB,EMEA,[],,unknown,private,,,200,200.23,oem,"[""device programming"", ""tape and reel"", ""in-circuit test"", ""Reflex tape forming"", ""carrier tape"", ""vision inspection""]","[""electronics manufacturing"", ""automotive"", ""aerospace""]","UK-based specialist in device programming, tape & reel, board test (ICT/ISP) and carrier tape forming, including its in-house Reflex on-demand tape forming system.",complete,0.8,"[""https://www.adaptsys.com""]",HQ city not stated on homepage.,2026-09-30T12:17:55Z,2026-09-30T12:17:55Z,"[""WP-0001""]",Packaging and Assembly Equipment,PROM; Memory Programmer Equipment,SEMICON Europa | SEMICON India,200.23;200.15;208.17;203.19
d:addverb.com,Addverb,addverb,"[""addverb"", ""addverb technologies""]","[""Addverb Technologies""]",Addverb Technologies Limited,https://www.addverb.com,addverb.com,https://www.linkedin.com/company/addverb/,addverb,Noida,IN,APAC,[],2016,unknown,unknown,,,502,502.04,oem,"[""autonomous mobile robots"", ""ASRS"", ""sorting robots"", ""picking systems"", ""warehouse management software"", ""conveyors""]","[""warehousing"", ""intralogistics"", ""manufacturing""]","Noida-based robotics and warehouse automation company offering mobile robots, ASRS, sorting and picking systems and warehouse control software.",complete,0.8,"[""https://www.addverb.com""]","Reported as majority-owned by Reliance Industries (general knowledge, not verified); ownership left unknown.",2026-09-30T12:17:55Z,2026-09-30T12:17:55Z,"[""WP-0001""]",Material Handling Systems,"Stockers; Storage, AMHS",SEMICON India,502.04;502.02;502.01;602.02
n:advance panels and switchgears,Advance Panels & Switchgears,advance panels and switchgears,"[""advance panels and switchgears"", ""advance panels and switchgears p""]","[""Advance Panels & Switchgears P Ltd""]",Advance Panels & Switchgears Private Limited,,,,,Mumbai,IN,APAC,[],,unknown,private,,,500,500.04,component_supplier,"[""LV/MV panels"", ""switchgear"", ""motor control centers"", ""PLC panels""]",[],"Mumbai-based manufacturer of low and medium voltage panels, switchgear, motor starters and automation panels; part of the Advance group founded in 1979.",partial,0.5,"[""https://m.indiamart.com/advancepanels/plc-control-panels-system-integration.html""]",No corporate website or LinkedIn found; group founded 1979.,2026-09-30T12:14:28Z,2026-09-30T12:14:28Z,"[""WP-0002""]",Factory Monitoring & Control Systems (FMCS),Electrical; Power Distribution,SEMICON India,500.04;401.13
n:advanced expertise technology,Advanced Expertise Technology,advanced expertise technology,"[""advanced expertise technology"", ""advanced expertise technology pvt""]","[""ADVANCED EXPERTISE TECHNOLOGY PVT. LTD.""]",Advanced Expertise Technology Pvt. Ltd.,,,,,Mumbai,IN,APAC,[],,unknown,private,,,804,804.16,service,"[""IT services"", ""software""]",[],"Mumbai-based (Andheri East) provider of tailored software, IT services and technical support, also referred to as AdvetPL.",partial,0.35,"[""https://www.pharmanow.live/pharma-companies/advanced-expertise-technology-pvt-ltd""]",Only a directory listing found; semiconductor relevance unverified.,2026-09-30T12:14:28Z,2026-09-30T12:14:28Z,"[""WP-0002""]",Professional Services,Web hosting; Design; Internet consulting; Systems Integration,SEMICON India,804.16;701.17
n:advantec materials india,Advantec Materials India,advantec materials india,"[""advantec materials india"", ""advantec materials india pvt""]","[""Advantec Materials India Pvt Ltd""]",Advantec Materials India Private Limited,,,,,Gurgaon,IN,APAC,[],2013,unknown,private,,,307,307.03,materials,"[""sputtering targets"", ""evaporation materials"", ""tungsten filaments"", ""silicon wafers""]",[],"Gurgaon-based supplier (est. 2013) of metal and alloy sputtering targets (99.9-99.999%) for PVD coating, plus evaporation materials, vacuum components and silicon wafers.",partial,0.55,"[""https://m.indiamart.com/advantec-materials-india/sputtering-targets.html""]",No corporate website or LinkedIn found.,2026-09-30T12:14:28Z,2026-09-30T12:14:28Z,"[""WP-0002""]",Process Materials,Deposition/Target Materials,SEMICON India,307.03;400.24;308.05
d:advantest.com,Advantest,advantest,"[""advantest""]","[""Advantest (Singapore) Pte. Ltd.""]",Advantest Corporation,https://www.advantest.com,advantest.com,https://linkedin.com/company/advantest,advantest,Tokyo,JP,APAC,"[{""city"": ""Singapore"", ""country"": ""SG"", ""type"": ""subsidiary""}]",1954,unknown,public,,TSE:6857,208,208.20,oem,"[""ATE"", ""V93000"", ""SoC test"", ""memory test"", ""handlers""]","[""logic"", ""memory"", ""AI/HPC"", ""automotive"", ""5G""]","Tokyo-based leading manufacturer of automatic test and measurement equipment for semiconductor design and production, founded 1954.",complete,0.9,"[""https://www.advantest.com/about/offices.html"", ""https://linkedin.com/company/advantest"", ""https://www.Wikipedia.org/wiki/Advantest""]",Exhibitor was the Singapore subsidiary; folded into group record.,2026-09-30T12:14:28Z,2026-09-30T12:14:28Z,"[""WP-0002""]",Test Equipment,System on a Chip (SOC); Mixed Signal Test Systems,SEMICON India,208.20;208.13;208.10;208.19
n:aecom,AECOM,aecom,"[""aecom"", ""aecom india private""]","[""AECOM India Private Limited""]",,,,,,,US,Americas,"[{""city"": null, ""country"": ""IN"", ""type"": ""subsidiary""}]",,unknown,public,,,701,701.09,service,"[""engineering"", ""facility design"", ""construction management""]",[],Global infrastructure engineering and design firm; exhibited via its Indian subsidiary AECOM India Private Limited.,partial,0.5,[],Searches did not surface AECOM site/LinkedIn; left null per no-invention rule.,2026-09-30T12:14:28Z,2026-09-30T12:14:28Z,"[""WP-0002""]",Manufacturing Services or Consulting,Facility Design; Construction; Architectural,SEMICON India,701.09;701.21
d:aequs.com,Aequs,aequs,"[""aequs"", ""aequs sez private""]","[""Aequs SEZ Private Limited""]",Aequs Limited,https://www.aequs.com,aequs.com,,,Belagavi,IN,APAC,"[{""city"": ""Bengaluru"", ""country"": ""IN"", ""type"": ""registered_office""}]",2000,unknown,public,,,700,700.12,component_supplier,"[""precision machining"", ""forging"", ""surface treatment"", ""assembly""]","[""aerospace"", ""consumer electronics""]","Indian precision contract manufacturer (forging, machining, surface treatment, assembly) for aerospace and consumer electronics, operating a 250+ acre SEZ in Belagavi; listed Dec 2025.",complete,0.7,"[""https://www.emis.cn/php/company-profile/IN/Aequs_Ltd_en_3749643.html"", ""https://raksha-anirveda.com/choice-of-belagavi-led-to-a-unique-aerospace-ecosystem/""]",Website from search summary; LinkedIn not found.,2026-09-30T12:14:28Z,2026-09-30T12:14:28Z,"[""WP-0002""]",Manufacturing Services,Machine Shop; Fabrication Service,SEMICON India,700.12;700.17
n:aeromech equipments,Aeromech Equipments,aeromech equipments,"[""aeromech equipments"", ""aeromech equipments private""]","[""Aeromech Equipments Private Limited""]",Aeromech Equipments Pvt. Ltd.,,,,,Chennai,IN,APAC,[],2002,unknown,private,,,501,501.01,oem,"[""modular cleanrooms"", ""laminar airflow"", ""pass boxes"", ""fan filter units"", ""wet benches""]","[""pharma"", ""electronics"", ""semiconductor""]","Chennai (Porur) maker of modular cleanroom systems and equipment such as laminar airflow units, biosafety cabinets, air showers, pass boxes and FFUs; validation services since 2002.",partial,0.55,"[""https://m.indiamart.com/aeromech"", ""https://m.indiamart.com/aeromech/pass-boxes.html""]",No corporate website or LinkedIn found.,2026-09-30T12:14:28Z,2026-09-30T12:14:28Z,"[""WP-0002""]","HVAC, Temperature, Humidity, Contamination Control",Clean Rooms,SEMICON India,501.01;501.02;900.02
n:aether semiconductors,Aether Semiconductors,aether semiconductors,"[""aether semiconductors"", ""aether semiconductors private""]","[""Aether Semiconductors Private Ltd""]",,,,,,,,,[],,unknown,unknown,,,,,other,[],[],,not_found,0.1,[],"Not found; possibly related to Aether Industries (Surat) semiconductor materials business, unconfirmed.",2026-09-30T12:14:28Z,2026-09-30T12:14:28Z,"[""WP-0002""]",,,SEMICON India,
d:agc.com,AGC,agc,"[""agc"", ""agc asia pacific pvt""]","[""AGC Asia Pacific (India) Pvt. Ltd.""]",AGC Inc.,https://www.agc.com,agc.com,,,Tokyo,JP,APAC,"[{""city"": null, ""country"": ""IN"", ""type"": ""subsidiary""}]",1907,unknown,public,,,301,301.06,materials,"[""glass"", ""fluorochemicals"", ""synthetic quartz"", ""electronic materials""]",[],"Tokyo-based glass, electronic materials and chemicals group founded 1907; supplies synthetic quartz, fluorochemicals and semiconductor components.",complete,0.75,"[""https://www.agc.com/en/news/pdf/20240902e.pdf"", ""https://Www.Wikipedia.org/wiki/AGC_Inc.""]",LinkedIn not verified.,2026-09-30T12:14:28Z,2026-09-30T12:14:28Z,"[""WP-0002""]",Chemicals & Solids,Other Specialty Chemicals,SEMICON India,301.06;307.10;304.02;303.07
n:agem innovation,AGEM Innovation,agem innovation,"[""agem innovation"", ""agem innovation private""]","[""AGEM Innovation Private Limited""]",AGEM Innovation Private Limited,,,,,,IN,APAC,[],,unknown,private,,,,,other,[],[],,not_found,0.1,[],No web presence found in 3 searches; country inferred from 'Private Limited' Indian legal form.,2026-09-30T12:12:55Z,2026-09-30T12:12:55Z,"[""WP-0003""]",,,SEMICON India,
d:agilent.com,Agilent Technologies,agilent technologies,"[""agilent technologies""]","[""Agilent Technologies""]","Agilent Technologies, Inc.",https://www.agilent.com,agilent.com,,,Santa Clara,US,Americas,[],1999,10001+,public,,NYSE:A,203,203.23,oem,"[""mass spectrometry"", ""ICP-MS"", ""chromatography"", ""vacuum pumps"", ""leak detectors""]","[""analytical labs"", ""semiconductor contamination control"", ""life sciences""]","Agilent provides analytical instruments, software, services and consumables (chromatography, spectroscopy, ICP-MS, vacuum) for laboratories and industry; spun off from Hewlett-Packard in 1999.",complete,0.75,"[""https://Www.wikipedia.org/wiki/Agilent"", ""https://www.cbinsights.com/company/agilent-technologies""]",LinkedIn company URL not seen in results; left null. Employee range from general knowledge-level profile.,2026-09-30T12:13:40Z,2026-09-30T12:13:40Z,"[""WP-0003""]",Inspection & Measurement Products,Spectrometers; FTIR; ATR-FTIR; Auger Electron (AES); SIMS,SEMICON India | SEMICON West,203.23;203.03;203.12;401.16
d:agnisys.com,Agnisys,agnisys,"[""agnisys"", ""agnisys technology pvt""]","[""Agnisys Technology Pvt. Ltd""]","Agnisys, Inc.",https://www.agnisys.com,agnisys.com,,,Boston,US,Americas,"[{""city"": null, ""country"": ""IN"", ""type"": ""R&D""}]",2007,unknown,private,,,601,601.02,software,"[""IDesignSpec"", ""register automation"", ""specification automation"", ""EDA"", ""UVM""]","[""IP"", ""SoC design""]","Agnisys provides EDA software (IDesignSpec suite) for executable specification of registers, sequences and connectivity in IP/SoC design and verification; HQ Boston with R&D in India.",complete,0.75,"[""https://www.agnisys.com/?p=8566"", ""https://www.design-reuse.com/vendor/290/agnisys-inc-/""]",Exhibitor is the Indian subsidiary Agnisys Technology Pvt. Ltd; folded into parent. LinkedIn not searched.,2026-09-30T12:13:40Z,2026-09-30T12:13:40Z,"[""WP-0003""]",Design Software,EDA - Electronic Design Automation; Circuit Design,SEMICON India,601.02;603.02;903.08
n:agnit semiconductors,AGNIT Semiconductors,agnit semiconductors,"[""agnit semiconductors"", ""agnit semiconductors pvt""]","[""AGNIT Semiconductors Pvt Ltd""]",AGNIT Semiconductors Pvt Ltd,,,,,Bengaluru,IN,APAC,[],2019,11-50,private,,,903,903.05,fab_idm,"[""GaN"", ""GaN-on-SiC"", ""RF transistors"", ""GaN epi wafers"", ""RF subsystems""]","[""defence"", ""aerospace"", ""telecom"", ""power""]","IISc-incubated Bengaluru startup building a vertically integrated gallium nitride (GaN) ecosystem spanning wafers, devices and RF/power systems.",partial,0.6,"[""https://www.powerelectronicsnews.com/agnit-semiconductors-sparks-indias-gan-breakthrough"", ""https://evertiq.com/news/2026-03-17-indian-startup-agnit-semiconductors-raises-26-million"", ""https://inc42.com/company/agnit-semiconductors/""]",Official website and LinkedIn URL not seen in results. Team ~26 per 2025 report.,2026-09-30T12:13:40Z,2026-09-30T12:13:40Z,"[""WP-0003""]",Electronic Components,Components: IDM / Foundries,SEMICON India,903.05;308.01;904.04
d:agru.at,AGRU,agru,"[""agru"", ""agru plastic technology pvt""]","[""AGRU Plastic Technology Pvt Ltd""]",AGRU Kunststofftechnik GmbH,https://www.agru.at,agru.at,,,Bad Hall,AT,EMEA,"[{""city"": null, ""country"": ""IN"", ""type"": ""production""}, {""city"": null, ""country"": ""US"", ""type"": ""subsidiary""}, {""city"": null, ""country"": ""CN"", ""type"": ""production""}]",,unknown,private,,,400,400.19,component_supplier,"[""PURAD"", ""PVDF UHP piping"", ""ultrapure water piping"", ""PP PURE"", ""ECTFE"", ""electrofusion fittings""]","[""semiconductor fabs"", ""water"", ""industrial""]","Austrian plastics technology group making thermoplastic piping systems, including PURAD high-purity piping for ultrapure water distribution in semiconductor fabs; exhibitor is its Indian subsidiary.",complete,0.75,"[""https://www.agru.at/fileadmin/user_upload/service/download/image/AGRU_Image_en.pdf"", ""https://agruamerica.com/70-years-of-agru-a-success-story/""]",Indian subsidiary folded into Austrian parent. LinkedIn not searched.,2026-09-30T12:13:40Z,2026-09-30T12:13:40Z,"[""WP-0003""]","Components, Parts & Accessories",Pipe; Tubing; Hose; Flanges; Connectors; Couplings; Plumbing Fittings,SEMICON India,400.19;500.01
n:aheesa digital innovations,Aheesa Digital Innovations,aheesa digital innovations,"[""aheesa digital innovations"", ""aheesa digital innovations private""]","[""AHEESA DIGITAL INNOVATIONS PRIVATE LIMITED""]",AHEESA DIGITAL INNOVATIONS PRIVATE LIMITED,,,,,,IN,APAC,[],,unknown,private,,,,,other,[],[],,not_found,0.1,[],No matching web presence found; country inferred from Indian legal form.,2026-09-30T12:13:40Z,2026-09-30T12:13:40Z,"[""WP-0003""]",,,SEMICON India,
d:aimil.com,Aimil,aimil,"[""aimil""]","[""Aimil Ltd""]",Aimil Ltd,https://www.aimil.com,aimil.com,,,New Delhi,IN,APAC,[],,unknown,private,,,804,804.14,distributor,"[""material testing instruments"", ""NDT"", ""condition monitoring"", ""environmental simulation"", ""contamination control"", ""thin-film processing""]","[""construction"", ""industrial"", ""semiconductor R&D""]","New Delhi-based instrumentation and technology company supplying testing, NDT, monitoring and lab equipment across industries, including contamination control and thin-film semiconductor processing solutions.",complete,0.65,"[""https://www.aimil.com""]","Site cites '9 Decades of Excellence' (founding ~1930s, not confirmed). Web search budget exhausted; LinkedIn not checked.",2026-09-30T12:14:13Z,2026-09-30T12:14:13Z,"[""WP-0003""]",Professional Services,Sales; Manufacturers Representation or Distributors,SEMICON India,804.14;203.11;501.02
d:airliquide.com,Air Liquide,air liquide,"[""air liquide"", ""air liquide india pvt""]","[""Air Liquide India Holding Pvt Ltd""]",L'Air Liquide S.A.,https://www.airliquide.com,airliquide.com,,,Paris,FR,EMEA,"[{""city"": null, ""country"": ""IN"", ""type"": ""subsidiary""}]",,10001+,public,,,303,303.08,materials,"[""industrial gases"", ""electronic specialty gases"", ""nitrogen"", ""hydrogen"", ""helium""]","[""semiconductor"", ""industry"", ""healthcare""]","Air Liquide is a global leader in gases, technologies and services for industry and healthcare, with ~65,000 employees in 59 countries and major investments supporting semiconductor fabs.",complete,0.75,"[""https://www.airliquide.com""]",Indian holding entity folded into group. HQ Paris and Euronext listing from general knowledge; LinkedIn not checked (search budget exhausted).,2026-09-30T12:14:13Z,2026-09-30T12:14:13Z,"[""WP-0003""]",Gases,Pure & Bulk Gases,SEMICON India,303.08;303.07;303.09;500.08
d:awi.co.jp,Air Water,air water,"[""air water"", ""air water india pvt""]","[""Air Water India Pvt Ltd""]",Air Water Inc.,https://www.awi.co.jp/en/,awi.co.jp,,,,JP,APAC,"[{""city"": ""Chennai"", ""country"": ""IN"", ""type"": ""production""}]",,unknown,public,,,303,303.08,materials,"[""industrial gases"", ""liquefied gases""]","[""industrial"", ""medical"", ""electronics""]","Japanese diversified group whose industrial business supplies industrial gases and energy; operates liquefied gas plants in India, including Chennai.",complete,0.65,"[""https://www.awi.co.jp/en/""]",Indian subsidiary folded into Japanese parent. HQ city not confirmed on fetched page (believed Osaka). LinkedIn not checked.,2026-09-30T12:14:13Z,2026-09-30T12:14:13Z,"[""WP-0003""]",Gases,Pure & Bulk Gases,SEMICON India,303.08;500.08
d:airlifegases.com,Airlife Gases,airlife gases,"[""airlife gases"", ""airlife gases pvt""]","[""AirLife Gases Pvt. Ltd""]",AirLife Gases Pvt. Ltd,https://www.airlifegases.com,airlifegases.com,,,,IN,APAC,[],,unknown,private,,,303,303.08,materials,"[""gases""]",[],"Gas supplier with locations listed in India, Canada and the USA.",partial,0.4,"[""https://www.airlifegases.com""]",Website match to exhibitor not fully confirmed; HQ country assumed IN from legal form. Search budget exhausted.,2026-09-30T12:14:13Z,2026-09-30T12:14:13Z,"[""WP-0003""]",Gases,Pure & Bulk Gases,SEMICON India,303.08
n:airtech systems india,Airtech Systems India,airtech systems india,"[""airtech systems india"", ""airtech systems india pvt""]","[""AIRTECH SYSTEMS INDIA PVT LTD""]",Airtech Systems India Pvt. Ltd.,,,,,Mumbai,IN,APAC,"[{""city"": ""Palghar"", ""country"": ""IN"", ""type"": ""manufacturing""}]",1992,unknown,private,,,501,501.01,oem,"[""modular cleanrooms"", ""cleanroom panels"", ""HVAC""]","[""pharma"", ""biotech"", ""electronics"", ""healthcare""]","Mumbai-based turnkey cleanroom and HVAC solutions provider founded in 1992, supplying modular cleanrooms for pharma, biotech, electronics and healthcare.",partial,0.6,"[""https://www.pharmanow.live/pharma-companies/airtech-systems-india-pvt-ltd"", ""https://www.cphi-online.com/product/modular-clean-room-panels-2/""]",Official website and LinkedIn not found in results.,2026-09-30T12:15:00Z,2026-09-30T12:15:00Z,"[""WP-0004""]","HVAC, Temperature, Humidity, Contamination Control",Clean Rooms,SEMICON India,501.01;501.03;701.05
n:akribis systems,Akribis Systems,akribis systems,"[""akribis systems""]","[""Akribis Systems Pte Ltd""]",Akribis Systems Pte Ltd,,,,,Singapore,SG,APAC,"[{""city"": ""Shanghai"", ""country"": ""CN"", ""type"": ""manufacturing""}, {""city"": ""Nantong"", ""country"": ""CN"", ""type"": ""manufacturing""}, {""city"": null, ""country"": ""DE"", ""type"": ""sales""}, {""city"": null, ""country"": ""KR"", ""type"": ""sales""}, {""city"": null, ""country"": ""US"", ""type"": ""sales""}, {""city"": null, ""country"": ""JP"", ""type"": ""sales""}, {""city"": null, ""country"": ""MY"", ""type"": ""sales""}]",2004,unknown,private,,,401,401.09,component_supplier,"[""linear motors"", ""direct drive motors"", ""voice coil motors"", ""precision stages"", ""motion control""]","[""semiconductor"", ""flat panel"", ""hard disk"", ""PCB"", ""photonics"", ""biomedical""]","Singapore-based designer and manufacturer of direct drive linear, rotary and voice coil motors, stages and precision motion systems for semiconductor and electronics equipment. Mitsubishi Electric holds an equity stake.",partial,0.7,"[""https://semi.org/en/resources/member-directory/akribis-systems-pte-ltd"", ""https://www.bayern-innovativ.de/en/competencies-bavarian-chips-alliance/akribis-systems-gmbh/"", ""https://ie.mitsubishielectric.com/en/news/releases/global/2019/0618-a/index.html"", ""https://micromech.co.uk/?p=3224""]",Official website URL and LinkedIn page not seen in results. Mitsubishi Electric minority equity stake (2019).,2026-09-30T12:14:00Z,2026-09-30T12:14:00Z,"[""WP-0004""]",Sub-systems,Motion control systems; Servo control systems & Components,SEMICON India,401.09;400.17
d:yk-akros.com,Akros Trading,akros trading,"[""akros trading"", ""akros trading india pvt"", ""akros trading india private"", ""ykakros trading""]","[""Akros Trading India Pvt Ltd"", ""Akros Trading India Private Limited"", ""Akros Trading Co., Ltd."", ""YKAkros Trading Co., Ltd.""]",Akros Trading India Private Limited,https://www.yk-akros.com,yk-akros.com,,,Tokyo,JP,APAC,"[{""city"": ""Gurgaon"", ""country"": ""IN"", ""type"": ""sales""}, {""city"": ""Kuala Lumpur"", ""country"": ""MY"", ""type"": ""sales""}]",2012,unknown,private,"YKAkros Trading Co., Ltd.",,804,804.14,distributor,"[""semiconductor tapes"", ""electronic packaging materials"", ""UBM etchant"", ""fine chemicals"", ""ceramic functional powder""]","[""semiconductor"", ""electronics""]","Japanese trading house distributing semiconductor and electronic materials, fine chemicals, resins and metals; the Indian arm in Gurgaon serves the local semiconductor and industrial market.",partial,0.5,"[""https://www.indiamart.com/akros-trading-india/aboutus.html"", ""https://akros.com.my/global-network/""]","Group parent identification uncertain: Akros Trading Co., Ltd. (Tokyo) merged with YK Inoas in 2020 to form YKAkros Trading; Malaysian semiconductor-materials arm uses akros.com.my. LinkedIn page not found.",2026-09-30T12:26:00Z,2026-09-30T12:26:00Z,"[""WP-0004-R2""]",Professional Services,Sales; Manufacturers Representation or Distributors,SEMICON India,804.14;301.06;300.01
d:aligned-test.com,Aligned Test,aligned test,"[""aligned test""]","[""ALIGNED TEST PTE LTD"", ""Aligned Test Pte. Ltd.""]",ALIGNED TEST PTE. LTD.,https://www.aligned-test.com/,aligned-test.com,,,Singapore,SG,APAC,"[{""city"": ""Penang"", ""country"": ""MY"", ""type"": ""branch""}]",2006,unknown,private,,,208,208.19,oem,"[""on-wafer probing"", ""parametric test"", ""DC and RF measurement"", ""high power test"", ""cryogenic probing""]","[""semiconductor"", ""solar"", ""LED"", ""VCSEL"", ""automotive""]","Singapore-based supplier of semiconductor test instrument hardware and measurement software, including turnkey on-wafer probing, precision DC/RF and high-power test systems.",complete,0.8,"[""https://www.aligned-test.com/"", ""https://www.sgpbusiness.com/company/Aligned-Test-Pte-Ltd""]",No LinkedIn company page found.,2026-09-30T12:26:00Z,2026-09-30T12:26:00Z,"[""WP-0004-R2""]",Test Equipment,Probing Equipment incl. Analytical; Circuit; Manual; E-Beam; Optical; Wafer Probers,SEMICON India,208.19;208.16;701.20
n:allied resourcing,Allied Resourcing,allied resourcing,"[""allied resourcing""]","[""ALLIED RESOURCING""]",,,,,,,,,[],,unknown,unknown,,,,,other,[],[],,not_found,0.15,"[""https://portal2026.semiconindia.org/exhibitors""]","Generic name; only confirmation is the SEMICON India 2026 exhibitor listing (booth H4922). Several unrelated US/UK staffing firms share the name, none verifiably this exhibitor. No website, HQ or category assigned.",2026-09-30T12:31:00Z,2026-09-30T12:31:00Z,"[""WP-0004-R2""]",,,SEMICON India,
d:amd.com,AMD,amd,"[""amd"", ""amd india private"", ""advanced micro devices""]","[""AMD India Private Limited"", ""Advanced Micro Devices, Inc."", ""AMD""]","Advanced Micro Devices, Inc.",https://www.amd.com,amd.com,https://www.linkedin.com/company/amd,amd,Santa Clara,US,Americas,"[{""city"": ""Bengaluru"", ""country"": ""IN"", ""type"": ""rnd""}, {""city"": ""Hyderabad"", ""country"": ""IN"", ""type"": ""rnd""}, {""city"": ""Gurugram"", ""country"": ""IN"", ""type"": ""sales""}, {""city"": ""Mumbai"", ""country"": ""IN"", ""type"": ""sales""}]",1969,10001+,public,,NASDAQ:AMD,903,903.10,component_supplier,"[""CPU"", ""GPU"", ""adaptive SoC"", ""FPGA"", ""AI accelerator""]","[""data center"", ""client computing"", ""gaming"", ""embedded"", ""automotive""]","Fabless semiconductor company designing CPUs, GPUs, FPGAs and AI accelerators; AMD India Private Limited runs its largest design centres in Bengaluru and Hyderabad.",complete,0.9,"[""https://www.amd.com/en/corporate/corporate-responsibility/india.html"", ""https://www.amd.com/en/corporate/locations.html"", ""https://ir.amd.com/""]",Indian subsidiary folded into the AMD group record.,2026-09-30T12:31:00Z,2026-09-30T12:31:00Z,"[""WP-0004-R2""]",Electronic Components,Design: Fabless,SEMICON India,903.10;903.04;903.02
d:amipolymer.com,Ami Polymer,ami polymer,"[""ami polymer"", ""ami polymer pvt"", ""appl""]","[""Ami Polymer"", ""Ami Polymer Pvt. Ltd."", ""APPL""]",Ami Polymer Pvt. Ltd.,https://www.amipolymer.com/,amipolymer.com,https://www.linkedin.com/company/amipolymerindia,amipolymerindia,Silvassa,IN,APAC,[],1998,unknown,private,,,400,400.11,component_supplier,"[""silicone tubing"", ""platinum cured hoses"", ""gaskets"", ""bellows"", ""single-use assemblies"", ""inflatable seals""]","[""pharmaceutical"", ""biotech"", ""medical"", ""food and beverage""]","Indian manufacturer of silicone and Viton elastomer products - tubing, hoses, gaskets, bellows and single-use assemblies - produced in a cleanroom facility in Silvassa.",complete,0.85,"[""https://www.amipolymer.com/about/"", ""https://in.linkedin.com/company/amipolymerindia""]",Primary end markets are pharma/medical; semiconductor-facing use is via cleanroom elastomer components.,2026-09-30T12:31:00Z,2026-09-30T12:31:00Z,"[""WP-0004-R2""]","Components, Parts & Accessories",Gaskets; Seals; O rings; Elastomers; Resins,SEMICON India,400.11;400.19;400.21
d:amity.edu,Amity University Uttar Pradesh,amity university uttar pradesh,"[""amity university uttar pradesh"", ""amity university uttar pradesh noida"", ""amity university noida"", ""amity university""]","[""Amity University Uttar Pradesh Noida"", ""Amity University, Noida"", ""Amity University""]",Amity University Uttar Pradesh,https://www.amity.edu/,amity.edu,,,Noida,IN,APAC,[],2005,unknown,academic,Ritnand Balved Education Foundation,,802,802.01,research,"[""nanotechnology"", ""quantum computing"", ""AI"", ""robotics"", ""materials research""]","[""education"", ""research""]","Private research university in Noida, Uttar Pradesh, founded 2005, with 20+ research centres including nanotechnology, quantum computing and AI, and a large engineering programme.",complete,0.8,"[""https://www.amity.edu/"", ""https://en.wikipedia.org/wiki/Amity_University,_Noida""]","Private (for-profit sponsoring foundation) university, hence 802.01 rather than 802.02. LinkedIn page not confirmed.",2026-09-30T12:36:00Z,2026-09-30T12:36:00Z,"[""WP-0004-R2""]",Educational; Research Institutions,Education; Research Institutions (For-Profit); Vocational Training,SEMICON India,802.01;701.13
d:amplesemiconductors.com,Ample Semiconductors,ample semiconductors,"[""ample semiconductors"", ""ample semiconductors private"", ""ample semiconductors pvt""]","[""Ample Semiconductors Private Limited"", ""Ample Semiconductors Pvt Ltd""]",Ample Semiconductors Private Limited,https://www.amplesemiconductors.com/,amplesemiconductors.com,,,Bengaluru,IN,APAC,"[{""city"": ""Hyderabad"", ""country"": ""IN"", ""type"": ""office""}]",2022,51-200,private,,,701,701.04,service,"[""VLSI design services"", ""embedded systems"", ""physical design"", ""AI/ML"", ""verification""]","[""semiconductor"", ""electronics"", ""automotive""]","Bengaluru-based VLSI, embedded systems and AI/ML design services firm incorporated in December 2022, with a second office in Hyderabad opened in 2025.",complete,0.85,"[""https://www.amplesemiconductors.com/"", ""https://www.zaubacorp.com/AMPLE-SEMICONDUCTORS-PRIVATE-LIMITED-U72900KA2022PTC163483""]",Employee range from a reported headcount of about 96. LinkedIn page not confirmed.,2026-09-30T12:36:00Z,2026-09-30T12:36:00Z,"[""WP-0004-R2""]",Manufacturing Services or Consulting,Circuit Design; Electronic Design Services (EDS); System Level Design (SLD),SEMICON India,701.04;903.09;701.17
d:ananantsys.com,Ananant Systems,ananant systems,"[""ananant systems"", ""ananant systems private"", ""ananant systems pvt""]","[""ANANANT SYSTEMS PRIVATE LIMITED"", ""Ananant Systems Pvt. Ltd.""]",Ananant Systems Private Limited,https://ananantsys.com/,ananantsys.com,,,Bengaluru,IN,APAC,[],2023,unknown,private,,,903,903.10,component_supplier,"[""5G modem"", ""6G"", ""software-defined modem"", ""wireless chipset"", ""base station SoC""]","[""telecom"", ""wireless infrastructure""]","IIT Kanpur incubated fabless wireless semiconductor startup founded in 2023, developing chipset-based software-defined 5G and 6G base station modems in Bengaluru.",complete,0.8,"[""https://ananantsys.com/"", ""https://www.zaubacorp.com/ANANANT-SYSTEMS-PRIVATE-LIMITED-U62099KA2023PTC176655"", ""https://tele.net.in/ananant-systems-working-with-local-oems-to-develop-bsnls-5g-chip/""]",Seed-stage; about USD 4.25M raised. LinkedIn company page not confirmed.,2026-09-30T12:36:00Z,2026-09-30T12:36:00Z,"[""WP-0004-R2""]",Electronic Components,Design: Fabless,SEMICON India,903.10;903.02;701.04
n:anemo prime,ANEMO PRIME,anemo prime,"[""anemo prime""]","[""ANEMO PRIME""]",,,,,,,,,[],,unknown,unknown,,,,,other,[],[],,not_found,0.1,[],No web presence found for this exhibitor name.,2026-09-30T12:16:00Z,2026-09-30T12:16:00Z,"[""WP-0005""]",,,SEMICON India,
d:anestiwata-corp.com,ANEST IWATA,anest iwata,"[""anest iwata"", ""anest iwata americas""]","[""ANEST IWATA Americas, Inc.""]",,https://www.anestiwata-corp.com,anestiwata-corp.com,https://www.linkedin.com/company/anest-iwata,anest-iwata,Yokohama,JP,APAC,"[{""city"": ""West Chester"", ""country"": ""US"", ""type"": ""regional HQ Americas""}]",,unknown,public,,,400,400.17,component_supplier,"[""dry scroll vacuum pump"", ""air compressor"", ""coating equipment""]","[""semiconductor"", ""electronics""]","Japanese maker of air compressors, vacuum pumps and coating equipment; ANEST IWATA Americas (West Chester, OH) is its North American subsidiary.",partial,0.6,"[""https://www.anestiwata-corp.com/company/network/america"", ""https://www.linkedin.com/company/anest-iwata""]",Group HQ city (Yokohama) not confirmed in results; founding year and ownership not verified. 401.16 may be a better primary.,2026-09-30T12:40:00Z,2026-09-30T12:40:00Z,"[""WP-0060""]","Components, Parts & Accessories",Motors; Fans; Electric Rotary Spindles,SEMICON West,400.17;401.16
d:anjalilabtech.com,Anjali Diamonds,anjali diamonds,"[""anjali diamonds"", ""anjali diamonds pvt""]","[""Anjali Diamonds Pvt Ltd""]",Anjali Diamonds Pvt. Ltd,https://anjalilabtech.com,anjalilabtech.com,https://www.linkedin.com/company/anjalidiamonds,anjalidiamonds,Surat,IN,APAC,[],2000,unknown,private,Anjali Group,,308,308.02,materials,"[""CVD diamond"", ""diamond wafers"", ""MPCVD systems""]","[""semiconductor"", ""thermal management""]",Surat-based lab-grown CVD diamond manufacturer (Anjali Group) offering diamond wafers and semiconductor substrates and microwave plasma CVD systems.,complete,0.7,"[""https://www.linkedin.com/company/anjalidiamonds"", ""https://anjalilabtech.com/diamond-semiconductor/"", ""https://anjalilabtech.com/""]",Website is Anjali LabTech Limited (group entity); not confirmed to be the same legal entity.,2026-09-30T12:40:00Z,2026-09-30T12:40:00Z,"[""WP-0060""]",Substrates,Diamond substrates,SEMICON West,308.02;207.06
d:anoralabs.com,Anora,anora,"[""anora"", ""anora instrumentation private""]","[""Anora Instrumentation Private Limited""]",,https://www.anoralabs.com,anoralabs.com,,,Richardson,US,Americas,"[{""city"": ""Allen"", ""country"": ""US"", ""type"": ""test facility""}, {""city"": ""Bangalore"", ""country"": ""IN"", ""type"": ""engineering""}, {""city"": ""Chennai"", ""country"": ""IN"", ""type"": ""engineering""}]",2008,unknown,private,,,701,701.20,service,"[""semiconductor test"", ""silicon validation"", ""design for test"", ""PCB design"", ""test automation""]","[""analog"", ""power"", ""semiconductor""]","Texas-headquartered provider of semiconductor test, testability and post-silicon validation services, PCB design and test automation; Indian entity Anora Instrumentation operates in Bangalore and Chennai.",complete,0.7,"[""https://www.zoominfo.com/c/anora/354761447"", ""https://www.plantautomation-technology.com/pressreleases/cyient-semiconductors-anora-partner-to-expand-turnkey"", ""https://themachinemaker.com/news/cyient-semiconductors-and-anora-join-forces-to-enhance-turnkey-test-and-validation-solutions/""]","Website from secondary source, not fetched; LinkedIn not found.",2026-09-30T12:16:00Z,2026-09-30T12:16:00Z,"[""WP-0005""]",Manufacturing Services or Consulting,Test Services or Consulting,SEMICON India,701.20;602.05;309.01;701.04
d:ansell.com,Ansell,ansell,"[""ansell"", ""ansell india protective products pvt""]","[""Ansell India Protective Products Pvt Ltd""]",,https://www.ansell.com,ansell.com,https://www.linkedin.com/company/ansell/,ansell,Melbourne,AU,APAC,"[{""city"": ""Brussels"", ""country"": ""BE"", ""type"": ""regional HQ""}, {""city"": null, ""country"": ""IN"", ""type"": ""subsidiary (Ansell India Protective Products Pvt Ltd)""}]",,10001+,public,,ASX:ANN,900,900.05,materials,"[""cleanroom gloves"", ""protective clothing"", ""BioClean"", ""TouchNTuff""]","[""microelectronics"", ""life sciences"", ""industrial""]","Global maker of protective gloves, clothing and cleanroom consumables, including BioClean cleanroom products for microelectronics and life sciences.",complete,0.8,"[""https://www.ansell.com""]","Global HQ Melbourne, ticker and size from background knowledge, not verified this session (search budget exhausted).",2026-09-30T12:15:00Z,2026-09-30T12:15:00Z,"[""WP-0005""]",Support Products,Garments ; Apparel,SEMICON India,900.05;900.02;900.07;700.10
d:apintegration.com,AP Integration,ap integration,"[""ap integration""]","[""AP Integration, LLC""]",,https://apintegration.com/,apintegration.com,,,Lancaster,US,Americas,[],2023,unknown,private,,,202,202.04,service,"[""legacy tool remanufacturing"", ""PVD"", ""PECVD"", ""control systems""]","[""semiconductor""]","Lancaster, PA provider of electrical, mechanical and software retrofit and remanufacturing services for legacy PVD/PECVD fab tools.",partial,0.65,"[""https://apintegration.com/"", ""https://portal2026.semiconwest.org/co/ap-integration-llc""]",LinkedIn page not found.,2026-09-30T12:40:00Z,2026-09-30T12:40:00Z,"[""WP-0060""]",Other Equipment,Repair; Rework Equipment,SEMICON West,202.04;207.07;207.06
d:ap-s.de,AP&S International,ap and s international,"[""ap and s international""]","[""AP&S International GmbH""]",AP&S International GmbH,https://www.ap-s.de/en/company/,ap-s.de,https://www.linkedin.com/company/ap&sinternationalgmbh/,ap&sinternationalgmbh,Donaueschingen,DE,EMEA,"[{""city"": null, ""country"": ""CN"", ""type"": ""subsidiary""}, {""city"": null, ""country"": ""SG"", ""type"": ""subsidiary""}, {""city"": null, ""country"": ""MY"", ""type"": ""subsidiary""}]",,unknown,private,,,207,207.03,oem,"[""wet benches"", ""single wafer cleaning"", ""wet etching"", ""plating""]","[""logic"", ""MEMS"", ""SiC"", ""GaN"", ""optoelectronics""]","German supplier of wet process equipment (single-wafer and batch wet benches, fab logistics) for semiconductor, MEMS and microstructuring.",complete,0.85,"[""https://www.ap-s.de/en/company/"", ""https://www.linkedin.com/company/ap&sinternationalgmbh/"", ""https://silicon-saxony.de/en/mitglieder/aps-international-gmbh-2/""]",AP&S US Inc. seen as a SEMICON West 2025 exhibitor (US subsidiary).,2026-09-30T12:40:00Z,2026-09-30T12:40:00Z,"[""WP-0060""]",Process Equipment,"Cleaning; Washing; Drying Equipment for Substrate, Fab Processing",SEMICON Europa | SEMICON West,207.03;207.10;207.14
n:apk aquatech,APK Aquatech,apk aquatech,"[""apk aquatech"", ""apk aquatech pvt""]","[""APK AQUATECH PVT. LTD.""]",APK Aquatech Private Limited,https://www.apkaquatech.com,apkaquatech.com,,,Ambernath,IN,APAC,[],2024,unknown,private,,,500,500.01,oem,"[""water treatment plants"", ""reverse osmosis"", ""ultrafiltration"", ""EDI"", ""ion exchange"", ""effluent treatment""]","[""pharmaceutical"", ""beverages"", ""plastics"", ""general industrial""]","Indian manufacturer of water and wastewater treatment equipment and turnkey plants, including RO, ultrafiltration, EDI, ion exchange and effluent/sewage treatment systems for process and ultrapure water.",complete,0.72,"[""https://www.apkaquatech.com/about-us/"", ""https://www.zaubacorp.com/company/APK-AQUATECH-PRIVATE-LIMITED/U28299MH2023PTC406291""]","No LinkedIn company page found. Website states APK Aquatech Pvt Ltd formed 2024 with predecessor operations since 2002; MCA CIN indicates 2023 registration. Ultrapure/process water relevance for fabs; own site lists pharma, beverage and plastics as served industries.",2026-09-30T12:15:00Z,2026-09-30T12:26:00Z,"[""WP-0005"", ""WP-0005-R2""]",Factory Monitoring & Control Systems (FMCS),Chemical; Pure Water; Fluid Handling; Storage; Supply Systems,SEMICON India,500.01;500.13;301.04;301.03
n:app systems services,APP Systems Services,app systems services,"[""app systems services""]","[""APP SYSTEMS SERVICES PTE LTD""]",APP SYSTEMS SERVICES PTE. LTD.,http://appsystems.com.sg,appsystems.com.sg,https://www.linkedin.com/company/app-systems-services-pte-ltd,app-systems-services-pte-ltd,Singapore,SG,APAC,"[{""city"": null, ""country"": ""IN"", ""type"": ""sales""}]",1982,51-200,private,,,401,401.16,distributor,"[""cryogenic pumps"", ""vacuum technologies"", ""RF/DC power supplies"", ""chiller systems"", ""plasma"", ""thin films""]","[""semiconductor"", ""bioscience"", ""research""]","Singapore-based supplier and service provider of vacuum, cryogenic pump, RF/DC power supply and chiller subsystems plus laboratory equipment for semiconductor, plasma and thin-film customers across Southeast Asia and India.",complete,0.88,"[""http://appsystems.com.sg/contact/contact-us"", ""https://sg.linkedin.com/company/app-systems-services-pte-ltd"", ""https://www.semi.org/en/resources/member-directory/app-systems-services-pte-ltd"", ""https://www.sgpbusiness.com/company/App-Systems-Services-Pte-Ltd""]","Singapore UEN 198201133G. Sales offices and service centres across Southeast Asia and India; individual office cities not captured within call budget. Also offers repair/maintenance services, hence 700.19 as secondary.",2026-09-30T12:15:00Z,2026-09-30T12:28:00Z,"[""WP-0005"", ""WP-0005-R2""]",Sub-systems,"Pumps, Vacuum",SEMICON India,401.16;401.13;401.17;401.11;700.19
d:appliedenergysystems.com,Applied Energy Systems,applied energy systems,"[""applied energy systems""]","[""Applied Energy Systems, Inc.""]","Applied Energy Systems, Inc.",https://www.appliedenergysystems.com/,appliedenergysystems.com,https://www.linkedin.com/company/applied-energy-systems-inc,applied-energy-systems-inc,Malvern,US,Americas,[],1968,unknown,private,,,500,500.09,oem,"[""UHP gas delivery"", ""SEMI-GAS"", ""VERSA-GAS"", ""purifiers""]","[""semiconductor"", ""pharma"", ""photovoltaics"", ""aerospace""]","Malvern, PA provider of ultra-high-purity gas and liquid delivery equipment via SEMI-GAS and VERSA-GAS divisions, plus purifiers and precision welding.",complete,0.85,"[""https://www.appliedenergysystems.com/about/our-facilities-and-equipment/"", ""https://www.linkedin.com/company/applied-energy-systems-inc"", ""https://www.semi.org/en/resources/member-directory/applied-energy-systems-inc""]",,2026-09-30T12:40:00Z,2026-09-30T12:40:00Z,"[""WP-0060""]",Factory Monitoring & Control Systems (FMCS),Gas Handling - Cabinets; Control; Supply Systems,SEMICON West,500.09;401.05;400.09
d:appliedmaterials.com,Applied Materials,applied materials,"[""applied materials"", ""applied materials india pvt""]","[""Applied Materials India Pvt. Ltd."", ""Applied Materials, Inc.""]","Applied Materials, Inc.",https://ir.appliedmaterials.com,appliedmaterials.com,https://www.linkedin.com/company/applied-materials,applied-materials,Santa Clara,US,Americas,"[{""city"": null, ""country"": ""IN"", ""type"": ""subsidiary (Applied Materials India Pvt. Ltd.)""}]",1967,10001+,public,,AMAT,207,207.06,oem,"[""CVD"", ""PVD"", ""etch"", ""CMP"", ""ion implant"", ""inspection"", ""ion implantation"", ""display equipment""]","[""logic"", ""memory"", ""display""]","One of the world's largest semiconductor equipment suppliers, offering materials engineering solutions, equipment, services and software.",complete,0.9,"[""https://www.appliedmaterials.com"", ""https://www.linkedin.com/company/applied-materials"", ""https://ir.appliedmaterials.com/shareholder-services/investor-faqs"", ""https://stockanalysis.com/stocks/amat/company/""]",Website is the investor-relations subdomain (the only appliedmaterials.com URL seen); corporate site is appliedmaterials.com.,2026-09-30T12:15:00Z,2026-09-30T12:40:00Z,"[""WP-0005"", ""WP-0060""]",Process Equipment,Deposition; Chemical Vapor (CVD); MOCVD; PECVD; LPCVD; ALD; REALD; MVD,SEMICON India | SEMICON West,207.06;207.07;207.10;207.02;207.11;203.05
n:applied seals n a,Applied Seals N.A. (ASNA),applied seals n a,"[""applied seals n a"", ""applied seals n a asna"", ""asna""]","[""Applied Seals N.A. Inc. | ASNA"", ""ASNA""]","Applied Seals NA, Inc.",,,https://www.linkedin.com/company/appliedseals,appliedseals,Fremont,US,Americas,[],2009,unknown,private,,,400,400.11,component_supplier,"[""FFKM"", ""perfluoroelastomer O-rings"", ""bonded gate seals"", ""PERFREZ""]","[""semiconductor"", ""pharma"", ""aerospace"", ""solar""]","Fremont, CA provider of semiconductor-grade perfluoroelastomer (FFKM) seals, AS568 and custom O-rings and bonded gate seals.",partial,0.7,"[""https://www.linkedin.com/company/appliedseals"", ""https://www.semi.org/en/resources/member-directory/applied-seals-na-inc-dba-asna"", ""https://www.cbinsights.com/company/asna""]",Company website URL not seen in results.,2026-09-30T12:40:00Z,2026-09-30T12:40:00Z,"[""WP-0060""]","Components, Parts & Accessories",Gaskets; Seals; O rings; Elastomers; Resins,SEMICON West,400.11
d:apsmaterials.com,APS Materials,aps materials,"[""aps materials""]","[""APS Materials, Inc.""]","APS Materials, Inc.",https://apsmaterials.com/about/,apsmaterials.com,https://www.linkedin.com/company/aps-materials-inc,aps-materials-inc,Dayton,US,Americas,"[{""city"": ""Suzhou"", ""country"": ""CN"", ""type"": ""manufacturing""}, {""city"": ""Waterford"", ""country"": ""IE"", ""type"": ""manufacturing""}]",1975,unknown,private,,,307,307.09,service,"[""thermal spray coatings"", ""yttria"", ""plasma spray"", ""HVOF""]","[""semiconductor"", ""biomedical"", ""aerospace""]","Dayton, OH thermal spray coating provider serving semiconductor, biomedical and aerospace, with plants in Suzhou and Waterford.",complete,0.85,"[""https://apsmaterials.com/about/"", ""https://www.linkedin.com/company/aps-materials-inc"", ""https://portal2026.semiconwest.org/co/aps-materials-inc""]",,2026-09-30T12:40:00Z,2026-09-30T12:40:00Z,"[""WP-0060""]",Process Materials,Process Chamber Components; Graphite; Carbon Fiber Carbon (CFC); Pyrolytic Boron Nitride (PBN),SEMICON West,307.09;400.20
d:aquatech.com,Aquatech,aquatech,"[""aquatech"", ""aquatech systems pvt""]","[""Aquatech Systems (Asia) Pvt. Ltd."", ""Aquatech""]",Aquatech International LLC,https://www.aquatech.com/,aquatech.com,https://www.linkedin.com/company/aquatechinternationalcorporation,aquatechinternationalcorporation,Canonsburg,US,Americas,"[{""city"": ""Pune"", ""country"": ""IN"", ""type"": ""manufacturing (Aquatech Systems (Asia) Pvt. Ltd.)""}, {""city"": ""Singapore"", ""country"": ""SG"", ""type"": ""Century Water ultrapure water hub""}]",1981,1001-5000,private,,,500,500.01,service,"[""ultrapure water"", ""PureMOD"", ""Q-SEP ultrafiltration"", ""membranes"", ""wastewater"", ""water reuse"", ""FEDI"", ""membrane filtration""]","[""semiconductor manufacturing"", ""industrial water"", ""semiconductor"", ""pharma"", ""power""]","Canonsburg, PA water technology company providing ultrapure process water and wastewater recycling for semiconductor and other industries.",complete,0.8,"[""https://www.aquatech.com"", ""https://www.aquatech.com/industries/technology/semiconductor-manufacturing"", ""https://www.linkedin.com/company/aquatechinternationalcorporation"", ""https://www.reveliolabs.com/companies/aquatech-international/employees""]","Employee counts vary 950-1,758 by source.",2026-09-30T12:15:00Z,2026-09-30T12:40:00Z,"[""WP-0005"", ""WP-0060""]",Factory Monitoring & Control Systems (FMCS),Chemical; Pure Water; Fluid Handling; Storage; Supply Systems,SEMICON India | SEMICON West,500.01;301.04;500.13;400.08
d:aras.com,Aras,aras,"[""aras""]","[""Aras Corporation""]",Aras Corporation,https://aras.com/,aras.com,https://www.linkedin.com/company/aras-corporation,aras-corporation,Andover,US,Americas,[],2000,501-1000,private,,,602,602.01,software,"[""PLM"", ""Aras Innovator"", ""digital thread""]","[""semiconductor"", ""aerospace"", ""automotive""]","Andover, MA enterprise PLM software vendor; Aras Innovator platform with a semiconductor industry accelerator.",complete,0.85,"[""https://aras.com/en/technology/platform/aras-innovator-product-summary"", ""https://www.linkedin.com/company/aras-corporation"", ""https://en.wikipedia.org/wiki/Aras_Corp""]",Employee counts reported 550-850.,2026-09-30T12:40:00Z,2026-09-30T12:40:00Z,"[""WP-0060""]",Manufacturing Software,CAM or CIM - Computer Aided Manuf'g; Computer Integrated Manuf'g,SEMICON West,602.01;602.03
d:arenasolutions.com,Arena by PTC,arena by ptc,"[""arena by ptc""]","[""Arena by PTC""]",,https://www.arenasolutions.com,arenasolutions.com,https://www.linkedin.com/company/arena-solutions,arena-solutions,Foster City,US,Americas,[],,unknown,subsidiary,PTC,,701,701.16,software,"[""PLM"", ""QMS"", ""BOM management"", ""supply chain intelligence""]","[""electronics"", ""medical devices"", ""semiconductor""]","Cloud-based PLM and QMS platform, acquired by PTC in 2021, used by about 1,500 manufacturers for product development, quality and supply chain collaboration.",complete,0.8,"[""https://www.arenasolutions.com/about/"", ""https://www.linkedin.com/company/arena-solutions"", ""https://www.ptc.com/en/news/2021/ptc-completes-acquisition-arena-solutions""]","HQ city Foster City from prior knowledge, not seen in results.",2026-09-30T12:37:00Z,2026-09-30T12:37:00Z,"[""WP-0061""]",Manufacturing Services or Consulting,Product Development; Software Design; Product Lifecycle Management,SEMICON West,701.16;602.03
d:argal.it,Argal,argal,"[""argal""]","[""Argal srl""]",,https://www.argal.it/Eng/,argal.it,,,Brescia,IT,EMEA,[],1975,unknown,private,,,401,401.15,component_supplier,"[""diaphragm pumps"", ""PTFE pumps"", ""centrifugal pumps""]","[""semiconductor"", ""chemical""]","Italian manufacturer of air-operated diaphragm and centrifugal pumps, including solid-block PTFE pumps for semiconductor use.",partial,0.7,"[""https://www.argal.it/Eng/"", ""https://www.zoominfo.com/c/argal-srl/372528444""]","LinkedIn page not found; ZoomInfo employee count of 11 is unreliable, left unknown.",2026-09-30T12:37:00Z,2026-09-30T12:37:00Z,"[""WP-0061""]",Sub-systems,"Pumps, for Fluids",SEMICON Europa | SEMICON West,401.15
n:ari industries,ARi Industries,ari industries,"[""ari industries""]","[""ARi Industries, Inc.""]","ARi Industries, Inc.",,,https://www.linkedin.com/company/ari-industries-inc.,ari-industries-inc.,Addison,US,Americas,[],,unknown,unknown,,,400,400.12,component_supplier,"[""mineral insulated cable"", ""thermocouples"", ""RTDs"", ""heaters""]","[""semiconductor"", ""aerospace"", ""energy""]","US manufacturer of mineral insulated cable, thermocouples, RTDs and heaters for thermal management, including semiconductor manufacturing.",partial,0.6,"[""https://www.linkedin.com/company/ari-industries-inc."", ""https://www.zoominfo.com/c/ari-industries-inc/1123714906""]",Own website URL not seen in results.,2026-09-30T12:37:00Z,2026-09-30T12:37:00Z,"[""WP-0061""]","Components, Parts & Accessories",Heating elements; coils; insulation; vestibule blocks and other Furnace components,SEMICON West,400.12;203.25;400.23
d:azcommerce.com,Arizona Commerce Authority,arizona commerce authority,"[""arizona commerce authority""]","[""Arizona Commerce Authority""]",,https://www.azcommerce.com,azcommerce.com,https://www.linkedin.com/company/arizona-commerce-authority,arizona-commerce-authority,Phoenix,US,Americas,[],,unknown,government,,,804,804.01,other,"[""economic development"", ""semiconductor ecosystem"", ""CHIPS Act support""]","[""semiconductor""]",Arizona state economic development agency that helps companies locate and expand in Arizona and supports the state's semiconductor investment and research.,complete,0.85,"[""https://www.azcommerce.com/"", ""https://www.linkedin.com/company/arizona-commerce-authority""]",HQ city Phoenix from prior knowledge.,2026-09-30T12:37:00Z,2026-09-30T12:37:00Z,"[""WP-0061""]",Professional Services,Government Advocacy; Regulation; Economic Development Agencies,SEMICON West,804.01
d:arkema.com,Arkema,arkema,"[""arkema""]","[""Arkema Inc.""]",Arkema Inc.,https://www.arkema.com/global/en/markets-solutions/electronics/,arkema.com,,,Paris,FR,EMEA,"[{""city"": null, ""country"": ""US"", ""type"": ""subsidiary""}]",,unknown,public,,,301,301.06,materials,"[""fluoropolymers"", ""PVDF"", ""fluorogases"", ""hydrogen peroxide"", ""polyimide""]","[""semiconductor"", ""electronics""]","Global specialty materials group supplying high-purity fluoropolymers, fluorogases and other materials for semiconductor manufacturing. Arkema Inc. is the US entity.",partial,0.7,"[""https://www.arkema.com/global/en/markets-solutions/electronics/"", ""https://www.semi.org/en/resources/member-directory/arkema-inc""]","Arkema Inc. is the US subsidiary, folded into group Arkema (La Defense, near Paris). LinkedIn not seen. Website URL is the electronics page; group domain is arkema.com.",2026-09-30T12:37:00Z,2026-09-30T12:37:00Z,"[""WP-0061""]",Chemicals & Solids,Other Specialty Chemicals,SEMICON West,301.06;303.04
d:artwork.com,Artwork Conversion Software,artwork conversion software,"[""artwork conversion software""]","[""Artwork Conversion Software""]",,https://www.artwork.com,artwork.com,https://www.linkedin.com/company/artwork-conversion-software,artwork-conversion-software,Santa Cruz,US,Americas,[],1987,unknown,private,,,601,601.01,software,"[""GDSII"", ""Gerber"", ""OASIS"", ""CAD translators"", ""rasterizers""]","[""semiconductor equipment"", ""EDA"", ""PCB""]","Develops CAD translators, viewers and rasterizers for formats such as GDSII, Gerber, OASIS and MEBES, used in wafer inspection and mask writing.",complete,0.85,"[""https://www.artwork.com/profile.htm"", ""https://www.linkedin.com/company/artwork-conversion-software""]",,2026-09-30T12:37:00Z,2026-09-30T12:37:00Z,"[""WP-0061""]",Design Software,CAD - Computer Automated Design,SEMICON West,601.01;603.01
n:arvind envisol,Arvind Envisol,arvind envisol,"[""arvind envisol""]","[""Arvind Envisol Limited""]",Arvind Envisol Limited,,,,,,IN,APAC,[],,unknown,subsidiary,Arvind Limited,,500,500.13,service,"[""water treatment"", ""zero liquid discharge""]",[],,partial,0.4,[],"Search budget exhausted; arvindenvisol.com fetch failed (certificate). Parent and category from background knowledge, unverified.",2026-09-30T12:15:00Z,2026-09-30T12:15:00Z,"[""WP-0005""]",Factory Monitoring & Control Systems (FMCS),Waste Control; Effluent Management Systems (Fluid & Gas; Exhaust Conditioning; Scrubbers),SEMICON India,500.13;500.01
d:asahidia.co.jp,Asahi Diamond Industrial,asahi diamond industrial,"[""asahi diamond industrial"", ""asahi diamond industrial india pvt""]","[""ASAHI DIAMOND INDUSTRIAL INDIA PVT. LTD.""]","Asahi Diamond Industrial Co., Ltd.",https://www.asahidia.co.jp/en/,asahidia.co.jp,https://www.linkedin.com/company/asahi-diamond-industrial-co-ltd,asahi-diamond-industrial-co-ltd,,JP,APAC,"[{""city"": null, ""country"": ""IN"", ""type"": ""subsidiary (Asahi Diamond Industrial India Pvt. Ltd.)""}]",,unknown,public,,,300,300.12,materials,"[""diamond wheels"", ""CBN tools"", ""hub blades"", ""dicing blades"", ""grinding wheels""]","[""semiconductor"", ""industrial machining""]","Japanese maker of diamond and CBN tools, including grinding wheels and hub dicing blades used in semiconductor back-end processing.",complete,0.8,"[""https://www.asahidia.co.jp/en/""]",,2026-09-30T12:15:00Z,2026-09-30T12:15:00Z,"[""WP-0005""]",Packaging and Assembly Materials,Scribe Tools; Saw or Dicing Blades and Accessories,SEMICON India,300.12;307.01
d:asahi-america.com,Asahi/America,asahi america,"[""asahi america""]","[""Asahi/America""]",,https://www.asahi-america.com,asahi-america.com,,,Malden,US,Americas,[],,unknown,unknown,,,400,400.10,component_supplier,"[""thermoplastic valves"", ""actuators"", ""PVDF piping"", ""UHP piping""]","[""semiconductor"", ""water treatment"", ""chemical processing""]","Massachusetts-based maker of thermoplastic corrosion-resistant valves, actuators and piping systems, including UHP PVDF piping for semiconductor fabs.",partial,0.7,"[""https://www.asahi-america.com/"", ""https://www.asahi-america.com/semiconductor/""]",HQ city Malden from prior knowledge; LinkedIn not seen.,2026-09-30T12:37:00Z,2026-09-30T12:37:00Z,"[""WP-0061""]","Components, Parts & Accessories",Flow Control Components - Valves; Meters; Gauges; Regulators; MFC's,SEMICON West,400.10;400.19
n:ascentrade india,Ascentrade India,ascentrade india,"[""ascentrade india"", ""ascentrade india private""]","[""Ascentrade India Private Limited""]",Ascentrade India Private Limited,,,,,Greater Noida,IN,APAC,[],,unknown,private,,,,,other,[],[],"Exhibitor based in Greater Noida, Uttar Pradesh, India. No description of its business was found.",not_found,0.3,"[""https://portal2026.semiconindia.org/co/ascentrade-india-private-limited""]","The SEMICON India portal lists ekosontechnology.com as its website. That site belongs to EKOSON Technology India (Thiruvallur) and does not mention Ascentrade, so the website was left null.",2026-09-30T12:13:40Z,2026-09-30T12:13:40Z,"[""WP-0006""]",,,SEMICON India,
n:asets,ASETS,asets,"[""asets"", ""advanced semiconductor equipment technology singapore""]","[""ASETS Pte. Ltd."", ""Advanced Semiconductor Equipment Technology Singapore Pte. Ltd.""]",Advanced Semiconductor Equipment Technology Singapore Pte. Ltd.,,,,,Singapore,SG,APAC,[],2023,unknown,private,,,700,700.19,service,"[""semiconductor equipment assembly"", ""equipment repair"", ""process R&D lab""]",[],"Singapore company, incorporated in 2023, that sells, assembles and repairs semiconductor equipment under OEM licences and runs a demo and process R&D lab.",partial,0.6,"[""https://semi.org/en/resources/member-directory/advanced-semiconductor-equipment-technology-singapore-pte-ltd"", ""https://silicon-saxony.de/mitglieder/asets-pte-ltd/"", ""https://companieshouse.sg/advanced-semiconductor-equipment-technology-singapore-pte-ltd""]",Could not find a website or LinkedIn page. The company is owned by its management and employees.,2026-09-30T12:13:40Z,2026-09-30T12:13:40Z,"[""WP-0006""]",Manufacturing Services,Repair; Rebuild; Install Equipment; Maintenance Services; Spare Parts,SEMICON Europa | SEMICON India,700.19;804.14
n:asflow,Asflow,asflow,"[""asflow""]","[""Asflow Co., Ltd.""]","ASFLOW Co., LTD.",,,,,Hwaseong,KR,APAC,[],2000,unknown,public,,159010,400,400.19,component_supplier,"[""high-purity gas piping"", ""fittings"", ""valves"", ""regulators"", ""vacuum components""]","[""semiconductor""]","Korean maker of high-purity piping parts, valves and regulators for semiconductor gas lines, expanding into components inside semiconductor equipment.",partial,0.65,"[""https://finance.yahoo.com/quote/159010.KQ/profile/"", ""https://www.thelec.net/news/articleView.html?idxno=14268""]",Website and LinkedIn not seen; listed on KOSDAQ (159010.KQ).,2026-09-30T12:37:00Z,2026-09-30T12:37:00Z,"[""WP-0061""]","Components, Parts & Accessories",Pipe; Tubing; Hose; Flanges; Connectors; Couplings; Plumbing Fittings,SEMICON West,400.19;400.10;400.09
d:aap-tech.com,Asia Air Precision Technology,asia air precision technology,"[""asia air precision technology""]","[""Asia Air Precision Technology Ltd.""]",,https://www.aap-tech.com,aap-tech.com,,,Taoyuan,TW,APAC,[],1989,unknown,private,,,207,207.08,component_supplier,"[""mini-environments"", ""fan filter units"", ""precision sheet metal"", ""cleanroom modules""]","[""semiconductor""]","Taiwanese supplier of equipment mini-environment modules, fan filter units and precision sheet metal for semiconductor equipment and fabs.",partial,0.75,"[""https://www.aap-tech.com/en/about.php"", ""https://www.aap-tech.com/en/product.php""]",LinkedIn not found.,2026-09-30T12:37:00Z,2026-09-30T12:37:00Z,"[""WP-0061""]",Process Equipment,Environmental Enclosures; Minienvironments,SEMICON West,207.08;501.02;400.06
n:asip technologies,ASIP Technologies,asip technologies,"[""asip technologies"", ""advanced system in package technologies""]","[""ADVANCED SYSTEM IN PACKAGE TECHNOLOGIES""]",,,,,,Hyderabad,IN,APAC,"[{""city"": ""Visakhapatnam"", ""country"": ""IN"", ""type"": ""manufacturing""}]",,unknown,private,,,903,903.05,service,"[""OSAT"", ""wire bond"", ""FCBGA"", ""2.5D/3D packaging""]","[""AI"", ""HPC"", ""data center"", ""communications""]",Hyderabad-based OSAT building assembly and test plants in Hyderabad and Visakhapatnam (ISM-approved) with Korean technology partner APACT.,partial,0.6,"[""https://evertiq.com/news/2026-08-04-asip-breaks-ground-on-260-million-osat-facility-in-india"", ""https://evertiq.com/news/55285"", ""https://cxotoday.com/press-release/asips-osat-atmp-project-launched-with-korean-jv/""]",Official website and LinkedIn not found in results.,2026-09-30T12:14:28Z,2026-09-30T12:14:28Z,"[""WP-0002""]",Electronic Components,Components: IDM / Foundries,SEMICON India,903.05;701.01;701.20
d:asm.com,ASM International,asm international,"[""asm international"", ""asm""]","[""ASM""]",ASM International N.V.,https://www.asm.com,asm.com,,,Almere,NL,EMEA,"[{""city"": null, ""country"": ""US"", ""type"": ""regional HQ/R&D""}]",1968,1001-5000,public,,,207,207.06,oem,"[""ALD"", ""epitaxy"", ""PECVD"", ""diffusion""]","[""logic"", ""memory"", ""power""]","Dutch semiconductor equipment maker known for atomic layer deposition, epitaxy, CVD and diffusion tools; US operations centered in Arizona.",complete,0.8,"[""https://en.wikipedia.org/wiki/ASM_International"", ""https://www.asm.com/our-company/asm-in-arizona""]",LinkedIn URL not seen. Input name 'ASM' assumed to be ASM International (booth W5 at SEMICON West).,2026-09-30T12:37:00Z,2026-09-30T12:37:00Z,"[""WP-0061""]",Process Equipment,Deposition; Chemical Vapor (CVD); MOCVD; PECVD; LPCVD; ALD; REALD; MVD,SEMICON West,207.06;207.09;207.17
d:asmltd.com,ASM Technologies,asm technologies,"[""asm technologies""]","[""ASM Technologies LTD""]",ASM Technologies Limited,https://www.asmltd.com,asmltd.com,https://www.linkedin.com/company/asm-technologies,asm-technologies,Bengaluru,IN,APAC,"[{""city"": null, ""country"": ""SG"", ""type"": ""office""}, {""city"": null, ""country"": ""US"", ""type"": ""office""}, {""city"": null, ""country"": ""GB"", ""type"": ""office""}, {""city"": null, ""country"": ""CA"", ""type"": ""office""}, {""city"": null, ""country"": ""MX"", ""type"": ""office""}, {""city"": null, ""country"": ""JP"", ""type"": ""office""}, {""city"": ""Dabaspet"", ""country"": ""IN"", ""type"": ""manufacturing""}, {""city"": ""Sriperumbudur"", ""country"": ""IN"", ""type"": ""manufacturing""}]",1992,unknown,public,,,701,701.07,service,"[""engineering services"", ""product R&D"", ""vacuum chambers"", ""robotics"", ""gas flow systems"", ""design-led manufacturing""]","[""semiconductor equipment""]","Bengaluru-based engineering services and product R&D company, listed since 1994, focused on semiconductor equipment design, prototyping and design-led manufacturing.",complete,0.85,"[""https://www.asmltd.com/about-us"", ""https://www.semi.org/en/resources/member-directory/asm-technologies-ltd""]",Listed on the BSE. The ticker was not verified.,2026-09-30T12:13:40Z,2026-09-30T12:13:40Z,"[""WP-0006""]",Manufacturing Services or Consulting,"Equipment; Hardware; Product Design, Integration and Manufacturing",SEMICON India,701.07;701.16;701.17
d:asm-hhv.com,ASM-HHV Engineering,asm hhv engineering,"[""asm hhv engineering"", ""asm hhv engineering private""]","[""ASM HHV ENGINEERING PRIVATE LIMITED""]",ASM HHV Engineering Private Limited,https://www.asm-hhv.com,asm-hhv.com,,,Bengaluru,IN,APAC,[],,unknown,subsidiary,Joint venture of ASM Technologies Ltd and Hind High Vacuum (HHV),,701,701.07,component_supplier,"[""build-to-print"", ""contract manufacturing"", ""sub-systems"", ""prototyping"", ""vacuum""]","[""semiconductor equipment"", ""solar PV""]","Joint venture of ASM Technologies and Hind High Vacuum. It provides design-led manufacturing of tools, sub-systems and components for the semiconductor and solar PV equipment industries.",complete,0.75,"[""https://portal2026.semiconindia.org/co/asm-hhv-engineering-private-limited"", ""https://www.iisc.ac.in/events/asm-hhv-engineering-joins-the-industry-affiliate-program-iap-of-the-centre-for-nano-science-and-engineering-cense-iisc/""]",No LinkedIn page was found.,2026-09-30T12:13:40Z,2026-09-30T12:13:40Z,"[""WP-0006""]",Manufacturing Services or Consulting,"Equipment; Hardware; Product Design, Integration and Manufacturing",SEMICON India,701.07;400.24;700.12
d:asml.com,ASML,asml,"[""asml"", ""asml technology taiwan""]","[""ASML Technology Taiwan Ltd""]",ASML Holding N.V.,https://www.asml.com,asml.com,,,Veldhoven,NL,EMEA,"[{""city"": null, ""country"": ""TW"", ""type"": ""subsidiary""}]",1984,10001+,public,,ASML,207,207.13,oem,"[""EUV lithography"", ""DUV lithography"", ""metrology"", ""inspection""]","[""logic"", ""memory""]","Dutch supplier of photolithography systems, including EUV scanners, for semiconductor manufacturing. Headquartered in Veldhoven.",partial,0.75,"[""https://en.wikipedia.org/wiki/ASML_Holding"", ""https://semi.org/en/resources/member-directory/asml-netherlands-bv""]","The printed name is the Taiwan subsidiary, folded into the group record. The asml.com domain did not appear in a search result, and LinkedIn was not verified.",2026-09-30T12:13:40Z,2026-09-30T12:13:40Z,"[""WP-0006""]",Process Equipment,Lithography; Exposure; Aligners; Direct Write Systems; Steppers; Scanners; Nanoimprint,SEMICON India,207.13;203.18;203.13;602.06
d:asmpt.com,ASMPT,asmpt,"[""asmpt"", ""asmpt singapore""]","[""ASMPT Singapore""]",ASMPT Limited,https://www.asmpt.com,asmpt.com,https://www.linkedin.com/company/asmpt,asmpt,Singapore,SG,APAC,"[{""city"": ""Singapore"", ""country"": ""SG"", ""type"": ""subsidiary""}]",1975,10001+,public,,HKEX:0522,200,200.09,oem,"[""die bonding"", ""wire bonding"", ""advanced packaging"", ""SMT placement""]","[""semiconductor packaging"", ""electronics manufacturing""]",Global supplier of hardware and software for semiconductor assembly and packaging and for SMT electronics manufacturing. Formerly ASM Pacific Technology and listed on HKEX (0522).,complete,0.9,"[""https://www.asmpt.com/en/news/asmpt-marks-latest-milestone-with-global-rebrand"", ""https://linkedin.com/company/asmpt"", ""https://uk.finance.yahoo.com/quote/ASMVY/profile""]","The printed name is ASMPT Singapore Pte Ltd, folded into ASMPT Limited.",2026-09-30T12:13:40Z,2026-09-30T12:13:40Z,"[""WP-0006""]",Packaging and Assembly Equipment,Die Bonding; Attach Equipment,SEMICON India,200.09;200.28;200.11;200.18;200.16
d:gov.in,Assam Industrial Development Corporation (AIDC),assam industrial development,"[""assam industrial development"", ""andhra pradesh economic development board"", ""andhra pradesh economic development board govt of andhra pradesh"", ""gujarat state electronics mission"", ""government of telangana"", ""department of industries government of bihar"", ""department of industries govt of bihar"", ""bihar department of industries"", ""bihar semiconductor mission"", ""karnataka innovation and technology society"", ""karnataka innovation and technology society government of karnataka"", ""kits"", ""k tech"", ""mpsedc"", ""madhya pradesh state electronics development"", ""m p state electronics development""]","[""Assam Industrial Development Corporation Limited (Government of Assam)"", ""Andhra Pradesh Economic Development Board - Govt of Andhra Pradesh"", ""Gujarat State Electronics Mission"", ""Government of Telangana"", ""Department of Industries, Govt. of Bihar"", ""Bihar Department of Industries"", ""Bihar Semiconductor Mission"", ""Karnataka Innovation and Technology Society, Government of Karnataka"", ""KITS"", ""K-tech"", ""Madhya Pradesh State Electronics Development Corporation (MPSEDC)"", ""M.P. State Electronics Development Corporation Ltd"", ""MPSeDC""]",Madhya Pradesh State Electronics Development Corporation Limited,https://mpsedc.mp.gov.in,gov.in,https://in.linkedin.com/company/mpsedc,governmentoftelangana,Bhopal,IN,APAC,[],1983,501-1000,government,Government of Madhya Pradesh,,804,804.01,other,"[""industrial promotion"", ""investment facilitation"", ""land allotment"", ""investment promotion"", ""semiconductor policy"", ""economic development"", ""incentives"", ""ESDM"", ""state investment promotion"", ""electronics policy"", ""semiconductor incentives"", ""ITE&C department"", ""state industrial policy"", ""semiconductor policy 2026"", ""capital subsidy"", ""startup incentives"", ""ESDM policy"", ""innovation ecosystem"", ""incubation"", ""state IT infrastructure"", ""ESDM promotion"", ""e-governance"", ""State Data Centre""]","[""semiconductor manufacturing"", ""electronics"", ""logic"", ""electronics manufacturing"", ""display"", ""semiconductor"", ""biotechnology"", ""IT"", ""government"", ""ESDM"", ""IT services""]","Government of Madhya Pradesh undertaking that promotes IT, ITeS and ESDM investment in the state and runs its e-governance infrastructure, including the State Data Centre and SWAN.",complete,0.83,"[""https://aidcltd.assam.gov.in/node/88961"", ""https://apedb.gov.in"", ""https://weforum.org/organizations/apedb"", ""https://www.thenewsminute.com/andhra-pradesh/andhra-govt-signs-14000-cr-semiconductor-deal-with-japanese-firm"", ""https://dst.gujarat.gov.in/Home/GujaratStateElectronicsMission"", ""https://www.electronicsforu.com/technology-trends/we-are-one-of-indias-very-few-state-bodies-to-manage-the-entire-industry-lifecycle-from-approvals-to-subsidies-manish-gurwani-ias-mission-director-gsem"", ""https://www.telangana.gov.in"", ""https://www.linkedin.com/company/governmentoftelangana"", ""https://en.wikipedia.org/wiki/Government_of_Telangana"", ""https://betastate.bihar.gov.in/industries/DyPageView?PageTitleID=1441"", ""https://www.drishtiias.com/state-pcs-current-affairs/bihar-unveils-semiconductor-policy-2026"", ""https://patnapress.com/bihar-semiconductor-investment-semicon-india-2026/"", ""http://k-tech.org/about-kits/"", ""https://www.ifciltd.com/?q=en/content/kits"", ""https://www.crunchbase.com/organization/karnataka-innovation-and-technology-society"", ""https://mpsedc.mp.gov.in"", ""https://in.linkedin.com/company/mpsedc""]","Investment-promotion / economic development agency, not a product vendor.",2026-09-30T12:13:40Z,2026-09-30T12:27:00Z,"[""WP-0006"", ""WP-0005"", ""WP-0020"", ""WP-0019-R2"", ""WP-0013-R2"", ""WP-0026-R2"", ""WP-0030-R2""]",Professional Services,Government Advocacy; Regulation; Economic Development Agencies,SEMICON India | SEMICON India | SEMICON India | SEMICON India | SEMICON India | SEMICON India | SEMICON India,804.01;805.02;802.01;803.02;800.01;804.03;804.08
n:astec valves and fittings,Astec Valves & Fittings,astec valves and fittings,"[""astec valves and fittings"", ""astec valves and fittings pvt""]","[""Astec Valves & Fittings Pvt. Ltd.""]",Astec Valves & Fittings Pvt. Ltd.,,,,,Mumbai,IN,APAC,"[{""city"": ""Vasai East, Palghar"", ""country"": ""IN"", ""type"": ""manufacturing""}]",1987,51-200,private,,,400,400.10,component_supplier,"[""needle valves"", ""ball valves"", ""manifolds"", ""DBB valves"", ""tube fittings"", ""sampling systems""]","[""oil & gas"", ""petrochemical"", ""power"", ""chemical""]","Mumbai-based maker of instrumentation valves, tube and pipe fittings, manifolds and sampling systems, mainly for process industries.",partial,0.6,"[""https://enggpro.com/company/astec-valves-fittings-pvt-ltd"", ""https://lng2026.com/exhibitors/astec-valves-fittings-pvt""]","Search results mention astecflow.com as the website, but it was not verified, so the website was left null. The founding year is 1987 in one source and 1965 in another. The employee range comes from a third-party summary.",2026-09-30T12:13:40Z,2026-09-30T12:13:40Z,"[""WP-0006""]","Components, Parts & Accessories",Flow Control Components - Valves; Meters; Gauges; Regulators; MFC's,SEMICON India,400.10;400.19
d:asterionsemitech.com,Asterion Semitech,asterion semitech,"[""asterion semitech"", ""asterion semitech private""]","[""Asterion Semitech Private Limited""]",Asterion Semitech Private Limited,https://asterionsemitech.com,asterionsemitech.com,,,Bengaluru,IN,APAC,[],,unknown,private,,,,,other,[],[],"Bengaluru-based company exhibiting at SEMICON India. Its website is under construction, and no description of its business was found.",partial,0.4,"[""https://portal2026.semiconindia.org/co/asterion-semitech-private-limited"", ""https://asterionsemitech.com/""]",The website is a placeholder page. No category could be assigned.,2026-09-30T12:13:40Z,2026-09-30T12:13:40Z,"[""WP-0006""]",,,SEMICON India,
d:astro-plasma.com,Astro Plasma,astro plasma,"[""astro plasma"", ""astro plasma private""]","[""Astro Plasma Private Limited""]",Astro Plasma Private Limited,https://www.astro-plasma.com,astro-plasma.com,,,Singapore,SG,APAC,[],2010,unknown,private,,,207,207.10,oem,"[""microwave plasma cleaner"", ""2.45GHz plasma"", ""plasma descum"", ""resist strip"", ""ASTRO PACTO""]","[""wafer fab"", ""advanced packaging""]",Singapore-headquartered maker of 2.45 GHz microwave plasma cleaning and stripping systems for wafer fabrication and chip packaging. Founded in 2010.,complete,0.7,"[""https://portal2026.semiconindia.org/co/astro-plasma-private-limited"", ""https://www.astro-plasma.com""]",No LinkedIn page was found. The website shows placeholder contact details.,2026-09-30T12:13:40Z,2026-09-30T12:13:40Z,"[""WP-0006""]",Process Equipment,Etching; Stripping; Ashing - Dry and Wet Equipment,SEMICON India,207.10;200.04;207.03
n:atantri communications,Atantri Communications,atantri communications,"[""atantri communications"", ""atantri communications pvt""]","[""Atantri Communications Pvt Ltd""]",Atantri Communications Pvt Ltd,,,,,,IN,APAC,[],,unknown,private,,,,,other,[],[],,not_found,0.1,[],No web presence found in 3 searches; country inferred from 'Pvt Ltd' and event.,2026-09-30T12:14:00Z,2026-09-30T12:14:00Z,"[""WP-0007""]",,,SEMICON India,
n:atco atmospheric and speciality gases,ATCO Atmospheric and Speciality Gases,atco atmospheric and speciality gases,"[""atco atmospheric and speciality gases"", ""atco atmoshperic and specilaity gases""]","[""ATCO ATMOSHPERIC AND SPECILAITY GASES""]",ATCO Atmospheric And Speciality Gases Private Limited,,,,,Ahmedabad,IN,APAC,[],1999,11-50,private,,,303,303.07,materials,"[""specialty gases"", ""gas mixtures"", ""boron trifluoride"", ""silane"", ""neon"", ""krypton"", ""xenon"", ""refrigerant gases""]","[""semiconductor"", ""pharmaceutical"", ""industrial""]","Ahmedabad-based manufacturer and trader of industrial, medical, specialty and rare gases including BF3, silane, neon, krypton and xenon.",partial,0.6,"[""https://m.indiamart.com/atcotrading/profile.html"", ""https://m.indiamart.com/atcotrading/silane-gas.html""]",No standalone website or LinkedIn found; only IndiaMART profile. Employee count 26-50 per IndiaMART.,2026-09-30T12:14:00Z,2026-09-30T12:14:00Z,"[""WP-0007""]",Gases,Other Specialty; Mixed Gas,SEMICON India,303.07;303.09;303.02;303.11
d:atlascopco.com,Atlas Copco,atlas copco,"[""atlas copco"", ""atlas copco india private""]","[""Atlas Copco India Private Limited""]",Atlas Copco AB,https://www.atlascopco.com,atlascopco.com,,,Nacka,SE,EMEA,"[{""city"": ""Pune"", ""country"": ""IN"", ""type"": ""subsidiary""}]",1873,10001+,public,,ATCO-A,401,401.16,component_supplier,"[""vacuum pumps"", ""abatement"", ""compressors"", ""gas generators"", ""industrial tools""]","[""semiconductor"", ""scientific research"", ""healthcare"", ""manufacturing""]",Swedish industrial group; its Vacuum Technique business area supplies vacuum pumps and abatement systems to semiconductor fabs. Indian subsidiary registered in Pune.,complete,0.75,"[""https://www.atlascopco.com/en-in""]","Web search budget exhausted; group facts (HQ Nacka, founded 1873, ticker, size) from general knowledge not verified in-session. LinkedIn URL not seen, left null. Local entity: Atlas Copco (India) Pvt Ltd, Pune.",2026-09-30T12:14:30Z,2026-09-30T12:14:30Z,"[""WP-0007""]",Sub-systems,"Pumps, Vacuum",SEMICON India,401.16;500.13;500.08;401.17
d:atsautomation.com,ATS Corporation,ats,"[""ats"", ""automated tooling systems india pvt""]","[""Automated Tooling Systems India Pvt. Ltd""]",ATS Corporation,https://www.atsautomation.com,atsautomation.com,,,Cambridge,CA,Americas,"[{""city"": null, ""country"": ""IN"", ""type"": ""subsidiary""}]",1978,5001-10000,public,,ATS,701,701.02,oem,"[""factory automation"", ""automated assembly systems"", ""test systems""]","[""life sciences"", ""transportation"", ""energy"", ""consumer products""]","Global automation and technology company building automated manufacturing and assembly systems for life sciences, transportation, energy and consumer product markets.",complete,0.6,"[""https://www.atsautomation.com""]","Web search budget exhausted; HQ Cambridge (Ontario), founding year, ticker and size from general knowledge, not verified in-session. Indian subsidiary city unknown. LinkedIn not seen.",2026-09-30T12:15:00Z,2026-09-30T12:15:00Z,"[""WP-0007""]",Manufacturing Services or Consulting,Automation & Robotics,SEMICON India,701.02;701.10;502.02
n:avant garde cleanroom and engg solutions,Avant Garde Cleanroom & Engg. Solutions,avant garde cleanroom and engg solutions,"[""avant garde cleanroom and engg solutions"", ""avant garde cleanroom and engg solutions pvt""]","[""AVANT GARDE CLEANROOM & ENGG. SOLUTIONS PVT LTD""]",Avant Garde Cleanroom & Engg. Solutions Pvt Ltd,,,,,,IN,APAC,[],,unknown,private,,,501,501.01,service,"[""cleanroom""]",[],,partial,0.3,[],Web search budget exhausted before research; category inferred from company name only.,2026-09-30T12:15:00Z,2026-09-30T12:15:00Z,"[""WP-0007""]","HVAC, Temperature, Humidity, Contamination Control",Clean Rooms,SEMICON India,501.01;701.05
n:avcon technics,Avcon Technics,avcon technics,"[""avcon technics"", ""avcon technics pvt"", ""avcon technics private""]","[""Avcon Technics Pvt Ltd"", ""Avcon Technics Private Limited""]",Avcon Technics Private Limited,https://avcontechnics.com,avcontechnics.com,https://www.linkedin.com/company/avcon-technics-private-limited,avcon-technics-private-limited,Pune,IN,APAC,[],1992,201-500,private,,,701,701.09,service,"[""epoxy flooring"", ""cleanroom flooring"", ""construction chemicals"", ""cementitious screeds"", ""concrete floor repair""]","[""cleanroom"", ""pharmaceutical"", ""industrial""]","Pune-based ISO 9001:2015 certified provider of industrial and cleanroom flooring systems (epoxy, PU, terrazzo) and dry-mix construction chemicals, with in-house floor design and installation.",complete,0.85,"[""https://avcontechnics.com/contact-us/"", ""https://www.linkedin.com/company/avcon-technics-private-limited"", ""https://www.indiamart.com/avcontechnics/about-us.html"", ""https://www.zaubacorp.com/company/AVCON-TECHNICS-PRIVATE-LIMITED/U51909MH1994PTC079912""]",Exhibits as fab/cleanroom flooring contractor rather than a semiconductor supplier. Incorporated 1994 per MCA records; brand claims 1992 founding. Secondary domain avcontechnics.co.in also active.,2026-09-30T12:15:00Z,2026-09-30T12:26:00Z,"[""WP-0007"", ""WP-0007-R2""]",Manufacturing Services or Consulting,Facility Design; Construction; Architectural,SEMICON India,701.09;501.01;301.10
d:axiro.com,Axiro Semiconductor,axiro semiconductor,"[""axiro semiconductor"", ""axiro semiconductor private""]","[""Axiro Semiconductor Private Limited""]",Axiro Semiconductor Pvt Ltd,https://www.axiro.com,axiro.com,,,,IN,APAC,[],,unknown,subsidiary,Murugappa Group (CG),,903,903.10,fab_idm,"[""RF"", ""mmWave"", ""amplifiers"", ""mixers"", ""switches"", ""beamformers"", ""modulators""]","[""5G"", ""satellite communications"", ""aerospace & defense"", ""fixed wireless access""]","Indian RF and mmWave semiconductor company offering amplifiers, mixers, switches, beamformers and modulators; owned by the Murugappa Group (CG).",partial,0.7,"[""https://www.axiro.com""]",HQ city not confirmed; LinkedIn not found (search budget exhausted). value_chain_role fab_idm is approximate (fabless).,2026-09-30T12:15:00Z,2026-09-30T12:15:00Z,"[""WP-0007""]",Electronic Components,Design: Fabless,SEMICON India,903.10;903.04
d:azelis.com,Azelis,azelis,"[""azelis"", ""azelis private""]","[""AZELIS (INDIA) PRIVATE LIMITED""]",Azelis Group NV,https://www.azelis.com,azelis.com,,,Antwerp,BE,EMEA,"[{""city"": null, ""country"": ""IN"", ""type"": ""subsidiary""}]",,1001-5000,public,,AZE,801,801.03,distributor,"[""specialty chemicals distribution"", ""formulation"", ""electronics chemicals""]","[""electronics"", ""life sciences"", ""industrial chemicals""]","Global specialty chemicals and food ingredients distributor with 4,100+ employees in 64 countries, including an electronics market segment.",complete,0.7,"[""https://www.azelis.com""]",HQ Antwerp and ticker from general knowledge (search budget exhausted). LinkedIn not seen.,2026-09-30T12:15:00Z,2026-09-30T12:15:00Z,"[""WP-0007""]",Distribution and Logistics,"Distribution, Warehousing, 3rd Party Logistics Providers (3PL)",SEMICON India,801.03;301.06;804.14
n:baba fine chemicals,Baba Fine Chemicals,baba fine chemicals,"[""baba fine chemicals"", ""bfc""]","[""BABA FINE CHEMICALS"", ""Baba Fine Chemicals"", ""BFC""]",,https://www.babafinechemicals.com,babafinechemicals.com,,,Greater Noida,IN,APAC,[],,unknown,subsidiary,Ami Organics Limited,,301,301.07,materials,"[""photoresist intermediates"", ""anti-reflective coatings"", ""photo acid generators"", ""MOD conductive inks"", ""silver copper gold platinum inks"", ""custom synthesis""]","[""logic"", ""advanced packaging"", ""pharmaceutical""]","Greater Noida specialty chemicals maker supplying semiconductor electronic-chemical intermediates (photoresists, anti-reflective coatings, photo acid generators) and metal-organic conductive inks, plus pharma intermediates and custom synthesis.",complete,0.8,"[""https://www.babafinechemicals.com/"", ""https://www.babafinechemicals.com/electronic-materials-industry.php"", ""https://www.indianchemicalnews.com/chemical/ami-organics-forays-into-the-semiconductor-industry-17217"", ""https://www.indiamart.com/baba-fine-chemicals/aboutus.html""]","Ami Organics acquired a 55% majority stake in April 2023. Founding year conflicts across sources (site implies ~25 years, CB Insights says 2010) so left null. Second domain babafine.com did not resolve at research time. LinkedIn page not confirmed.",2026-09-30T12:15:00Z,2026-09-30T12:31:00Z,"[""WP-0007"", ""WP-0007-R2""]",Chemicals & Solids,Photo Resist; Developers & Ancillaries (incl. Adhesion promoter (HMDS); Primer; Anti-Reflective Coat,SEMICON India,301.06;301.07;901.24;300.16
n:bangalore refinery,Bangalore Refinery,bangalore refinery,"[""bangalore refinery"", ""bangalore refinery pvt"", ""brpl""]","[""Bangalore Refinery Pvt Ltd.,"", ""Bangalore Refinery (P) Ltd."", ""BRPL""]",Bangalore Refinery Private Limited,https://www.bangalorerefinery.com,bangalorerefinery.com,https://www.linkedin.com/company/blr-refinery,blr-refinery,Bengaluru,IN,APAC,[],1977,51-200,private,,,307,307.07,materials,"[""precious metal chemicals"", ""ENIG plating chemicals"", ""gold silver refining"", ""catalysts"", ""e-waste metal recovery"", ""analytical services""]","[""electronics"", ""PCB"", ""jewellery"", ""pharmaceutical"", ""automotive catalysts""]","Bengaluru precious-metal refiner and India's largest precious-metal electroplating chemical maker, supplying plating chemicals (including ENIG), catalysts and analytical services, and recovering metals from e-waste and spent catalyst.",complete,0.85,"[""https://www.bangalorerefinery.com/pages/about-us"", ""https://www.bangalorerefinery.com/pages/chemicals"", ""https://in.linkedin.com/company/blr-refinery"", ""https://www.indiamart.com/bangalore-refinery/profile.html""]","RMI-conformant gold smelter, NABL-accredited lab. Electronics exposure is plating chemistry and precious-metal recovery rather than front-end fab materials. Employee count ~60 per company profile.",2026-09-30T12:15:00Z,2026-09-30T12:34:00Z,"[""WP-0007"", ""WP-0007-R2""]",Process Materials,Plating Materials,SEMICON India,307.07;301.06;700.18;700.08
n:bergen systems,Bergen Systems,bergen systems,"[""bergen systems"", ""bergen systems pvt""]","[""Bergen Systems Pvt. Ltd.""]",Bergen Systems Private Limited,,,,,Gurgaon,IN,APAC,"[{""city"": ""Pune"", ""country"": ""IN"", ""type"": ""office""}]",1988,11-50,private,,,804,804.14,distributor,"[""SMT machines"", ""wave soldering"", ""probe stations"", ""rework stations"", ""PV equipment""]","[""electronics"", ""semiconductor packaging"", ""solar""]","Indian distributor/representative of SMT, soldering, test/inspection and back-end semiconductor packaging equipment; part of Bergen Group (since 1983).",partial,0.6,"[""https://www.instafinancials.com/company/bergen-systems-private-limited/U74899DL1988PTC030660"", ""https://www.semi.org/en/resources/member-directory/bergen-systems-pvt-ltd"", ""https://m.indiamart.com/bergen-systems/profile.html""]",Official website and LinkedIn not found in results.,2026-09-30T12:13:09Z,2026-09-30T12:13:09Z,"[""WP-0008""]",Professional Services,Sales; Manufacturers Representation or Distributors,SEMICON India,804.14;200.24;208.19
d:besi.com,Besi,besi,"[""besi"", ""besi singapore""]","[""Besi Singapore Pte. Ltd.""]",BE Semiconductor Industries N.V.,https://www.besi.com,besi.com,,,Duiven,NL,EMEA,"[{""city"": ""Singapore"", ""country"": ""SG"", ""type"": ""subsidiary""}]",,unknown,public,,BESI,200,200.09,oem,"[""die attach"", ""flip chip"", ""hybrid bonding"", ""molding"", ""plating""]","[""electronics"", ""mobile"", ""computer"", ""automotive"", ""industrial"", ""LED"", ""solar""]","Supplier of semiconductor assembly equipment (die attach, packaging, plating) for leadframe, substrate and wafer-level packaging; listed on Euronext Amsterdam.",complete,0.75,"[""https://www.besi.com/company/company-profile/"", ""https://www.semi.org/en/resources/member-directory/besi-be-semiconductor-industries-nv""]",LinkedIn page not seen in results. Singapore entity folded into group record.,2026-09-30T12:13:37Z,2026-09-30T12:13:37Z,"[""WP-0008""]",Packaging and Assembly Equipment,Die Bonding; Attach Equipment,SEMICON India,200.09;200.18;200.21;200.11;200.26
d:bharatforge.com,Bharat Forge,bharat forge,"[""bharat forge""]","[""Bharat Forge Limited""]",Bharat Forge Limited,https://www.bharatforge.com,bharatforge.com,https://in.linkedin.com/company/bharat-forge-ltd,bharat-forge-ltd,Pune,IN,APAC,[],,unknown,public,Kalyani Group,,400,400.20,component_supplier,"[""forgings"", ""precision components"", ""lithography machine parts"", ""servers""]","[""automotive"", ""aerospace"", ""semiconductor equipment"", ""energy""]","Indian forging and precision engineering group (Kalyani Group) expanding into semiconductors, including manufacturing parts for lithography equipment.",complete,0.8,"[""https://www.bharatforge.com"", ""https://www.businesstoday.in/amp/latest/corporate/story/bharat-forge-semiconductors-baba-kalyani-major-chip-orders-lithography-parts-project-536269-2026-06-11""]",founded_year uncertain (site references 60 years); ticker not recorded.,2026-09-30T12:13:37Z,2026-09-30T12:13:37Z,"[""WP-0008""]","Components, Parts & Accessories",Raw Material & Custom components; Metal,SEMICON India,400.20;700.12
d:bharatsemitech.com,Bharat Semitech,bharat semitech,"[""bharat semitech"", ""bharat semitech pvt""]","[""Bharat Semitech Pvt LTd""]",,https://www.bharatsemitech.com,bharatsemitech.com,,,Mumbai,IN,APAC,[],,unknown,private,,,203,203.05,oem,"[""wafer inspection"", ""metrology"", ""automation"", ""predictive maintenance""]","[""semiconductor fabs""]","Mumbai-based semiconductor equipment company offering wafer inspection, metrology, automation and predictive maintenance solutions, in partnership with Applied Instruments (Singapore).",complete,0.7,"[""https://www.bharatsemitech.com""]",LinkedIn not found; web search budget exhausted.,2026-09-30T12:14:23Z,2026-09-30T12:14:23Z,"[""WP-0008""]",Inspection & Measurement Products,"Defect; Particle; Bump; Contamination Detection, Review or Inspection",SEMICON India,203.05;203.26;502.02
d:bharatammechatronics.com,Bharatam Mechatronics,bharatam mechatronics,"[""bharatam mechatronics"", ""bharatam mechatronics private""]","[""Bharatam Mechatronics Private Limited""]",Bharatam Mechatronics Private Limited,https://www.bharatammechatronics.com,bharatammechatronics.com,https://www.linkedin.com/company/bharatammechatronics/,bharatammechatronics,New Delhi,IN,APAC,"[{""city"": ""Noida"", ""country"": ""IN"", ""type"": ""corporate""}]",2014,unknown,private,,,701,701.07,service,"[""test systems"", ""special purpose machines"", ""leak test benches"", ""data acquisition""]","[""industrial"", ""aviation"", ""electronics""]","Indian engineering firm building custom turnkey test systems, special purpose machines, leak test benches and data acquisition systems.",complete,0.8,"[""https://www.bharatammechatronics.com""]",,2026-09-30T12:14:23Z,2026-09-30T12:14:23Z,"[""WP-0008""]",Manufacturing Services or Consulting,"Equipment; Hardware; Product Design, Integration and Manufacturing",SEMICON India,701.07;203.12;401.02;701.02
d:bhorukaspecialtygases.com,Bhoruka Specialty Gases,bhoruka specialty gases,"[""bhoruka specialty gases"", ""bhoruka specialty gases private""]","[""BHORUKA SPECIALTY GASES PRIVATE LIMITED""]",Bhoruka Specialty Gases Pvt Ltd,https://www.bhorukaspecialtygases.com,bhorukaspecialtygases.com,https://www.linkedin.com/company/bhoruka-specialty-gases-pvt-ltd/,bhoruka-specialty-gases-pvt-ltd,Bangalore,IN,APAC,[],,unknown,private,Bhoruka Group / SOL Group (joint venture),,303,303.07,materials,"[""high-purity gases"", ""specialty gases"", ""calibration gas mixtures"", ""ammonia"", ""hydrogen""]","[""industrial"", ""semiconductor""]",Bangalore-based manufacturer of ultra-high-purity specialty and calibration gases; joint venture of Bhoruka Group and SOL Group.,complete,0.8,"[""https://www.bhorukaspecialtygases.com""]",,2026-09-30T12:14:38Z,2026-09-30T12:14:38Z,"[""WP-0008""]",Gases,Other Specialty; Mixed Gas,SEMICON India,303.07;303.08;303.01
d:bigprosolution.com,BigPro Solution,bigpro solution,"[""bigpro solution"", ""bigprosolution pvt""]","[""Bigprosolution PVT LTD""]",BigPro Solution Pvt. Ltd.,https://www.bigprosolution.com,bigprosolution.com,,,Bengaluru,IN,APAC,[],2026,unknown,private,,,701,701.20,service,"[""MIL-STD-883 testing"", ""failure analysis"", ""qualification"", ""validation""]","[""defense"", ""space"", ""automotive""]","Bengaluru-based provider of semiconductor testing, MIL-STD-883 qualification and failure analysis services for defense, space and automotive electronics.",complete,0.7,"[""https://www.bigprosolution.com""]",founded_year inferred from CIN U62020KA2026PTC215252. LinkedIn not found.,2026-09-30T12:14:51Z,2026-09-30T12:14:51Z,"[""WP-0008""]",Manufacturing Services or Consulting,Test Services or Consulting,SEMICON India,701.20;700.08;700.04
d:bisinfotech.com,Bisinfotech,bisinfotech,"[""bisinfotech"", ""bis infotech""]","[""BIS INFOTECH""]",,https://www.bisinfotech.com,bisinfotech.com,,,,IN,APAC,[],,unknown,unknown,,,804,804.12,other,"[""electronics news"", ""media"", ""white papers""]","[""electronics"", ""semiconductor""]","Indian digital media platform covering electronics and semiconductor news, products and industry analysis.",partial,0.65,"[""https://www.bisinfotech.com""]",HQ city and LinkedIn not found.,2026-09-30T12:14:38Z,2026-09-30T12:14:38Z,"[""WP-0008""]",Professional Services,Publications or Magazines; Printing,SEMICON India,804.12
n:bmt,BMT,bmt,"[""bmt""]","[""BMT Co., Ltd.""]","BMT Co., Ltd.",https://www.superlok.com,superlok.com,https://www.linkedin.com/company/bmt-co.-ltd-korea-brand-superlok-,bmt-co.-ltd-korea-brand-superlok-,Busan,KR,APAC,[],1988,201-500,public,,,400,400.19,component_supplier,"[""instrumentation tube fittings"", ""UHP fittings"", ""needle and ball valves"", ""manifold valves"", ""regulators""]","[""semiconductor"", ""oil and gas"", ""shipbuilding"", ""petrochemical"", ""aerospace""]","Korean manufacturer of instrumentation tube fittings, valves and regulators under the Superlok brand, founded 1988, with a UHP series aimed at semiconductor and display fabs.",complete,0.85,"[""https://www.superlok.com/eng/"", ""https://www.superlok.com/eng/index.php?pCode=location"", ""https://www.linkedin.com/company/bmt-co.-ltd-korea-brand-superlok-/"", ""https://www.bmtsuperlok.com/""]",Brand name Superlok; corporate site superlok.com. bmtsuperlok.com is a US distribution storefront.,2026-09-30T12:16:10Z,2026-09-30T12:26:00Z,"[""WP-0008"", ""WP-0008-R2""]","Components, Parts & Accessories",Pipe; Tubing; Hose; Flanges; Connectors; Couplings; Plumbing Fittings,SEMICON Europa | SEMICON India | SEMICON West,400.19;400.10;500.01
d:brain-domain.com,Brain Domain,brain domain,"[""brain domain""]","[""Brain Domain Pte Ltd""]",,https://www.brain-domain.com,brain-domain.com,https://www.linkedin.com/company/brain-domain/,brain-domain,Singapore,SG,APAC,[],2005,unknown,private,,,701,701.20,service,"[""assembly"", ""testing"", ""consulting"", ""equipment"", ""spares"", ""training""]","[""semiconductor""]","Singapore semiconductor partner offering assembly, test and consulting services, equipment/materials/spares supply, and education and certification.",complete,0.8,"[""https://www.brain-domain.com""]",,2026-09-30T12:14:51Z,2026-09-30T12:14:51Z,"[""WP-0008""]",Manufacturing Services or Consulting,Test Services or Consulting,SEMICON India | SEMICON West,701.20;701.01;700.19;805.01
n:bruker,Bruker,bruker,"[""bruker"", ""bruker india scientific pvt""]","[""Bruker India Scientific Pvt Ltd""]",Bruker Corporation,,,,,Billerica,US,Americas,"[{""city"": null, ""country"": ""IN"", ""type"": ""subsidiary""}]",1960,5001-10000,public,,BRKR,203,203.14,oem,"[""AFM"", ""X-ray diffraction"", ""XRF"", ""metrology"", ""NMR""]","[""semiconductor"", ""materials research"", ""life science""]","Bruker is a scientific instrument maker (AFM, X-ray, spectroscopy, metrology) serving research and industrial markets including semiconductor; the Indian entity is a local subsidiary.",partial,0.6,"[""https://builtin.com/company/bruker"", ""https://tracenable.com/company/bruker/group-entities""]",Official website and LinkedIn URL not directly seen in results; ticker from general knowledge.,2026-09-30T12:13:17Z,2026-09-30T12:13:17Z,"[""WP-0009""]",Inspection & Measurement Products,Microscopes: Atomic Force Microscopes (AFM),SEMICON India,203.14;203.29;203.23;203.26
d:bryair.com,Bry-Air,bry air,"[""bry air"", ""bry air pvt""]","[""Bry-Air (Asia) Pvt. Ltd.""]",Bry-Air (Asia) Pvt. Ltd.,https://www.bryair.com,bryair.com,,,Delhi,IN,APAC,"[{""city"": null, ""country"": ""CN"", ""type"": ""subsidiary""}, {""city"": null, ""country"": ""MY"", ""type"": ""subsidiary""}, {""city"": null, ""country"": ""BR"", ""type"": ""subsidiary""}, {""city"": null, ""country"": ""NG"", ""type"": ""subsidiary""}, {""city"": null, ""country"": ""CH"", ""type"": ""subsidiary""}]",,unknown,private,,,501,501.03,oem,"[""desiccant dehumidifiers"", ""gas phase filtration"", ""dry rooms"", ""plastics drying""]","[""semiconductor"", ""lithium battery"", ""pharmaceutical"", ""electronics""]","Bry-Air designs and manufactures desiccant dehumidification, gas-phase filtration and dry-room systems, including humidity control for semiconductor cleanrooms.",complete,0.75,"[""https://www.bryair.com/?p=19743"", ""https://www.pharmaceutical-tech.com/suppliers/bry-air-asia-pvt-ltd""]",,2026-09-30T12:13:17Z,2026-09-30T12:13:17Z,"[""WP-0009""]","HVAC, Temperature, Humidity, Contamination Control",HVAC; Temperature; Humidity Systems and Control,SEMICON India,501.03;501.01;400.09
n:business sweden,Business Sweden,business sweden,"[""business sweden""]","[""Business Sweden""]",,,,,,Stockholm,SE,EMEA,[],2013,unknown,government,,,804,804.01,association,"[""export promotion"", ""investment facilitation""]",[],"Business Sweden, formed in 2013 by merging the Swedish Trade Council and Invest Sweden, is jointly owned by the Swedish state and industry and supports exports and foreign investment.",partial,0.6,"[""https://www.cbinsights.com/company/business-sweden""]",Website and LinkedIn URL not seen in results.,2026-09-30T12:13:17Z,2026-09-30T12:13:17Z,"[""WP-0009""]",Professional Services,Government Advocacy; Regulation; Economic Development Agencies,SEMICON India,804.01;804.08
d:cdac.in,C-DAC,c dac,"[""c dac"", ""centre for development of advanced computing""]","[""Centre for Development of Advanced Computing""]",,https://cdac.in,cdac.in,,,Pune,IN,APAC,[],1988,unknown,government,"Ministry of Electronics and Information Technology (MeitY), Government of India",,805,805.04,research,"[""chip design"", ""ChipIN"", ""HPC"", ""RISC-V processors"", ""DLI scheme""]","[""government"", ""HPC"", ""education""]","C-DAC is the premier R&D organization of India's MeitY, working on HPC, electronics and chip design; it hosts the ChipIN national chip design infrastructure and implements the DLI scheme.",complete,0.75,"[""https://cdac.in/index.aspx?id=about"", ""https://en.wikipedia.org/wiki/Centre_for_Development_of_Advanced_Computing"", ""https://autotechinsight.spglobal.com/news/5279341/india-launches-chipin-for-semiconductor-design-at-c-dac""]",LinkedIn company URL not directly seen.,2026-09-30T12:13:17Z,2026-09-30T12:13:17Z,"[""WP-0010""]",PV Services,Research and Development,SEMICON India,805.04;903.09;804.01
n:cadence,Cadence,cadence,"[""cadence"", ""cadence design systems""]","[""Cadence Design Systems""]","Cadence Design Systems, Inc.",,,,,San Jose,US,Americas,[],1988,10001+,public,,CDNS,601,601.02,software,"[""EDA"", ""semiconductor IP"", ""verification"", ""simulation""]","[""hyperscale computing"", ""5G"", ""automotive"", ""mobile"", ""aerospace""]","Cadence Design Systems is a San Jose-based electronic design automation and semiconductor IP company providing software, hardware and IP for chip and system design.",partial,0.7,"[""https://www.semi.org/en/resources/member-directory/cadence-design-systems-inc"", ""https://app.mergerlinks.com/companies/cadence"", ""https://arc-dev.theglobeandmail.com/investing/markets/stocks/CDNS-Q/profile""]",Website and LinkedIn URL not directly seen in results.,2026-09-30T12:13:17Z,2026-09-30T12:13:17Z,"[""WP-0009""]",Design Software,EDA - Electronic Design Automation; Circuit Design,SEMICON India,601.02;603.02;903.11
n:cadfem,CADFEM,cadfem,"[""cadfem"", ""cadfem india ansys elite partner""]","[""CADFEM India - Ansys Elite Partner""]",,,,,,,DE,EMEA,"[{""city"": ""Hyderabad"", ""country"": ""IN"", ""type"": ""subsidiary""}]",,unknown,private,,,603,603.02,distributor,"[""Ansys"", ""CAE"", ""simulation software"", ""training""]",[],"CADFEM is an Ansys elite channel partner providing simulation software, consulting and training; CADFEM India (founded 2007, Hyderabad) is part of CADFEM International, headquartered in Germany.",partial,0.6,"[""https://www.ansys.com/ko-kr/partner-ecosystem/channel-partners/cadfem-india"", ""https://innovationspace.ansys.com/?p=37628""]",Group website/LinkedIn not seen; group HQ city not confirmed.,2026-09-30T12:13:17Z,2026-09-30T12:13:17Z,"[""WP-0009""]","Simulation, Analysis; Modeling Software",Simulation; Characterization; Verification Software,SEMICON India,603.02;805.01;804.14
n:caliber interconnect solutions,Caliber Interconnect Solutions,caliber interconnect solutions,"[""caliber interconnect solutions"", ""caliber interconnects private""]","[""CALIBER INTERCONNECTS PRIVATE LTD""]",,,,,,Coimbatore,IN,APAC,"[{""city"": ""Bengaluru"", ""country"": ""IN"", ""type"": ""engineering""}, {""city"": ""Madurai"", ""country"": ""IN"", ""type"": ""engineering""}]",2010,501-1000,private,,,701,701.20,service,"[""ATE interface boards"", ""wafer sort"", ""test engineering"", ""package design"", ""signal integrity""]","[""semiconductor"", ""power electronics"", ""space"", ""defence""]","Coimbatore-based provider of semiconductor test engineering services, ATE interface hardware, packaging design and silicon validation, founded 2010.",partial,0.6,"[""https://yourstory.com/companies/caliber-interconnects"", ""https://silicon-saxony.de/mitglieder/caliber-interconnect-solutions-pvt-ltd/""]",Website/LinkedIn not seen; search budget exhausted. Employee range inferred from 800+ engineers.,2026-09-30T12:13:47Z,2026-09-30T12:13:47Z,"[""WP-0009""]",Manufacturing Services or Consulting,Test Services or Consulting,SEMICON India,701.20;309.01;701.14;701.04;602.05
n:canon,Canon,canon,"[""canon"", ""canon singapore""]","[""Canon Singapore Pte Ltd""]",Canon Inc.,,,,,Tokyo,JP,APAC,"[{""city"": ""Singapore"", ""country"": ""SG"", ""type"": ""regional HQ South & Southeast Asia""}]",,10001+,public,,,207,207.13,oem,"[""i-line steppers"", ""KrF scanners"", ""nanoimprint"", ""PVD sputtering"", ""die bonders"", ""FPD lithography""]","[""semiconductor"", ""advanced packaging"", ""display""]","Canon supplies semiconductor and FPD lithography tools, sputtering, die bonders and inspection equipment; Canon Singapore Pte Ltd is its South & Southeast Asia regional headquarters.",partial,0.65,"[""https://asia.canon/en/business/honoured-at-tsmc-2024-excellent-performance-awards/news"", ""https://portal2026.semiconindia.org/co/canon-singapore-pte-ltd""]",Group website/LinkedIn not seen; search budget exhausted.,2026-09-30T12:13:47Z,2026-09-30T12:13:47Z,"[""WP-0009""]",Process Equipment,Lithography; Exposure; Aligners; Direct Write Systems; Steppers; Scanners; Nanoimprint,SEMICON India,207.13;207.07;200.09;200.11;203.12
n:ccd technical solutions,CCD Technical Solutions,ccd technical solutions,"[""ccd technical solutions"", ""ccd technical solutions pvt""]","[""CCD Technical Solutions Pvt Limited""]",CCD Technical Solutions Pvt Limited,,,,,Chennai,IN,APAC,[],,unknown,private,,,701,701.09,service,"[""facilities""]","[""semiconductor""]",Chennai-based SEMI member (since 2018) listed under Fab Infrastructure and Services - Facilities.,partial,0.4,"[""https://www.semi.org/en/resources/member-directory/ccd-technical-solutions-pvt-limited""]",Only SEMI directory entry found; category approximate. Ownership assumed from Pvt Ltd.,2026-09-30T12:13:47Z,2026-09-30T12:13:47Z,"[""WP-0009""]",Manufacturing Services or Consulting,Facility Design; Construction; Architectural,SEMICON India,701.09
n:cdil semiconductors,CDIL Semiconductors,cdil semiconductors,"[""cdil semiconductors"", ""cdil semiconductors private"", ""continental device india pvt"", ""cdil""]","[""CDIL Semiconductors Private Limited"", ""Continental Device India Pvt. Ltd."", ""CDIL""]",Continental Device India Private Limited,https://www.cdil.com,cdil.com,https://www.linkedin.com/company/cdil,cdil,New Delhi,IN,APAC,"[{""city"": ""Mohali"", ""country"": ""IN"", ""type"": ""manufacturing""}, {""city"": ""Chandigarh"", ""country"": ""IN"", ""type"": ""office""}, {""city"": ""Hong Kong"", ""country"": ""HK"", ""type"": ""sales""}]",1964,501-1000,private,,,903,903.05,fab_idm,"[""discrete semiconductors"", ""transistors"", ""diodes"", ""rectifiers"", ""thyristors"", ""TVS devices"", ""silicon carbide""]","[""automotive"", ""power"", ""defense"", ""space"", ""industrial""]","Indian integrated device manufacturer of silicon discrete semiconductors (transistors, diodes, rectifiers, thyristors, TVS) since 1964, with fab and assembly in Mohali; first Indian firm to produce silicon carbide devices.",complete,0.92,"[""https://www.cdil.com/company-profile"", ""https://www.cdil.com/contact"", ""https://in.linkedin.com/company/cdil"", ""https://www.cdil.com/news/2023/9/29/cdil-semiconductors-becomes-the-first-indian-company-to-start-production-of-silicon-carbide-devices-aims-to-address-the-impending-surge-in-electric-vehicles-power-management-devices""]",Also operates Deltron EMS brand. Employee range from LinkedIn.,2026-09-30T12:13:47Z,2026-09-30T12:26:00Z,"[""WP-0009"", ""WP-0009-R2""]",Electronic Components,Components: IDM / Foundries,SEMICON India,903.05;903.01
d:cecoenviro.com,CECO Environmental,ceco environmental,"[""ceco environmental"", ""ceco environmental solutions india pvt""]","[""CECO Environmental Solutions India Pvt. Ltd.""]",,https://www.cecoenviro.com,cecoenviro.com,,,Dallas,US,Americas,"[{""city"": ""Pune"", ""country"": ""IN"", ""type"": ""subsidiary""}]",1966,1001-5000,public,,NASDAQ:CECE,500,500.13,oem,"[""scrubbers"", ""abatement"", ""ultra-pure water"", ""emissions management"", ""filtration""]","[""semiconductor fabs"", ""industrial""]","CECO Environmental is a Nasdaq-listed industrial air, water and energy transition company offering emissions abatement, scrubbers and ultra-pure water solutions, including for semiconductor fabs.",complete,0.75,"[""https://www.cecoenviro.com/resources/semiconductor-manufacturing-solutions/"", ""https://www.cecoenviro.com/tradeshows/semicon-india/"", ""https://enggpro.com/company/ceco-emtrol-buell-india-pvt-ltd""]",LinkedIn page not confirmed in results; India entity folded into group.,2026-09-30T12:13:04Z,2026-09-30T12:13:04Z,"[""WP-0010""]",Factory Monitoring & Control Systems (FMCS),Waste Control; Effluent Management Systems (Fluid & Gas; Exhaust Conditioning; Scrubbers),SEMICON India,500.13;500.01;400.08
d:ac.in,"CeNSE, IISc",cense iisc,"[""cense iisc"", ""centre for nano science and engineering"", ""digital university kerala"", ""indian institute of information technology and management kerala"", ""iiitm k"", ""kerala university of digital sciences innovation and technology"", ""duk"", ""nanoscale research facility iit delhi"", ""nrf iit delhi"", ""indian institute of technology delhi"", ""nitttr bhopal"", ""national institute of technical teachers training and research"", ""nitttr"", ""pandit deendayal energy university"", ""pandit deendayal energy university gandhinagar"", ""pdeu"", ""pandit deendayal petroleum university"", ""pdpu""]","[""Centre for Nano Science & Engineering (IISc)"", ""Indian Institute of Information Technology and Management Kerala"", ""IIITM-K"", ""Kerala University of Digital Sciences, Innovation and Technology"", ""Digital University Kerala"", ""DUK"", ""Nanoscale Research Facility, IIT Delhi"", ""NRF IIT Delhi"", ""Indian Institute of Technology Delhi"", ""National Institute of Technical Teachers Training and Research"", ""NITTTR"", ""Pandit Deendayal Energy University Gandhinagar"", ""PDEU"", ""Pandit Deendayal Petroleum University"", ""PDPU""]",Pandit Deendayal Energy University,https://www.pdeu.ac.in,ac.in,https://www.linkedin.com/company/pdpugandhinagar,pdpugandhinagar,Gandhinagar,IN,APAC,[],2007,501-1000,academic,Indian Institute of Technology Delhi,,802,802.02,research,"[""nanofabrication"", ""NNfC"", ""MEMS/NEMS"", ""GaN"", ""characterization"", ""cleanroom"", ""digital sciences"", ""electronic systems education"", ""postgraduate research programmes"", ""e-governance"", ""electron beam lithography"", ""maskless photolithography"", ""atomic layer deposition"", ""reactive ion etching"", ""class 100 cleanroom"", ""technical teacher training"", ""ATMP"", ""OSAT centre of excellence"", ""skilling"", ""engineering education"", ""energy research"", ""semiconductor curriculum"", ""R&D""]","[""research"", ""MEMS"", ""photonics"", ""power"", ""education"", ""nanotechnology research"", ""academic R&D"", ""technical education"", ""semiconductor assembly and test"", ""energy"", ""semiconductor""]","Private state university in Gandhinagar, Gujarat, established 2007 (formerly Pandit Deendayal Petroleum University), with schools of technology, petroleum technology and management.",complete,0.85,"[""https://www.cense.iisc.ac.in/m-engg/"", ""https://www.iitg.ac.in/proj/inup-i2i/iisc-bangalore.html"", ""https://duk.ac.in/about/history/"", ""https://en.wikipedia.org/wiki/Indian_Institute_of_Information_Technology_and_Management,_Kerala"", ""https://nano.iitd.ac.in/"", ""https://nano.iitd.ac.in/Contact-Us.html"", ""https://nitttrbpl.ac.in/"", ""https://swayam.gov.in/nc_details/NITTTR"", ""https://pdpu.ac.in/aboutpdpu.html"", ""https://www.linkedin.com/company/pdpugandhinagar"", ""https://en.wikipedia.org/wiki/Pandit_Deendayal_Energy_University""]",Legacy domain pdpu.ac.in still resolves alongside pdeu.ac.in.,2026-09-30T12:13:37Z,2026-09-30T12:31:00Z,"[""WP-0010"", ""WP-0023-R2"", ""WP-0034-R2"", ""WP-0038-R2""]",Educational; Research Institutions,Education; Research Institutions (Non Profit); Academia; Schools,SEMICON India | SEMICON India | SEMICON India | SEMICON India | SEMICON India,802.02;805.04;701.13;205.01;700.14;701.12
d:ceramtec-group.com,CeramTec,ceramtec,"[""ceramtec""]","[""CeramTec GmbH""]",CeramTec GmbH,https://www.ceramtec-group.com,ceramtec-group.com,https://www.linkedin.com/company/ceramtec-the-ceramic-experts/,ceramtec-the-ceramic-experts,Plochingen,DE,EMEA,[],,1001-5000,private,,,307,307.10,component_supplier,"[""advanced ceramics"", ""technical ceramics"", ""semiconductor ceramic components""]","[""semiconductor equipment"", ""medical"", ""industrial""]","CeramTec, headquartered in Plochingen near Stuttgart, manufactures advanced technical ceramics including components for semiconductor manufacturing and handling; about 3,500 employees worldwide.",complete,0.85,"[""https://www.ceramtec-group.com/en/""]",Ownership inferred as private (not stated on site); founded year not given (120+ years).,2026-09-30T12:13:53Z,2026-09-30T12:13:53Z,"[""WP-0010""]",Process Materials,"Quartzware (Silicon Carbide, Fused Quartz Glass, Sapphire), Ceramic & Oxide Ceramic Fixtures",SEMICON Europa | SEMICON India,307.10;400.20;300.07
n:cg semi,CG Semi,cg semi,"[""cg semi"", ""cg semi private""]","[""CG SEMI PRIVATE LIMITED""]",CG Semi Private Limited,https://www.cgsemi.com,cgsemi.com,,,Sanand,IN,APAC,"[{""city"": ""Mumbai"", ""country"": ""IN"", ""type"": ""corporate""}]",2024,unknown,subsidiary,CG Power and Industrial Solutions Limited,,701,701.01,service,"[""OSAT"", ""assembly and test"", ""SOIC"", ""QFP"", ""QFN"", ""BGA"", ""FCQFN"", ""FCBGA""]","[""automotive"", ""industrial"", ""power""]","Indian OSAT provider and JV of CG Power (Murugappa Group), Renesas and Stars Microelectronics, running an end-to-end semiconductor assembly and test facility in Sanand, Gujarat.",complete,0.78,"[""https://www.businesswire.com/news/home/20260704038873/en/CG-Semi-Commences-Commercial-Production-at-Its-G1-OSAT-Facility-in-Sanand-Gujarat"", ""https://www.murugappa.com/uploads/CG_Semi_unveils_one_of_India_s_first_end_to_end_OSAT_facilities_in_Sanand_Gujarat_August_28_2025_7d82782602.pdf"", ""https://www.semi.org/en/resources/member-directory/cg-semi-private-limited"", ""https://gsem.gujarat.gov.in/Home/OSATProjectbyCGSemi""]","LinkedIn slug not verifiable within call budget. Website cgsemi.com confirmed via press releases (direct fetch returned empty body). Registered office Mumbai, operations HQ Sanand, Gujarat.",2026-09-30T12:14:06Z,2026-09-30T12:25:42Z,"[""WP-0010"", ""WP-0010-R2""]",Manufacturing Services or Consulting,Assembly,SEMICON India,701.01;701.20;701.14
d:chasen.com.sg,Chasen,chasen,"[""chasen"", ""chasen hi tech logistics services private""]","[""Chasen (India) Hi-Tech Logistics Services Private Limited""]",,https://www.chasen.com.sg,chasen.com.sg,https://www.linkedin.com/company/chasen-holdings-limited/,chasen-holdings-limited,Singapore,SG,APAC,"[{""city"": null, ""country"": ""IN"", ""type"": ""subsidiary""}]",,unknown,public,Chasen Holdings Limited,SGX (ticker not confirmed),801,801.04,service,"[""machinery relocation"", ""3PL"", ""fab tool move-in"", ""technical services""]","[""wafer fabs"", ""display"", ""solar"", ""electronics""]","Chasen Holdings is an SGX-listed Singapore integrated logistics provider specializing in machinery and equipment relocation, 3PL and technical services for wafer fab, semiconductor and display industries.",complete,0.7,"[""https://www.chasen.com.sg""]",India entity link to group assumed from name; not confirmed on group site.,2026-09-30T12:14:22Z,2026-09-30T12:14:22Z,"[""WP-0010""]",Distribution and Logistics,Transportation; Rigging,SEMICON India,801.04;801.03;700.19
d:chipextech.com,ChipexTech,chipextech,"[""chipextech"", ""chipex technologies private""]","[""CHIPEX TECHNOLOGIES PRIVATE LIMITED""]",Chipex Technologies Private Limited,https://www.chipextech.com,chipextech.com,,,Hyderabad,IN,APAC,"[{""city"": ""Bengaluru"", ""country"": ""IN"", ""type"": ""office""}]",,unknown,private,,,701,701.04,service,"[""SoC design"", ""turnkey ASIC"", ""custom IC"", ""analog design"", ""physical design""]","[""aerospace"", ""automotive"", ""AI/ML"", ""medical""]","Chipex Technologies is a Hyderabad-based VLSI startup providing SoC design, turnkey ASIC and custom analog/digital IC design services, with an office in Bengaluru.",complete,0.7,"[""https://www.chipextech.com""]",LinkedIn not found; lines written out of WP order (row 8 after row 9).,2026-09-30T12:14:45Z,2026-09-30T12:14:45Z,"[""WP-0010""]",Manufacturing Services or Consulting,Circuit Design; Electronic Design Services (EDS); System Level Design (SLD),SEMICON India,701.04;903.09;903.02
n:chipin centre,ChipIN Centre (C-DAC),chipin centre,"[""chipin centre""]","[""ChipIN Centre""]",,,,,,,IN,APAC,[],,unknown,government,"C-DAC / MeitY, Government of India",,805,805.04,research,"[""national chip design infrastructure"", ""EDA tool access"", ""Chips to Startup""]","[""chip design"", ""startups"", ""academia""]",ChipIN is India's National Chip Design Infrastructure established by MeitY at C-DAC to support semiconductor design under the Chips to Startup programme.,partial,0.6,"[""https://autotechinsight.spglobal.com/news/5279341/india-launches-chipin-for-semiconductor-design-at-c-dac""]",Likely belongs to C-DAC group record (cdac.in); dedicated website not confirmed.,2026-09-30T12:14:29Z,2026-09-30T12:14:29Z,"[""WP-0010""]",PV Services,Research and Development,SEMICON India,805.04;601.02;903.09
d:chipspirit.com,Chipspirit Technologies,chipspirit technologies,"[""chipspirit technologies"", ""chipspirit technologies pvt""]","[""Chipspirit Technologies Pvt Ltd""]",Chipspirit Technologies Pvt Ltd,https://www.chipspirit.com,chipspirit.com,https://www.linkedin.com/company/chipspirit/,chipspirit,Bengaluru,IN,APAC,[],,unknown,private,,,701,701.04,service,"[""ASIC design"", ""front-end verification"", ""hardware security"", ""data diode""]","[""defense"", ""security"", ""semiconductor design""]",Chipspirit Technologies is a Bengaluru semiconductor company offering ASIC front-end design and verification services and VLSI-based hardware security products such as encryption and data diode devices.,complete,0.8,"[""https://www.chipspirit.com""]",,2026-09-30T12:14:45Z,2026-09-30T12:14:45Z,"[""WP-0010""]",Manufacturing Services or Consulting,Circuit Design; Electronic Design Services (EDS); System Level Design (SLD),SEMICON India,701.04;903.09;904.17
n:chukoh chemical industries,Chukoh Chemical Industries,chukoh chemical industries,"[""chukoh chemical industries""]","[""Chukoh Chemical Industries Limited""]","Chukoh Chemical Industries, Ltd.",,,,,,JP,APAC,[],,unknown,private,,,400,400.21,component_supplier,"[""PTFE tubes"", ""fluoropolymer tapes"", ""fluoropolymer processing"", ""silicone resin products""]","[""semiconductor equipment""]","Japanese processor of fluoropolymers and silicone resins into tubes, tapes and films, including PTFE tubes used in semiconductor manufacturing equipment.",partial,0.6,"[""https://pr.mono.ipros.com/chukoh/product/detail/230435009"", ""https://iryo-kaigaitenji.metro.tokyo.lg.jp/eng/exhibiting-company/2024/chukoh.html""]",Corporate website and LinkedIn not confirmed in results; HQ city not verified.,2026-09-30T12:13:09Z,2026-09-30T12:13:09Z,"[""WP-0011""]","Components, Parts & Accessories",Raw Material & Custom components; Plastic,SEMICON India,400.21;400.19;400.11
n:cir q tech,Cir-Q-Tech,cir q tech,"[""cir q tech"", ""cir q tech tako technologies pvt""]","[""Cir-Q-Tech Tako Technologies Pvt. Ltd.""]",Cir-Q-Tech Tako Technologies Private Limited,,,,,Ramanagara,IN,APAC,[],1996,unknown,private,,,502,502.03,oem,"[""ESD mats"", ""wrist straps"", ""ESD workstation monitors"", ""ESD furniture"", ""soldering equipment""]","[""electronics manufacturing""]","Indian manufacturer of ESD control products, ESD-safe furniture, workstation monitors and soldering-related equipment for electronics manufacturing, founded 1996.",partial,0.6,"[""https://m.indiamart.com/cirqtech-takotechnologies/profile.html"", ""https://m.indiamart.com/cirqtech-takotechnologies""]","Own website not found; HQ Bidadi Industrial Area, Ramanagara, Karnataka per IndiaMART.",2026-09-30T12:13:09Z,2026-09-30T12:13:09Z,"[""WP-0011""]",Material Handling Systems,Static; ESD Control,SEMICON India,502.03;900.04;200.24
n:circuitevolve,circuitEvolve,circuitevolve,"[""circuitevolve""]","[""circuitEvolve""]",,,,,,,,,[],,unknown,unknown,,,,,other,[],[],,not_found,0.1,[],No company matching the exhibitor found; search only returned the unrelated CircuitEvo academic LLM framework.,2026-09-30T12:14:32Z,2026-09-30T12:14:32Z,"[""WP-0011""]",,,SEMICON India,
d:ckd.co.jp,CKD,ckd,"[""ckd""]","[""CKD Corporation""]",CKD Corporation,https://www.ckd.co.jp,ckd.co.jp,https://jp.linkedin.com/company/ckd-corporation,ckd-corporation,Komaki,JP,APAC,"[{""city"": ""Austin"", ""country"": ""US"", ""type"": ""manufacturing""}, {""city"": null, ""country"": ""SG"", ""type"": ""subsidiary""}]",1943,unknown,public,,6407.T,400,400.10,component_supplier,"[""pneumatic components"", ""chemical fluid control valves"", ""integrated gas delivery systems"", ""electric actuators"", ""solder paste inspection""]","[""semiconductor equipment"", ""FPD"", ""batteries"", ""packaging machinery""]","Japanese maker of pneumatic and fluid control components, including ultra-purity chemical valves and integrated gas delivery systems for semiconductor and FPD manufacturing, plus automation machinery.",complete,0.85,"[""https://www.ckd.co.jp/en/"", ""https://ca.finance.yahoo.com/quote/6407.T/profile"", ""https://www.semi.org/en/resources/member-directory/ckd-corporation"", ""https://www.areadevelopment.com/newsitems/11-11-2020/ckd-corporation-manufacturing-austin-texas.shtml""]",,2026-09-30T12:14:32Z,2026-09-30T12:14:32Z,"[""WP-0011""]","Components, Parts & Accessories",Flow Control Components - Valves; Meters; Gauges; Regulators; MFC's,SEMICON India,400.10;401.05;401.12
d:clariant.com,Clariant,clariant,"[""clariant""]","[""Clariant""]",Clariant AG,https://www.clariant.com,clariant.com,https://www.linkedin.com/company/clariant,clariant,Muttenz,CH,EMEA,"[{""city"": null, ""country"": ""IN"", ""type"": ""subsidiary""}]",1995,10001+,public,,,301,301.06,materials,"[""specialty chemicals"", ""catalysts"", ""adsorbents"", ""additives""]","[""chemicals"", ""automotive"", ""personal care"", ""agriculture""]","Swiss specialty chemicals group with Care Chemicals, Adsorbents & Additives and Catalysts business units; about 10,281 FTEs at end-2025.",complete,0.8,"[""https://www.clariant.com/en/Company"", ""https://www.clariant.com/ja-JP/Company/Clariant-at-a-glance/Locations/Key-Sites/India/India-Profile"", ""https://www.zeliq.com/company/switzerland/manufacturing/chemical-manufacturing/clariant""]",Stock ticker not verified in sources; semiconductor-specific product line not confirmed.,2026-09-30T12:14:32Z,2026-09-30T12:14:32Z,"[""WP-0011""]",Chemicals & Solids,Other Specialty Chemicals,SEMICON India,301.06;400.09
n:cleantech services india,CleanTech Services India,cleantech services india,"[""cleantech services india"", ""cleantech services india pvt"", ""cleantech services"", ""cleantech services private"", ""cts""]","[""CleanTech Services India Pvt Ltd"", ""CleanTech Services Private Limited"", ""Cleantech Services Pte Ltd"", ""CTS""]",Cleantech Services Pte Ltd,https://www.cleantechservices.sg,cleantechservices.sg,https://www.linkedin.com/company/cleantech-services-sg,cleantech-services-sg,Singapore,SG,APAC,"[{""city"": ""Bangalore"", ""country"": ""IN"", ""type"": ""subsidiary""}, {""city"": ""Manila"", ""country"": ""PH"", ""type"": ""subsidiary""}, {""city"": ""Sydney"", ""country"": ""AU"", ""type"": ""subsidiary""}]",2022,51-200,private,,,401,401.05,component_supplier,"[""gas delivery systems"", ""chemical delivery systems"", ""gas cabinets"", ""VMB"", ""UHP components"", ""gas purification"", ""facility hook-up"", ""TGCM""]","[""semiconductor"", ""photovoltaic"", ""electronics""]","Singapore-based supplier of ultra-high-purity gas and chemical delivery systems, gas cabinets, VMBs, purifiers and facility hook-up services for semiconductor, PV and electronics fabs in Asia-Pacific. Indian arm is in Bangalore.",complete,0.8,"[""https://cleantechservices.in/"", ""https://cleantechservices.in/contact-us"", ""https://www.cleantechservices.sg/"", ""https://sg.linkedin.com/company/cleantech-services-sg"", ""https://www.semi.org/en/resources/member-directory/cleantech-services-pte-ltd""]","SEMICON India exhibitor was the Indian subsidiary (site cleantechservices.in); folded into the Singapore group record per dedupe rules. India office: Deepanjali Nagar, Mysore Road, Bangalore 560026.",2026-09-30T12:14:32Z,2026-09-30T12:27:00Z,"[""WP-0011"", ""WP-0011-R2""]",Sub-systems,Gas; Liquid delivery panels as subsystems,SEMICON India,401.05;400.09;400.10;400.19;700.19
n:cn water,CN Water,cn water,"[""cn water"", ""cn water systems private""]","[""CN Water Systems Private Limited""]",CN Water Systems Private Limited,,,,,,IN,APAC,[],,unknown,private,,,500,500.01,oem,"[""high-purity water systems"", ""ultrapure water"", ""water recycling"", ""pharma water""]","[""pharmaceutical"", ""life sciences"", ""semiconductor""]",Indian high-purity water systems company (30+ years) serving pharma and industry; partnered with Taiwan's Taipure in Nov 2025 for UPW and water recycling systems for semiconductor and electronics.,partial,0.6,"[""https://www.biospectrumasia.com/news/28/26878/cn-water-and-taiwans-taipure-to-strengthen-high-purity-water-solutions-for-indian-pharma-companies.html"", ""https://www.pharmaceutical-tech.com/suppliers/cn-water-systems-private-limited""]",Related entity CN Tech Engineers Pvt. Ltd. Website and HQ city not confirmed.,2026-09-30T12:14:33Z,2026-09-30T12:14:33Z,"[""WP-0011""]",Factory Monitoring & Control Systems (FMCS),Chemical; Pure Water; Fluid Handling; Storage; Supply Systems,SEMICON India,500.01;301.04
d:cnwglobal.com,CNW - Courier Network,cnw courier network,"[""cnw courier network""]","[""CNW- Courier Network"", ""CNW - Courier NetWork""]",,https://cnwglobal.com,cnwglobal.com,https://www.linkedin.com/company/cnw-courier-network/,cnw-courier-network,,,,"[{""city"": ""New York"", ""country"": ""US"", ""type"": ""office""}, {""city"": null, ""country"": ""IL"", ""type"": ""office""}, {""city"": null, ""country"": ""DE"", ""type"": ""subsidiary""}]",1986,unknown,private,,,801,801.04,service,"[""next flight out"", ""onboard courier"", ""air charter"", ""hand carry"", ""time-critical logistics""]","[""semiconductor"", ""automotive""]","Time-critical logistics provider founded 1986 offering NFO, onboard courier, air charter and on-demand trucking for machine-down situations in semiconductor and automotive industries; 48 offices in 28 countries.",partial,0.8,"[""https://cnwglobal.com/"", ""https://semi.org/en/resources/member-directory/cnw-courier-network"", ""https://silicon-saxony.de/en/mitglieder/courier-network-germany-gmbh-2/""]",HQ not confirmed; early offices in Israel and New York. Local entity Courier Network Germany GmbH.,2026-09-30T12:14:33Z,2026-09-30T12:14:33Z,"[""WP-0011""]",Distribution and Logistics,Transportation; Rigging,SEMICON India | SEMICON West,801.04;801.02
d:cohizon.com,Cohizon Life Sciences,cohizon life sciences,"[""cohizon life sciences""]","[""Cohizon Life Sciences""]",Cohizon Life Sciences Limited,https://www.cohizon.com,cohizon.com,https://www.linkedin.com/company/cohizonlifesciences,cohizonlifesciences,Mumbai,IN,APAC,[],,unknown,unknown,,,301,301.06,materials,"[""CDMO"", ""specialty chemicals"", ""agrochemicals"", ""custom synthesis""]","[""agrochemicals"", ""specialty chemicals""]","Mumbai-based chemical CDMO (formerly Sajjan India Ltd.) offering contract research, process development and commercial manufacturing of specialty and agro chemicals.",complete,0.75,"[""https://www.cohizon.com/"", ""https://www.linkedin.com/company/cohizonlifesciences""]",,2026-09-30T12:14:33Z,2026-09-30T12:14:33Z,"[""WP-0011""]",Chemicals & Solids,Other Specialty Chemicals,SEMICON India,301.06
n:coverify,Coverify,coverify,"[""coverify"", ""coverify systems technology""]","[""COVERIFY SYSTEMS TECHNOLOGY LLP""]",Coverify Systems Technology LLP,,,https://www.linkedin.com/company/coverify,coverify,Gurugram,IN,APAC,[],2010,1-10,private,,,701,701.04,service,"[""SystemVerilog"", ""UVM"", ""SystemC"", ""verification IP"", ""verification audit""]",[],"Gurugram-based hardware design verification services firm (SystemVerilog, UVM, SystemC), offering VIP development, verification automation and audits.",partial,0.6,"[""https://linkedin.com/company/coverify"", ""https://m.indiamart.com/coverify-systems-technology-llp""]",Website not confirmed (coverify.com fetch refused); session search budget exhausted.,2026-09-30T12:14:51Z,2026-09-30T12:14:51Z,"[""WP-0012""]",Manufacturing Services or Consulting,Circuit Design; Electronic Design Services (EDS); System Level Design (SLD),SEMICON India,701.04;701.17
n:craftifai,CraftifAI,craftifai,"[""craftifai""]","[""CraftifAI""]",,,,,,Bengaluru,IN,APAC,"[{""city"": ""San Francisco"", ""country"": ""US"", ""type"": ""office""}]",2025,unknown,private,,,601,601.02,software,"[""agentic AI"", ""embedded software automation"", ""CraftifAI Orbit"", ""edge AI""]","[""IoT"", ""robotics"", ""automotive"", ""consumer electronics""]","Startup (founded 2025) building CraftifAI Orbit, an agentic AI platform automating embedded software development for edge, IoT and AI devices; raised $3M seed led by Ankur Capital.",partial,0.5,"[""https://parsers.vc/news/260226-craftifai-secures-3-million-to-power-next/"", ""https://news.ventureintelligence.com/private-equity/software-development-enabler-craftifai-raises-%243-m-led-by-ankur-capital""]",Website and LinkedIn not found; category 601.02 is approximate.,2026-09-30T12:14:51Z,2026-09-30T12:14:51Z,"[""WP-0012""]",Design Software,EDA - Electronic Design Automation; Circuit Design,SEMICON India,601.02;701.17
n:cryogenic specialty manufacturing,Cryogenic Specialty Manufacturing (CSM),cryogenic specialty manufacturing,"[""cryogenic specialty manufacturing""]","[""Cryogenic Specialty Manufacturing Sdn. Bhd.""]",Cryogenic Specialty Manufacturing Sdn. Bhd.,,,,,Puchong,MY,APAC,[],,unknown,unknown,,,400,400.19,component_supplier,"[""cryogenic components"", ""super insulation"", ""cryogenic sub-assemblies"", ""cryogenic equipment""]","[""semiconductor fab facilities""]","Malaysian designer and manufacturer of cryogenic components, sub-assemblies and equipment using super insulation technology; facility opened in Malaysia in 2015. SEMI member since 2022.",partial,0.5,"[""https://www.semi.org/en/resources/member-directory/cryogenic-specialty-manufacturing-sdn-bhd""]",Website/LinkedIn not found; ownership unverified.,2026-09-30T12:14:51Z,2026-09-30T12:14:51Z,"[""WP-0012""]","Components, Parts & Accessories",Pipe; Tubing; Hose; Flanges; Connectors; Couplings; Plumbing Fittings,SEMICON India,400.19;500.09
n:crystal matrix,Crystal Matrix,crystal matrix,"[""crystal matrix""]","[""Crystal Matrix Limited""]",Crystal Matrix Limited,,,,,Hyderabad,IN,APAC,[],,unknown,private,,,903,903.05,fab_idm,"[""microLED"", ""miniLED"", ""GaN epitaxy"", ""display modules"", ""ATMP""]","[""displays"", ""TV"", ""smartphones"", ""automotive"", ""XR""]","Hyderabad-based mini/micro-LED display developer; approved in 2026 for a ~$336M integrated GaN epiwafer, compound semiconductor fab and ATMP facility in Dholera, Gujarat.",partial,0.55,"[""https://www.microled-info.com/crystal-matrix"", ""https://compoundsemiconductor.net/article/124149/India_approves_compound_semiconductor_plant"", ""https://www.angelone.in/news/Economy/india-s-first-microled-semiconductor-plant-approved-but-crystal-matrix-s-tiny-balance-sheet-raises-questions""]",Official website and LinkedIn not found.,2026-09-30T12:14:51Z,2026-09-30T12:14:51Z,"[""WP-0012""]",Electronic Components,Components: IDM / Foundries,SEMICON India,903.05;308.01;904.13
n:cubetor india,Cubetor India,cubetor india,"[""cubetor india"", ""cubetor india private""]","[""Cubetor India Private Limited.""]",Cubetor India Private Limited,,,,,Hosur,IN,APAC,[],2025,unknown,private,,,400,400.17,component_supplier,"[""industrial fans"", ""exhaust hoods"", ""gaskets"", ""general purpose machinery""]",[],"Indian private limited company registered in Hosur, Tamil Nadu (CIN U28199TZ2025PTC036443), incorporated October 2025, manufacturing general-purpose machinery including industrial fans, exhaust hoods and gaskets.",partial,0.5,"[""https://tracxn.com/d/legal-entities/india/cubetor-india-private-limited/__vG1z9jJWb-Xy4lhEs78QdHo_rLR6VYk1ruDgytJQ8FU"", ""https://www.planetexim.net/indian-company/cubetor-india-private-limited/cin/U28199TZ2025PTC036443.html""]","No corporate website or LinkedIn page found in 6 web calls. Category inferred from MCA industry code 28199 (general purpose machinery: industrial fans, exhaust hoods, gaskets); not confirmed against a company-owned source.",2026-09-30T12:14:51Z,2026-09-30T12:26:00Z,"[""WP-0012"", ""WP-0012-R2""]","Components, Parts & Accessories",Motors; Fans; Electric Rotary Spindles,SEMICON India,400.17;400.11
n:cyient semiconductors,Cyient Semiconductors,cyient semiconductors,"[""cyient semiconductors"", ""cyient semiconductors pvt""]","[""Cyient Semiconductors Pvt Ltd""]",Cyient Semiconductors Pvt Ltd,,,,,,IN,APAC,"[{""city"": null, ""country"": ""US"", ""type"": ""design""}, {""city"": null, ""country"": ""DE"", ""type"": ""design""}, {""city"": null, ""country"": ""BE"", ""type"": ""design""}, {""city"": null, ""country"": ""NL"", ""type"": ""design""}, {""city"": null, ""country"": ""TW"", ""type"": ""design""}]",2025,unknown,subsidiary,Cyient Ltd,,903,903.09,service,"[""ASIC turnkey"", ""chip design""]","[""industrial"", ""automotive"", ""medical"", ""data center""]","Cyient subsidiary launched April 2025 consolidating its chip design business, focused on turnkey ASIC solutions; about 400 engineers across India, US, Europe and Taiwan.",partial,0.55,"[""https://www.eenewseurope.com/en/indias-cyient-launches-fabless-chip-company"", ""https://www.angelone.in/news/share-market/cyient-launches-cyient-semiconductors-to-scale-asic-turnkey-solutions""]",Website/LinkedIn not confirmed; HQ city unverified.,2026-09-30T12:14:51Z,2026-09-30T12:14:51Z,"[""WP-0012""]",Electronic Components,Design: Design House,SEMICON India,903.09;903.02;701.04
d:daifuku.com,Daifuku,daifuku,"[""daifuku""]","[""DAIFUKU CO, LTD.""]","Daifuku Co., Ltd.",https://www.daifuku.com,daifuku.com,https://www.linkedin.com/company/daifuku/,daifuku,Osaka,JP,APAC,[],1937,unknown,public,,,502,502.04,oem,"[""AMHS"", ""OHT"", ""stockers"", ""cleanroom conveyors"", ""AGV""]","[""semiconductor fabs"", ""FPD""]","Osaka-based material handling leader; its cleanroom division supplies AMHS (overhead hoist transport, stockers, conveyors) for 300 mm semiconductor and FPD fabs.",complete,0.85,"[""https://www.daifuku.com/"", ""https://www.linkedin.com/company/daifuku/"", ""https://www.marketsandmarkets.com/ResearchInsight/fab-automation-companies.asp""]",Ticker 6383 (TSE) per moomoo result.,2026-09-30T12:14:51Z,2026-09-30T12:14:51Z,"[""WP-0012""]",Material Handling Systems,"Stockers; Storage, AMHS",SEMICON Europa | SEMICON India,502.04;502.01;502.02;207.18
n:daiichi jitsugyo india,Daiichi Jitsugyo India,daiichi jitsugyo india,"[""daiichi jitsugyo india"", ""daiichi jitsugyo india pvt"", ""daiichi jitsugyo"", ""djk india"", ""djk""]","[""DAIICHI JITSUGYO INDIA PVT. LTD."", ""Daiichi Jitsugyo India Pvt Ltd"", ""DJK India"", ""Daiichi Jitsugyo Co., Ltd."", ""DJK Group""]","Daiichi Jitsugyo Co., Ltd.",https://www.djk.co.jp,djk.co.jp,https://www.linkedin.com/company/daiichi-jitsugyo-co-ltd,daiichi-jitsugyo-co-ltd,Tokyo,JP,APAC,"[{""city"": ""Gurugram"", ""country"": ""IN"", ""type"": ""sales""}, {""city"": ""New Delhi"", ""country"": ""IN"", ""type"": ""technical_center""}, {""city"": ""Bengaluru"", ""country"": ""IN"", ""type"": ""sales""}, {""city"": ""Ahmedabad"", ""country"": ""IN"", ""type"": ""sales""}]",1948,1001-5000,public,,TYO:8059,804,804.14,distributor,"[""SMT equipment"", ""semiconductor assembly equipment"", ""PCB inspection machines"", ""industrial chillers"", ""lithium-ion battery equipment""]","[""semiconductor assembly"", ""electronics"", ""power electronics"", ""pharmaceutical""]","Tokyo-listed Japanese trading and engineering group (founded 1948) importing, exporting and integrating industrial machinery, SMT and semiconductor assembly equipment, plant/energy and healthcare systems. Indian subsidiary DJK India (est. 2006) serves India from Gurugram.",complete,0.85,"[""https://djkindia.co.in/"", ""https://www.djk.co.jp"", ""https://www.linkedin.com/company/daiichi-jitsugyo-co-ltd"", ""https://in.linkedin.com/company/djk-india"", ""https://www.semi.org/en/resources/member-directory/daiichi-jitsugyo-coltd"", ""https://stockanalysis.com/quote/tyo/8059/company/""]","Exhibitor is the Indian subsidiary; folded into the DJK group parent record per dedupe rule. Employee count reported 1,467-1,564 across sources.",2026-09-30T12:14:51Z,2026-09-30T12:28:00Z,"[""WP-0012"", ""WP-0012-R2""]",Professional Services,Sales; Manufacturers Representation or Distributors,SEMICON India,804.14;200.09;203.05;401.17
d:daikinchemicals.com,Daikin Industries (Chemicals),daikin industries,"[""daikin industries"", ""daikin chemical india privated""]","[""DAIKIN CHEMICAL INDIA PRIVATED LTD.""]","Daikin Industries, Ltd.",https://www.daikinchemicals.com,daikinchemicals.com,,,,JP,APAC,"[{""city"": ""Gurugram"", ""country"": ""IN"", ""type"": ""sales""}]",,unknown,public,,,301,301.06,materials,"[""fluoropolymers"", ""perfluoroelastomer DUPRA"", ""dry etching agents"", ""heat transfer fluids"", ""DAISAVE""]","[""semiconductor manufacturing"", ""data centers"", ""batteries""]","Daikin chemicals business supplies fluoropolymers, perfluoroelastomers, dry etching agents and coolants for semiconductor manufacturing; Daikin Chemical India (Gurugram, est. 2026) handles Indian sales.",partial,0.7,"[""https://www.daikinchemicals.com/news/semicon-india-2026.html"", ""https://refindustry.com/news/market-news/daikin-establishes-fluorochemical-sales-unit-in-india""]",Local entity Daikin Chemical India Private Limited; HQ city and LinkedIn not verified in this WP.,2026-09-30T12:14:51Z,2026-09-30T12:14:51Z,"[""WP-0012""]",Chemicals & Solids,Other Specialty Chemicals,SEMICON India,301.06;400.11;303.04
n:daksh instruments,Daksh Instruments,daksh instruments,"[""daksh instruments"", ""daksh instruments pvt""]","[""Daksh Instruments Pvt Ltd"", ""Daksh Instruments""]",,https://dakshinstruments.com,dakshinstruments.com,,,New Delhi,IN,APAC,[],2011,11-50,private,,,203,203.11,oem,"[""load testing machines"", ""fatigue testing machines"", ""spring testing machines"", ""data loggers"", ""load cells"", ""hydraulic and pneumatic systems""]","[""railways"", ""automotive"", ""iron and steel"", ""foundry"", ""civil engineering""]","New Delhi (Dwarka) manufacturer of industrial and materials testing machines, data-logging systems and sensors, with custom engineering for railways, automotive, steel and civil-engineering testing. No semiconductor-specific product line published.",complete,0.65,"[""https://dakshinstruments.com/about-us/"", ""https://dakshinstruments.com/contact-us/"", ""https://www.tradeindia.com/daksh-instruments-7548172/"", ""https://www.indiamart.com/daksh-instruments/aboutus.html""]","No LinkedIn page found. Website entity is listed on directories as a proprietorship (Anurag Gupta) rather than a Pvt Ltd; a separate Daksh Instruments Private Limited exists in Indore, MP (CIN U45402MP2024PTC069361) and may be the actual exhibitor. Confidence held below 0.8 for that reason.",2026-09-30T12:14:51Z,2026-09-30T12:31:00Z,"[""WP-0012"", ""WP-0012-R2""]",Inspection & Measurement Products,Instruments; Bench Top Test,SEMICON India,203.11;400.23;401.02;401.08
d:danfoss.com,Danfoss,danfoss,"[""danfoss"", ""danfoss industries pvt""]","[""Danfoss Industries Pvt. Ltd.""]",,https://www.danfoss.com,danfoss.com,https://linkedin.com/company/danfoss,danfoss,Nordborg,DK,EMEA,"[{""city"": ""Chennai"", ""country"": ""IN"", ""type"": ""subsidiary""}]",1933,10001+,private,,,401,401.13,component_supplier,"[""AC drives"", ""power semiconductor modules"", ""HVAC controls"", ""refrigeration"", ""hydraulics""]","[""industrial"", ""automotive"", ""HVAC"", ""renewable energy""]","Family-owned Danish engineering group making drives, power modules, HVAC/refrigeration and hydraulic components; Danfoss Industries Pvt. Ltd. is its wholly owned Indian subsidiary.",complete,0.85,"[""https://www.danfoss.com/en-in/terms/generalinformation"", ""https://linkedin.com/company/danfoss""]",HQ city from general knowledge (Nordborg); Indian HQ city Chennai per TN plant news.,2026-09-30T12:14:00Z,2026-09-30T12:14:00Z,"[""WP-0013""]",Sub-systems,Power Supplies; RF Generators; Converters; Electrical Conditioning,SEMICON India,401.13;401.17;501.03;400.10
d:3ds.com,Dassault Systèmes,dassault systemes,"[""dassault systemes""]","[""Dassault Syst\u00e8mes""]",Dassault Systèmes SE,https://www.3ds.com,3ds.com,https://linkedin.com/company/dassaultsystemes,dassaultsystemes,Vélizy-Villacoublay,FR,EMEA,[],1981,10001+,public,,EPA:DSY,601,601.01,software,"[""3DEXPERIENCE"", ""CATIA"", ""SOLIDWORKS"", ""DELMIA"", ""ENOVIA"", ""SIMULIA"", ""PLM""]","[""semiconductor"", ""high-tech"", ""automotive"", ""aerospace""]","French software company providing the 3DEXPERIENCE platform for 3D design, simulation, manufacturing and product lifecycle management (CATIA, SOLIDWORKS, SIMULIA, DELMIA, ENOVIA).",complete,0.9,"[""https://www.3ds.com/ru/about/company/history"", ""https://linkedin.com/company/dassaultsystemes""]",,2026-09-30T12:14:30Z,2026-09-30T12:14:30Z,"[""WP-0013""]",Design Software,CAD - Computer Automated Design,SEMICON India | SEMICON West,601.01;701.16;603.02;602.03
n:dcas technologies,DCAS Technologies,dcas technologies,"[""dcas technologies""]","[""DCAS Technologies""]",,,,,,Bengaluru,IN,APAC,[],2020,1-10,private,,,500,500.10,distributor,"[""gas detectors"", ""oxygen sensors"", ""flame detectors""]","[""industrial""]","Bengaluru-based trader and distributor of gas detectors, oxygen sensors and flame detectors, established 2020 (per IndiaMART listing).",partial,0.5,"[""https://m.indiamart.com/dcastechnologies/profile.html""]",No own website or LinkedIn found; match to exhibitor inferred from name only.,2026-09-30T12:15:00Z,2026-09-30T12:15:00Z,"[""WP-0013""]",Factory Monitoring & Control Systems (FMCS),Gas Monitoring Equipment; RGA's; TGO compliance,SEMICON India,500.10;400.23;804.14
d:ddentp.com,DDE Ultra High Purity,dde ultra high purity,"[""dde ultra high purity"", ""dde ultra high purity private"", ""dde uhp""]","[""DDE ULTRA HIGH PURITY PRIVATE LIMITED"", ""DDE UHP""]",DDE Ultra High Purity Private Limited,https://www.ddentp.com,ddentp.com,,,Pune,IN,APAC,[],2024,11-50,private,DDE Bioengineering,,500,500.09,component_supplier,"[""ultra-high purity gas delivery"", ""UHP piping"", ""gas distribution systems"", ""ISO 14644""]","[""semiconductor fabs"", ""pharmaceutical""]",Pune-based company incorporated in 2024 supplying ultra-high purity gas delivery infrastructure for semiconductor fabrication; part of the DDE engineering group.,partial,0.6,"[""https://www.instafinancials.com/company/dde-ultra-high-purity-private-limited-U46521PN2024PTC232356"", ""https://www.ddentp.com"", ""https://in.linkedin.com/in/aniketkuwar06""]","CIN U46521PN2024PTC232356, registered S-76/1 MIDC Bhosari, Pune 411026. Website is the DDE group site (ddentp.com, DDE Bioengineering, pharma EPCM); the UHP entity shares the group email domain. No dedicated LinkedIn company page found.",2026-09-30T12:27:00Z,2026-09-30T12:27:00Z,"[""WP-0013-R2""]",Factory Monitoring & Control Systems (FMCS),Gas Handling - Cabinets; Control; Supply Systems,SEMICON India,500.09;500.01;501.01
d:deeplase.com,DeepLASE,deeplase,"[""deeplase"", ""deeplase technologies"", ""deeplase technologies pvt"", ""deeplase technologies private""]","[""DeepLase Technologies"", ""DeepLase Technologies Pvt Ltd"", ""DEEPLASE TECHNOLOGIES PRIVATE LIMITED""]",DeepLase Technologies Private Limited,https://deeplase.com,deeplase.com,,,New Delhi,IN,APAC,[],2024,1-10,private,,,401,401.04,component_supplier,"[""fiber lasers"", ""specialty optical fibers"", ""single photon sources"", ""narrow-linewidth lasers"", ""supercontinuum sources"", ""integrated photonics""]","[""quantum technology"", ""telecommunications"", ""healthcare"", ""industrial""]","IIT Delhi spinout founded in 2024 designing and manufacturing specialty optical fibres, fibre-laser platforms and single-photon sources for quantum, telecom, healthcare and industrial applications.",complete,0.85,"[""https://deeplase.com"", ""https://tracxn.com/d/companies/deeplasetechnologies/__Phdn5Vchk0g2sPJw7D5bIgqzb3E43qykqDrqfHNirfw"", ""https://www.prnewswire.com/in/news-releases/iit-delhi-spinout-deeplase-raises-6-crore-seed-round-co-led-by-kavachh-and-yali-capital-302718682.html""]",Founded by Prof. Deepak Jain and Mansi Jain; incubated at FITT IIT Delhi. Raised INR 6 crore seed (Mar 2026) co-led by Mounttech Growth Fund-Kavachh and Yali Capital. LinkedIn company page not confirmed.,2026-09-30T12:27:00Z,2026-09-30T12:27:00Z,"[""WP-0013-R2""]",Sub-systems,Exposure; Illumination Sources - Laser; Lamp; X-ray & other,SEMICON India,401.04;401.10;205.01
d:deerns.com,Deerns Spectrum,deerns spectrum,"[""deerns spectrum"", ""deerns spectrum private"", ""deerns india"", ""proworks engineering and technical services""]","[""Deerns Spectrum Private Limited"", ""Deerns India"", ""Proworks Engineering and Technical Services""]",Deerns Spectrum Private Limited,https://www.deerns.com,deerns.com,,,Thane,IN,APAC,[],,unknown,subsidiary,Deerns,,701,701.09,service,"[""fab facility design"", ""process-critical utilities"", ""cleanroom engineering"", ""MEP consultancy"", ""water reuse""]","[""semiconductor fabs"", ""data centres"", ""life sciences"", ""healthcare""]","Indian joint venture of Dutch engineering consultancy Deerns (majority shareholder) with Spectrum PharmaTECH Consultants, providing facility and utilities engineering for semiconductor fabs, data centres and life-sciences plants.",partial,0.7,"[""https://www.deerns.com/news/deerns-expands-its-footprint-in-asia/"", ""https://www.deerns.com/news/deerns-mumbai-office-opening/"", ""https://www.deerns.com/""]","JV formed by rebranding Proworks Engineering and Technical Services, a Spectrum sister company, after the Deerns-Spectrum PharmaTECH MOU. Indian office in Thane, Mumbai; group parent Deerns is Netherlands-based (approx. 750 staff, 16 offices, 9 countries). No dedicated LinkedIn company page confirmed.",2026-09-30T12:33:00Z,2026-09-30T12:33:00Z,"[""WP-0013-R2""]",Manufacturing Services or Consulting,Facility Design; Construction; Architectural,SEMICON India,701.09;701.08;701.05;500.01;701.06
d:deltaww.com,Delta Electronics,delta electronics,"[""delta electronics"", ""delta electronics india pvt"", ""delta electronics india private"", ""delta""]","[""Delta Electronics India Pvt Ltd"", ""Delta Electronics India Private Limited"", ""Delta Electronics, Inc."", ""Delta Group""]","Delta Electronics, Inc.",https://www.deltaww.com,deltaww.com,https://www.linkedin.com/company/delta-electronics-india,delta-electronics-india,Taipei,TW,APAC,"[{""city"": null, ""country"": ""IN"", ""type"": ""subsidiary""}]",1971,10001+,public,,TWSE:2308,401,401.13,component_supplier,"[""power electronics"", ""industrial automation"", ""linear motors"", ""motion control"", ""collaborative robots"", ""automated optical inspection"", ""digital twin"", ""data centre infrastructure""]","[""semiconductor fabs"", ""data centres"", ""industrial automation"", ""infrastructure"", ""EV""]","Taiwan-headquartered power and thermal management group (founded 1971, TWSE 2308) whose Power Electronics, Automation and Infrastructure units supply power systems, sub-2-micron motion control, cobots and AOI to semiconductor manufacturing.",complete,0.85,"[""https://www.deltaww.com"", ""https://deltaelectronicsindia.com/"", ""https://in.linkedin.com/company/delta-electronics-india"", ""https://timestech.in/delta-showcases-ai-driven-smart-manufacturing-solutions-at-semicon-india-2026/""]","Exhibitor is the Indian subsidiary Delta Electronics India Pvt Ltd (operating in India since 2003, country site deltaelectronicsindia.com); folded into the Delta Electronics, Inc. group record. Group revenue approx. USD 17.9bn (2025).",2026-09-30T12:33:00Z,2026-09-30T12:33:00Z,"[""WP-0013-R2""]",Sub-systems,Power Supplies; RF Generators; Converters; Electrical Conditioning,SEMICON India,401.13;401.09;502.02;500.04;202.09
d:dhl.com,DHL Supply Chain,dhl supply chain,"[""dhl supply chain"", ""dhl supply chain india"", ""dhl"", ""deutsche post dhl""]","[""DHL Supply Chain India"", ""DHL Group"", ""Deutsche Post DHL Group""]",DHL Group,https://www.dhl.com,dhl.com,,,Bonn,DE,EMEA,"[{""city"": null, ""country"": ""IN"", ""type"": ""subsidiary""}]",1969,10001+,public,,XETRA:DHL,801,801.03,service,"[""contract logistics"", ""capital equipment logistics"", ""construction logistics"", ""service parts logistics"", ""lead logistics partner"", ""warehousing""]","[""semiconductor fabs"", ""technology"", ""industrial""]","Contract-logistics division of DHL Group offering semiconductor supply-chain services in India, from fab construction and capital-equipment transport to spare-parts service logistics across 140 countries.",complete,0.8,"[""https://www.dhl.com/in-en/home/technology-logistics/semiconductor-logistics.html"", ""https://www.dhl.com/in-en/home/supply-chain/about-us.html"", ""https://dhlsupplychain.dhl.com/LLP-India""]","Exhibitor is the India arm of DHL Supply Chain; folded into the DHL Group record. India-based Business Support Centre runs 24x7 order processing, asset management and procurement; LLP services in India for 10+ years. LinkedIn company URL not confirmed in results.",2026-09-30T12:40:00Z,2026-09-30T12:40:00Z,"[""WP-0013-R2""]",Distribution and Logistics,"Distribution, Warehousing, 3rd Party Logistics Providers (3PL)",SEMICON India,801.03;801.04;801.02;801.01;804.13
d:dhruvts.com,Dhruv Technology Solutions,dhruv technology solutions,"[""dhruv technology solutions"", ""dhruv compusoft consultancy pvt"", ""dhruv compusoft consultancy private"", ""dhruv mes""]","[""Dhruv Compusoft consultancy pvt ltd"", ""DHRUV COMPUSOFT CONSULTANCY PRIVATE LIMITED"", ""Dhruv Technology Solutions"", ""DHRUV MES""]",Dhruv Compusoft Consultancy Private Limited,https://www.dhruvts.com,dhruvts.com,https://www.linkedin.com/company/dhruv-technology-solutions,dhruv-technology-solutions,Bengaluru,IN,APAC,"[{""city"": ""Sunnyvale"", ""country"": ""US"", ""type"": ""office""}, {""city"": null, ""country"": ""SG"", ""type"": ""office""}, {""city"": null, ""country"": ""MY"", ""type"": ""office""}, {""city"": null, ""country"": ""NL"", ""type"": ""office""}, {""city"": null, ""country"": ""LV"", ""type"": ""office""}]",2005,201-500,private,,,602,602.03,software,"[""MES"", ""Siemens Opcenter"", ""Camstar"", ""advanced planning and scheduling"", ""manufacturing intelligence"", ""industrial IoT"", ""factory automation""]","[""semiconductor"", ""medical devices"", ""electronics"", ""automotive""]","Bengaluru-based digital-manufacturing services firm and Siemens Opcenter/Camstar alliance partner, implementing MES, APS, manufacturing intelligence and industrial IoT for semiconductor, electronics, medical-device and automotive plants.",complete,0.85,"[""https://www.dhruvts.com"", ""https://www.linkedin.com/company/dhruv-technology-solutions"", ""https://www.siemens.com/en-us/ecosystem/dhruv-technology-solutions/"", ""https://www.zaubacorp.com/DHRUV-COMPUSOFT-CONSULTANCY-PRIVATE-LIMITED-U72900KA2011PTC059689""]","Trades as Dhruv Technology Solutions; legal entity CIN U72900KA2011PTC059689 (incorporated 22 Dec 2011) while the site claims 19+ years of operation (founded 2005). Registered office Basaveshwara Nagar, Bengaluru 560079. 8 global locations, 200+ engineers.",2026-09-30T12:40:00Z,2026-09-30T12:40:00Z,"[""WP-0013-R2""]",Manufacturing Software,Manufacturing Execution Software (MES),SEMICON India,602.03;602.02;602.01;602.04;701.17
d:disco.co.jp,DISCO,disco,"[""disco"", ""disco hi tec""]","[""Disco Hi-Tec (Singapore) Pte Ltd.""]",DISCO Corporation,https://www.disco.co.jp,disco.co.jp,,,Tokyo,JP,APAC,"[{""city"": ""Singapore"", ""country"": ""SG"", ""type"": ""regional_hq""}]",1937,unknown,public,,,200,200.08,oem,"[""dicing saws"", ""laser saws"", ""grinders"", ""polishers"", ""dicing blades"", ""grinding wheels""]","[""semiconductor"", ""electronic components""]","Japanese maker of precision cutting, grinding and polishing equipment (dicing saws, grinders) and tools (blades, wheels) for semiconductor manufacturing. Disco Hi-Tec Singapore (est. 1984) is its SEA regional HQ.",partial,0.75,"[""https://www.disco.co.jp/global_recruit/sgp"", ""https://disco.co.jp/eg/news/corp/20240903.html"", ""https://www.semi.org/en/resources/member-directory/disco-corporation""]",LinkedIn page not found in search.,2026-09-30T12:20:00Z,2026-09-30T12:20:00Z,"[""WP-0014""]",Packaging and Assembly Equipment,Dicing; Sawing; Scribing; Separation Equipment,SEMICON India,200.08;200.01;300.12;207.02
d:dixoninfo.com,Dixon Technologies,dixon technologies,"[""dixon technologies""]","[""Dixon Technologies (India) Limited""]",Dixon Technologies (India) Limited,https://www.dixoninfo.com,dixoninfo.com,,,Noida,IN,APAC,[],1993,unknown,public,,NSE:DIXON,701,701.01,service,"[""EMS"", ""smartphones"", ""televisions"", ""LED lighting"", ""OSAT"", ""display assembly""]","[""consumer electronics"", ""mobile"", ""lighting"", ""appliances""]","Indian electronics manufacturing services (EMS/ODM) company making smartphones, TVs, appliances and lighting; expanding into display assembly and semiconductor packaging.",complete,0.75,"[""https://en.wikipedia.org/wiki/Dixon_Technologies"", ""https://www.sahi.com/news/dixon-tech-eyes-40-value-addition-as-pm-modi-chairs-semiconductor-high-level-meet-3872-PE1_COR""]",LinkedIn page not found in search.,2026-09-30T12:20:00Z,2026-09-30T12:20:00Z,"[""WP-0014""]",Manufacturing Services or Consulting,Assembly,SEMICON India,701.01;903.04
d:dockweiler.com,Dockweiler,dockweiler,"[""dockweiler"", ""dockweiler india pvt""]","[""Dockweiler India Pvt Ltd""]",Dockweiler AG,https://www.dockweiler.com,dockweiler.com,,,Neustadt-Glewe,DE,EMEA,"[{""city"": null, ""country"": ""IN"", ""type"": ""subsidiary""}, {""city"": null, ""country"": ""JP"", ""type"": ""subsidiary""}, {""city"": null, ""country"": ""US"", ""type"": ""subsidiary""}]",,501-1000,private,,,400,400.19,component_supplier,"[""UHP stainless steel tubing"", ""fittings"", ""ball valves"", ""orbital welding""]","[""semiconductor"", ""pharmaceutical"", ""biotech""]","German manufacturer of high-purity stainless steel tube systems, fittings and components for semiconductor and pharmaceutical plants; subsidiaries include Dockweiler India.",complete,0.75,"[""https://portal2026.semiconindia.org/co/dockweiler-india-pvt-ltd"", ""https://www.semi.org/en/resources/member-directory/dockweiler-ag"", ""https://japan.ahk.de/ahk_japan_en/membership/member-directory/dockweiler-japan-co.-ltd""]","Ownership assumed private (AG, no listing seen); LinkedIn not found.",2026-09-30T12:20:00Z,2026-09-30T12:20:00Z,"[""WP-0014""]","Components, Parts & Accessories",Pipe; Tubing; Hose; Flanges; Connectors; Couplings; Plumbing Fittings,SEMICON India,400.19;400.10
n:dou yee,Dou Yee,dou yee,"[""dou yee"", ""dou yee enterprises""]","[""Dou Yee Enterprises (S) Pte Ltd""]",Dou Yee Enterprises (S) Pte Ltd,,,https://www.linkedin.com/company/dou-yee-international-official,dou-yee-international-official,Singapore,SG,APAC,"[{""city"": ""Seremban"", ""country"": ""MY"", ""type"": ""manufacturing""}, {""city"": ""Suzhou"", ""country"": ""CN"", ""type"": ""manufacturing""}, {""city"": null, ""country"": ""FR"", ""type"": ""manufacturing""}]",1982,unknown,private,,,900,900.02,materials,"[""ESD packaging"", ""cleanroom apparel"", ""cleanroom consumables"", ""humidity control"", ""microcontamination control""]","[""semiconductor"", ""data storage"", ""electronics"", ""biomedical""]","Singapore-based industrial solutions provider since 1982 making ESD/humidity-control electronics packaging, cleanroom apparel and contamination-control products.",partial,0.6,"[""https://www.semi.org/en/resources/member-directory/dou-yee-enterprises-s-pte-ltd"", ""https://portal2027.semiconsea.org/co/dou-yee-enterprises-pte-ltd"", ""https://app.dealroom.co/companies/dou_yee_international""]",Website not confirmed; LinkedIn slug from third-party listing.,2026-09-30T12:20:00Z,2026-09-30T12:20:00Z,"[""WP-0014""]",Support Products,Clean Room Supplies; Cleaning Supplies,SEMICON India | SEMICON West,900.02;502.03;900.05;900.03
n:dtech products,DTECH Products,dtech products,"[""dtech products"", ""dtech products pvt""]","[""DTECH PRODUCTS PVT LTD""]",,,,,,,IN,APAC,[],,unknown,unknown,,,,,other,[],[],,not_found,0.1,[],No matching company found; only similarly named unrelated firms.,2026-09-30T12:20:00Z,2026-09-30T12:20:00Z,"[""WP-0014""]",,,SEMICON India,
n:durga mechatronics,Durga Mechatronics,durga mechatronics,"[""durga mechatronics"", ""durga mechatronics pvt""]","[""Durga Mechatronics Pvt. Ltd.""]",Durga Mechatronics Private Limited,,,,,Mumbai,IN,APAC,[],1979,11-50,private,,,804,804.14,distributor,"[""bearings"", ""linear guides"", ""ballscrews"", ""AC drives"", ""motors"", ""pneumatics""]","[""machine tools"", ""steel"", ""HVAC"", ""industrial""]","Mumbai-based distributor of industrial power transmission and automation components (bearings, linear motion, drives, motors, pneumatics).",partial,0.6,"[""https://www.industrialautomationindia.in/directory/durga-mechatronics-pvt-ltd""]",Website not found.,2026-09-30T12:22:00Z,2026-09-30T12:22:00Z,"[""WP-0014""]",Professional Services,Sales; Manufacturers Representation or Distributors,SEMICON India,804.14;400.01;401.09;400.17
n:dyna filters,Dyna Filters,dyna filters,"[""dyna filters"", ""dyna filters private""]","[""DYNA Filters Private Limited""]",Dyna Filters Private Limited,,,,,Pune,IN,APAC,[],1982,201-500,private,,,501,501.02,oem,"[""HEPA filters"", ""ULPA filters"", ""laminar airflow"", ""biosafety cabinets"", ""modular cleanrooms""]","[""pharmaceutical"", ""electronics"", ""nuclear""]","Pune-based manufacturer (est. 1982) of HEPA/ULPA air filters, laminar airflow units, isolators and modular cleanroom systems.",partial,0.6,"[""https://m.indiamart.com/dynafilters/about-us.html"", ""https://www.cphi-online.com/company/dyna-filters-pvt-ltd/""]",Own website not found.,2026-09-30T12:22:00Z,2026-09-30T12:22:00Z,"[""WP-0014""]","HVAC, Temperature, Humidity, Contamination Control",Contamination Control; HEPA Filtering Systems,SEMICON India,501.02;501.01
d:e3techsys.com,E3 Tech Systems & Services,e3 tech systems and services,"[""e3 tech systems and services""]","[""E3 TECH SYSTEMS AND SERVICES LLP""]",E3 Tech Systems and Services LLP,https://www.e3techsys.com,e3techsys.com,https://www.linkedin.com/company/e3-tech-systems-services,e3-tech-systems-services,Visakhapatnam,IN,APAC,[],2015,unknown,private,,,401,401.17,component_supplier,"[""single fluid temperature control system"", ""chillers"", ""reactor automation"", ""process instrumentation"", ""condition monitoring""]","[""pharmaceutical"", ""defense"", ""chemical process""]","Indian LLP that designs single-fluid heating/cooling temperature control systems, lab and kilo-lab reactor automation, chillers and process instrumentation for pharma, chemical and defence customers.",complete,0.82,"[""https://www.e3techsys.com/"", ""https://in.linkedin.com/company/e3-tech-systems-services"", ""https://www.zaubacorp.com/company/E3-TECH-SYSTEMS-AND-SERVICES-LLP/AAD-4508""]",Automation/thermal-control supplier rather than a semiconductor-specific vendor. Registry incorporation 26 Dec 2015; company site claims 2014 founding.,2026-09-30T12:26:00Z,2026-09-30T12:26:00Z,"[""WP-0014-R2""]",Sub-systems,Temperature Sensing; Control; Recirculators; Chillers; Heat Exchangers,SEMICON India,401.17;400.23;401.14;701.02
d:ebara.com,EBARA,ebara,"[""ebara"", ""ebara precision machinery""]","[""Ebara Corporation"", ""EBARA CORPORATION"", ""Ebara Precision Machinery""]",Ebara Corporation,https://www.ebara.com,ebara.com,https://www.linkedin.com/company/ebara-corporation,ebara-corporation,Tokyo,JP,APAC,"[{""city"": ""Fujisawa"", ""country"": ""JP"", ""type"": ""manufacturing""}, {""city"": ""Kumamoto"", ""country"": ""JP"", ""type"": ""manufacturing""}, {""city"": ""Sacramento"", ""country"": ""US"", ""type"": ""manufacturing""}]",1912,10001+,public,,TSE:6361,207,207.02,oem,"[""CMP"", ""dry vacuum pumps"", ""turbo-molecular pumps"", ""electrochemical plating"", ""plasma abatement"", ""wafer cleaning""]","[""logic"", ""memory"", ""advanced packaging"", ""industrial pumps""]","Japanese public machinery group whose Precision Machinery Company supplies CMP, plating and cleaning systems plus dry vacuum and turbo-molecular pumps and gas abatement systems to semiconductor fabs.",complete,0.92,"[""https://www.ebara.com/global-en/precision/"", ""https://www.linkedin.com/company/ebara-corporation"", ""https://en.wikipedia.org/wiki/Ebara_Corporation"", ""https://www.ebara-pm.eu/about-ebara/""]","Group-level record; Ebara Technologies (US), EBARA Precision Machinery Europe and Ebara India are subsidiaries. LinkedIn page shows a 1001-5000 bucket, but group headcount is reported above 21,000.",2026-09-30T12:28:00Z,2026-09-30T12:28:00Z,"[""WP-0014-R2""]",Process Equipment,"Chemical Mechanical Polishing (CMP); Electro Polishing, Mechanical Polishing Equipment",SEMICON India,207.02;401.16;207.14;207.03;500.13
d:ecolab.com,Ecolab,ecolab,"[""ecolab""]","[""Ecolab""]",Ecolab Inc.,https://www.ecolab.com,ecolab.com,https://www.linkedin.com/company/ecolab,ecolab,Saint Paul,US,Americas,[],1923,10001+,public,,NYSE:ECL,500,500.01,materials,"[""ultrapure water"", ""UPW systems"", ""water treatment chemistry"", ""water reclamation"", ""Nalco Water"", ""Ovivo Ultra-Pure Water+""]","[""logic"", ""memory"", ""microelectronics fabs"", ""data centers"", ""food and healthcare""]","US public water, hygiene and infection-prevention company whose Nalco Water and Ultra-Pure Water+ businesses supply ultrapure water systems, water treatment chemistry and reclamation services to microelectronics fabs.",complete,0.9,"[""https://www.ecolab.com/about/industries-we-serve/manufacturing/microelectronics"", ""https://www.ecolab.com/en-us/about/our-businesses/ovivo-ultra-pure-water-by-ecolab"", ""https://www.linkedin.com/company/ecolab"", ""https://en.wikipedia.org/wiki/Ecolab""]","Diversified group; semiconductor exposure is via Nalco Water microelectronics and Ovivo Ultra-Pure Water+. About 48,000 employees, ~$16B sales, 170+ countries.",2026-09-30T12:31:00Z,2026-09-30T12:31:00Z,"[""WP-0014-R2""]",Factory Monitoring & Control Systems (FMCS),Chemical; Pure Water; Fluid Handling; Storage; Supply Systems,SEMICON India,500.01;301.04;500.02;500.13;301.03
d:edgecortix.com,EdgeCortix,edgecortix,"[""edgecortix"", ""edgecortix india research center pvt""]","[""EdgeCortix India Research Center Pvt Ltd""]",,https://www.edgecortix.com,edgecortix.com,https://www.linkedin.com/company/edgecortix,edgecortix,Tokyo,JP,APAC,"[{""city"": null, ""country"": ""IN"", ""type"": ""R&D""}]",2019,unknown,private,,,903,903.10,fab_idm,"[""AI accelerator"", ""edge AI inference"", ""AI processor""]","[""edge AI""]","Fabless developer of low-power AI inference processors and accelerator software for edge computing; HQ in Tokyo, with an India research center.",complete,0.8,"[""https://www.edgecortix.com/en/board-of-directors"", ""https://www.cbinsights.com/company/edgecortix""]",value_chain_role approximated (fabless); LinkedIn URL from search summary.,2026-09-30T12:14:02Z,2026-09-30T12:14:02Z,"[""WP-0015""]",Electronic Components,Design: Fabless,SEMICON India,903.10;903.11
n:edgetech air systems,Edgetech Air Systems,edgetech air systems,"[""edgetech air systems"", ""edgetech air systems pvt""]","[""Edgetech Air Systems Pvt. Ltd.""]",Edgetech Air Systems Private Limited,,,,,New Delhi,IN,APAC,[],2005,unknown,private,,,501,501.03,oem,"[""air handling units"", ""cleanroom AHU"", ""HVAC""]","[""pharmaceutical"", ""healthcare"", ""industrial""]","Indian manufacturer of air handling units and HVAC systems, including AHRI-certified cleanroom AHUs.",partial,0.6,"[""https://www.cphi-online.com/company/edgetech-air-systems-pvt-ltd/"", ""https://www.infyner.com/company/edgetech/U29192DL2005PTC132505""]",Website not confirmed.,2026-09-30T12:14:02Z,2026-09-30T12:14:02Z,"[""WP-0015""]","HVAC, Temperature, Humidity, Contamination Control",HVAC; Temperature; Humidity Systems and Control,SEMICON India,501.03;501.01
n:edgetech scientific,Edgetech Scientific,edgetech scientific,"[""edgetech scientific"", ""edgetech scientific private""]","[""EDGETECH SCIENTIFIC PRIVATE LIMITED""]",,,,,,,IN,APAC,[],,unknown,private,,,804,804.14,distributor,"[""metrology distribution""]",[],Indian distributor; appeared as local distributor alongside Semilab at SEMICON India 2024.,partial,0.4,"[""https://semilab.com/events/semicon-india-2024""]",Little public info; website/LinkedIn not found.,2026-09-30T12:14:02Z,2026-09-30T12:14:02Z,"[""WP-0015""]",Professional Services,Sales; Manufacturers Representation or Distributors,SEMICON India,804.14
n:edveon technologies,Edveon Technologies,edveon technologies,"[""edveon technologies"", ""edveon technologies private""]","[""Edveon Technologies Private Limited""]",Edveon Technologies Private Limited,,,,,Chennai,IN,APAC,[],2018,51-200,private,,,701,701.04,service,"[""ASIC design verification"", ""RTL design"", ""validation"", ""VLSI services""]","[""semiconductor""]","Chennai-based VLSI services company offering ASIC design verification, RTL design and synthesis, and validation.",partial,0.6,"[""https://www.cbinsights.com/company/edveon-technologies"", ""https://inc42.com/company/edveon-technologies/""]",Website not directly confirmed; about 127 employees per CB Insights.,2026-09-30T12:14:02Z,2026-09-30T12:14:02Z,"[""WP-0015""]",Manufacturing Services or Consulting,Circuit Design; Electronic Design Services (EDS); System Level Design (SLD),SEMICON India,701.04;903.09
d:edwardsvacuum.com,Edwards Vacuum,edwards vacuum,"[""edwards vacuum"", ""edwards india pvt""]","[""Edwards India Pvt Ltd""]",Edwards Ltd,https://www.edwardsvacuum.com,edwardsvacuum.com,,,Burgess Hill,GB,EMEA,"[{""city"": ""Pune"", ""country"": ""IN"", ""type"": ""subsidiary""}, {""city"": ""Bengaluru"", ""country"": ""IN"", ""type"": ""office""}, {""city"": ""Delhi"", ""country"": ""IN"", ""type"": ""office""}]",,unknown,subsidiary,Atlas Copco,,401,401.16,component_supplier,"[""vacuum pumps"", ""exhaust management"", ""abatement""]","[""semiconductor"", ""flat panel display"", ""LED"", ""solar""]","UK vacuum pump and exhaust gas management manufacturer, part of Atlas Copco since 2014; Edwards India operates in Pune, Bengaluru and Delhi.",complete,0.75,"[""https://www.edwardsvacuum.com/en-in/news-and-events/semicon-india-2026"", ""https://wikipedia.com/wiki/BOC_Edwards""]",,2026-09-30T12:14:02Z,2026-09-30T12:14:02Z,"[""WP-0015""]",Sub-systems,"Pumps, Vacuum",SEMICON India,401.16;500.13;400.24
d:electronicsforu.com,EFY Group,efy,"[""efy"", ""efy enterprises pvt""]","[""EFY Enterprises Pvt Ltd""]",EFY Enterprises Pvt Ltd,https://www.electronicsforu.com,electronicsforu.com,,,New Delhi,IN,APAC,[],1969,unknown,private,,,804,804.12,other,"[""Electronics For You"", ""magazines"", ""events""]","[""electronics""]","New Delhi-based technology publisher of Electronics For You magazine, web portals and industry events.",complete,0.7,"[""https://en.wikipedia.org/wiki/Electronics_For_You"", ""https://pay.electronicsforu.com/electronicsforu/Help""]",founded_year refers to first magazine publication.,2026-09-30T12:14:02Z,2026-09-30T12:14:02Z,"[""WP-0015""]",Professional Services,Publications or Magazines; Printing,SEMICON India,804.12;804.15
n:einnosys,Einnosys,einnosys,"[""einnosys"", ""einnosys technologies""]","[""Einnosys Technologies""]",EINNOSYS Technologies LLP,,,,,,IN,APAC,"[{""city"": ""Milpitas"", ""country"": ""US"", ""type"": ""sales""}, {""city"": null, ""country"": ""SG"", ""type"": ""sales""}, {""city"": null, ""country"": ""MY"", ""type"": ""sales""}, {""city"": null, ""country"": ""TW"", ""type"": ""sales""}, {""city"": null, ""country"": ""KR"", ""type"": ""sales""}, {""city"": null, ""country"": ""PH"", ""type"": ""sales""}]",,unknown,private,,,600,600.01,software,"[""SECS/GEM"", ""EIGEMBox"", ""FDC"", ""APC"", ""predictive maintenance""]","[""semiconductor"", ""MEMS"", ""PV"", ""LED"", ""FPD""]","Semiconductor factory automation software company offering SECS/GEM connectivity, FDC, APC and predictive maintenance solutions.",partial,0.65,"[""https://www.semi.org/en/resources/member-directory/einnosys-technologies-llp"", ""https://builtin.com/company/einnosys""]",Website not directly confirmed.,2026-09-30T12:14:02Z,2026-09-30T12:14:02Z,"[""WP-0015""]",Communication Software,Equipment Interface; Communication Protocols,SEMICON India,600.01;602.02;602.06
n:el camino technologies,El Camino Technologies,el camino technologies,"[""el camino technologies"", ""el camino technologies pvt""]","[""El Camino Technologies Pvt Ltd""]",Elcamino Technologies Private Limited,,,,,Bengaluru,IN,APAC,"[{""city"": ""Gurgaon"", ""country"": ""IN"", ""type"": ""sales""}, {""city"": ""Mumbai"", ""country"": ""IN"", ""type"": ""sales""}]",1989,unknown,private,,,804,804.14,distributor,"[""semiconductor equipment representation"", ""thin film"", ""MEMS"", ""solar PV""]","[""R&D"", ""government labs"", ""education""]","Bengaluru-based representative/distributor of semiconductor, thin/thick film, MEMS, nano and solar technologies for the Indian market.",partial,0.6,"[""https://m.indiamart.com/elcamino-technologies""]",Website not confirmed.,2026-09-30T12:14:02Z,2026-09-30T12:14:02Z,"[""WP-0015""]",Professional Services,Sales; Manufacturers Representation or Distributors,SEMICON India,804.14
d:ellipsiz.com,Ellipsiz DSS,ellipsiz dss,"[""ellipsiz dss""]","[""Ellipsiz DSS Pte Ltd""]",Ellipsiz DSS Pte. Ltd.,https://ellipsiz.com,ellipsiz.com,,,Singapore,SG,APAC,"[{""city"": null, ""country"": ""MY"", ""type"": ""sales""}, {""city"": null, ""country"": ""CN"", ""type"": ""sales""}, {""city"": null, ""country"": ""TW"", ""type"": ""sales""}]",,unknown,subsidiary,Ellipsiz Ltd,SGX:BIX,804,804.14,distributor,"[""lithography"", ""wet benches"", ""coater/developer"", ""abatement"", ""board test""]","[""semiconductor"", ""electronics""]","Distribution and services arm of SGX-listed Ellipsiz Ltd, distributing fab process and board test equipment and providing fab support services.",complete,0.75,"[""https://ellipsiz.com/?p=1733"", ""https://acrawatch.sg/company/ellipsiz-dss-pte-ltd""]",stock_ticker belongs to parent Ellipsiz Ltd.,2026-09-30T12:14:02Z,2026-09-30T12:14:02Z,"[""WP-0015""]",Professional Services,Sales; Manufacturers Representation or Distributors,SEMICON India,804.14;700.19;701.09
n:eltech engineers,Eltech Engineers,eltech engineers,"[""eltech engineers"", ""eltech engineers pvt""]","[""Eltech Engineers Pvt Ltd""]",,,,,,Mumbai,IN,APAC,[],1992,unknown,private,,,502,502.03,oem,"[""corona treaters"", ""static eliminators"", ""ozone generators"", ""induction cap sealing""]","[""packaging"", ""plastics"", ""water treatment""]","Mumbai manufacturer of corona treating systems, static charge eliminators, induction cap sealers and ozone generators.",partial,0.5,"[""https://freshdi.com/supplier/Eltech-Engineers""]",Website not confirmed.,2026-09-30T12:14:02Z,2026-09-30T12:14:02Z,"[""WP-0015""]",Material Handling Systems,Static; ESD Control,SEMICON India,502.03;500.08
n:eo technics,EO Technics,eo technics,"[""eo technics"", ""eo technics singapore""]","[""EO Technics Singapore Pte, Ltd.""]","EO Technics Co., Ltd.",,,,,Anyang,KR,APAC,"[{""city"": ""Singapore"", ""country"": ""SG"", ""type"": ""sales""}, {""city"": ""Gilbert"", ""country"": ""US"", ""type"": ""sales""}]",1989,unknown,public,,KOSDAQ:039030,207,207.19,oem,"[""laser marking"", ""laser grooving"", ""laser dicing"", ""laser drilling"", ""wafer annealing""]","[""semiconductor"", ""display"", ""PCB""]","Korean laser processing equipment maker (strip, tray and wafer markers, grooving/dicing, drilling, annealing); exhibited via its Singapore subsidiary.",partial,0.6,"[""https://portal2027.semiconsea.org/co/eo-technics-singapore-pte-ltd"", ""https://www.semi.org/en/resources/member-directory/eo-technics-co-ltd"", ""https://www.investing.com/equities/eo-technics-co-ltd""]",Official website and LinkedIn URL not seen in results.,2026-09-30T12:16:00Z,2026-09-30T12:16:00Z,"[""WP-0016""]",Process Equipment,Wafer Identification; Marking Equipment,SEMICON India,207.19;200.17;200.08;202.01
n:esmo,esmo,esmo,"[""esmo"", ""esmo asia""]","[""Esmo Asia Pte. Ltd.""]",esmo AG,,,,,Rosenheim,DE,EMEA,"[{""city"": ""Singapore"", ""country"": ""SG"", ""type"": ""manufacturing""}]",2001,201-500,private,,,208,,oem,"[""test handlers"", ""manipulators"", ""docking"", ""interfacing"", ""automation""]","[""semiconductor test""]","German group supplying semiconductor test handlers, manipulators and docking/interfacing solutions plus special-purpose automation; Esmo Asia is its Singapore entity.",partial,0.6,"[""https://companieshouse.sg/esmo-asia-200312712r"", ""https://www.semi.org/en/resources/member-directory/esmo-ag"", ""https://themachinemaker.com/news/esmo-group-marks-25-years-with-global-expansion-across-key-semiconductor-markets/""]",Website/LinkedIn not seen; primary subcategory under 208 not verified.,2026-09-30T12:16:00Z,2026-09-30T12:16:00Z,"[""WP-0016""]",Test Equipment,,SEMICON India,200.07
d:evgroup.com,EV Group,ev,"[""ev""]","[""EV Group"", ""EV Group Inc.""]",,https://www.evgroup.com,evgroup.com,https://www.linkedin.com/company/ev-group,ev-group,St. Florian am Inn,AT,EMEA,[],1980,1001-5000,private,,,200,200.26,oem,"[""wafer bonding"", ""thin-wafer processing"", ""nanoimprint lithography"", ""lithography"", ""metrology""]","[""MEMS"", ""compound semiconductor"", ""power"", ""advanced packaging""]","Austrian supplier of wafer bonding, thin-wafer processing, lithography/nanoimprint and metrology equipment for semiconductors, MEMS and compound semiconductors.",complete,0.9,"[""https://linkedin.com/company/ev-group"", ""https://www.evgroup.com/company/news/2""]",,2026-09-30T12:16:00Z,2026-09-30T12:16:00Z,"[""WP-0016""]",Packaging and Assembly Equipment,Wafer Level Bonders,SEMICON Europa | SEMICON India | SEMICON West,200.26;207.15;200.16;204.03
d:evatecnet.com,Evatec,evatec,"[""evatec""]","[""Evatec AG""]",Evatec AG,https://www.evatecnet.com,evatecnet.com,,,Trübbach,CH,EMEA,"[{""city"": null, ""country"": ""DE"", ""type"": ""sales""}, {""city"": null, ""country"": ""GB"", ""type"": ""sales""}]",2004,201-500,private,,,207,207.07,oem,"[""sputtering"", ""evaporation"", ""PVD"", ""PECVD"", ""ICP etch""]","[""advanced packaging"", ""power"", ""MEMS"", ""wireless"", ""optoelectronics""]","Swiss manufacturer of thin film deposition (sputter, evaporation, PECVD) and etch systems for advanced packaging, power, MEMS, wireless and optoelectronics.",complete,0.75,"[""https://www.semi.org/en/resources/member-directory/evatec-ag"", ""https://www.cbinsights.com/company/evatec"", ""https://www.compoundsemiconductor.net/buyers-guide/companies/221/Evatec-Ltd""]",LinkedIn not found in results; employee range estimate from 338-455 reported.,2026-09-30T12:16:00Z,2026-09-30T12:16:00Z,"[""WP-0016""]",Process Equipment,Deposition; Physical Vapor (PVD); Sputtering; Evaporation Equipment,SEMICON India | SEMICON West,207.07;207.06
d:evidentscientific.com,Evident,evident,"[""evident"", ""evident scientific private""]","[""Evident Scientific Private Limited""]",Evident Corporation,https://www.evidentscientific.com,evidentscientific.com,,,Tokyo,JP,APAC,"[{""city"": ""Gurugram"", ""country"": ""IN"", ""type"": ""sales""}]",2022,unknown,private,,,203,203.16,oem,"[""optical microscopes"", ""laser scanning microscopes"", ""NDT"", ""industrial inspection""]","[""semiconductor"", ""industrial"", ""life science""]","Former Olympus Scientific Solutions division (independent since 2023), making microscopes, NDT and analytical instruments; Indian subsidiary in Gurugram.",complete,0.75,"[""https://www.evidentscientific.com/about"", ""https://evidentscientific.com/about""]",LinkedIn not found in results.,2026-09-30T12:16:00Z,2026-09-30T12:16:00Z,"[""WP-0016""]",Inspection & Measurement Products,Microscopes: Optical Microscopes,SEMICON India,203.16;203.15
n:fabtech technologies cleanrooms,Fabtech Technologies Cleanrooms,fabtech technologies cleanrooms,"[""fabtech technologies cleanrooms"", ""fabtech technologies cleanrooms pvt""]","[""Fabtech Technologies Cleanrooms Pvt Ltd""]",Fabtech Technologies Cleanrooms Limited,,,,,Mumbai,IN,APAC,"[{""city"": ""Umbergaon"", ""country"": ""IN"", ""type"": ""manufacturing""}]",2015,unknown,public,,BSE:544332,501,501.01,service,"[""cleanroom panels"", ""cleanroom doors"", ""HVAC"", ""epoxy flooring"", ""cleanroom turnkey""]","[""pharma"", ""healthcare"", ""solar PV""]","Indian design-to-validation cleanroom solutions provider (modular panels, doors, HVAC, flooring), part of Fabtech Group; listed on BSE/NSE.",partial,0.6,"[""https://groww.in/ipo/fabtech-technologies-cleanrooms-ipo"", ""https://www.screener.in/company/544332/""]",Website/LinkedIn not seen; ticker is BSE scrip code from screener URL.,2026-09-30T12:14:22Z,2026-09-30T12:14:22Z,"[""WP-0016""]","HVAC, Temperature, Humidity, Contamination Control",Clean Rooms,SEMICON India,501.01;701.05
n:fec india,FEC India,fec india,"[""fec india"", ""fec india private"", ""fec india pvt""]","[""FEC India Private Limited"", ""FEC India Pvt. Ltd.""]",FEC India Private Limited,https://fecindia.com,fecindia.com,https://in.linkedin.com/company/fec-india,fec-india,Chennai,IN,APAC,[],2000,unknown,private,,,401,401.15,distributor,"[""air operated double diaphragm pumps"", ""centrifugal pumps"", ""hydraulic pumps"", ""accumulators"", ""vacuum pumps"", ""heat exchangers""]","[""semiconductor"", ""chemical"", ""general industrial""]","Chennai-based distributor and supplier of industrial process pumps, hydraulic pumps, accumulators, valves, filters and heat exchangers for process industries including semiconductors.",complete,0.8,"[""https://fecindia.com/"", ""https://fecindia.com/contact/"", ""https://in.linkedin.com/company/fec-india"", ""https://www.zaubacorp.com/FEC-INDIA-PRIVATE-LIMITED-U29130TN2011PTC082844""]","Registered as FEC India Private Limited (CIN U29130TN2011PTC082844, incorporated 2011); trading operation reported as established 2000. Employee count not verified.",2026-09-30T12:14:22Z,2026-09-30T12:24:29Z,"[""WP-0016"", ""WP-0016-R2""]",Sub-systems,"Pumps, for Fluids",SEMICON India,401.15;401.16;400.10;400.08
n:felcon clean room technology,Felcon Clean Room Technology,felcon clean room technology,"[""felcon clean room technology"", ""felcon clean room technology private"", ""felcon"", ""felcon india"", ""felcon goldsworth""]","[""FELCON CLEAN ROOM TECHNOLOGY (INDIA) PRIVATE LIMITED"", ""Felcon Limited"", ""Felcon India"", ""Felcon Goldsworth Ltd""]",Felcon Limited,https://felcon.co.uk,felcon.co.uk,https://uk.linkedin.com/company/felconltd,felconltd,Newhaven,GB,EMEA,"[{""city"": ""Bangalore"", ""country"": ""IN"", ""type"": ""subsidiary""}]",1971,11-50,private,,,501,501.01,oem,"[""cleanroom equipment"", ""wet processing benches"", ""containment enclosures"", ""air showers"", ""transfer hatches"", ""tube washers""]","[""semiconductor"", ""pharmaceutical"", ""healthcare"", ""laboratory""]","UK manufacturer of custom cleanroom, laboratory and healthcare equipment including wet processing benches, containment enclosures, air showers and transfer hatches; Indian subsidiary registered in Bangalore.",complete,0.85,"[""https://felcon.co.uk/"", ""https://www.felcon-india.in/"", ""https://uk.linkedin.com/company/felconltd"", ""https://www.registerkaro.in/company/felcon-clean-room-technology-india-private-limited-U74900KA2025PTC210871"", ""https://cleanroomtechnology.com/felcon-68266""]","Indian entity FELCON CLEAN ROOM TECHNOLOGY (INDIA) PRIVATE LIMITED (CIN U74900KA2025PTC210871, Bangalore) folded into UK parent Felcon Limited, Newhaven, East Sussex.",2026-09-30T12:14:22Z,2026-09-30T12:24:55Z,"[""WP-0016"", ""WP-0016-R2""]","HVAC, Temperature, Humidity, Contamination Control",Clean Rooms,SEMICON India,501.01;501.02;207.03;207.08;900.02
n:festo,Festo,festo,"[""festo"", ""festo india private"", ""festo and""]","[""Festo India Private Limited"", ""Festo SE & Co. KG"", ""Festo AG & Co. KG""]",Festo SE & Co. KG,https://www.festo.com,festo.com,https://www.linkedin.com/company/festo,festo,Esslingen am Neckar,DE,EMEA,"[{""city"": ""Bangalore"", ""country"": ""IN"", ""type"": ""subsidiary""}]",1956,10001+,private,,,401,401.12,component_supplier,"[""pneumatic automation"", ""valves"", ""actuators"", ""motion control"", ""grippers"", ""electric drives"", ""factory automation""]","[""semiconductor"", ""electronics"", ""automotive"", ""life sciences"", ""process industry""]","German family-owned supplier of pneumatic and electric automation technology - valves, actuators, drives, grippers and motion control - for factory and process automation. Festo India Private Limited is the Bangalore-based subsidiary, active since 1985.",complete,0.85,"[""https://www.zaubacorp.com/company/FESTO-INDIA-PRIVATE-LIMITED/U29220KA1986PTC007449"", ""https://www.industrialautomationindia.in/directory/festo-india-private-limited"", ""https://in.kompass.com/c/festo-india-private-limited/in005236/""]","Record is the group (Festo SE & Co. KG, Esslingen am Neckar). Indian subsidiary CIN U29220KA1986PTC007449, Bommasandra, Bangalore. Founding year 1956 per source; group traces origins earlier. Group employee band taken from LinkedIn bucket, not separately verified.",2026-09-30T12:14:22Z,2026-09-30T12:25:52Z,"[""WP-0016"", ""WP-0016-R2""]",Sub-systems,Pneumatic Systems; Pneumatic rotary spindles,SEMICON India,401.12;401.09;400.10;502.02;400.23
n:filmtec water solutions india,FilmTec Water Solutions India,filmtec water solutions india,"[""filmtec water solutions india"", ""filmtec water solutions india private""]","[""FILMTEC WATER SOLUTIONS INDIA PRIVATE LIMITED""]",FILMTEC WATER SOLUTIONS INDIA PRIVATE LIMITED,,,,,Mumbai,IN,APAC,[],2024,unknown,subsidiary,,,500,500.01,distributor,"[""water treatment"", ""reverse osmosis"", ""membranes"", ""ultrapure water""]","[""semiconductor"", ""water treatment""]","Mumbai-registered company incorporated November 2024 as a subsidiary of a foreign company; MCA records its main line of business as wholesale trade, positioned in water treatment and membrane solutions.",partial,0.45,"[""https://www.instafinancials.com/company/filmtec-water-solutions-india-private-limited-U46909MH2024FTC435833""]","No corporate website or LinkedIn page found. CIN U46909MH2024FTC435833 (FTC = subsidiary of a foreign company), registered office Unit 903A, CTS 51B Godrej, Vikhroli, Mumbai 400079. FilmTec is also a DuPont Water Solutions membrane brand, but no evidence was found linking this entity to DuPont - parent left null deliberately. Category assigned from the company name and water-solutions positioning only.",2026-09-30T12:14:22Z,2026-09-30T12:25:52Z,"[""WP-0016"", ""WP-0016-R2""]",Factory Monitoring & Control Systems (FMCS),Chemical; Pure Water; Fluid Handling; Storage; Supply Systems,SEMICON India,500.01;500.02;301.04
n:fixotec,Fixotec,fixotec,"[""fixotec"", ""fixotec pipe supports private""]","[""FIXOTEC PIPE SUPPORTS PRIVATE LIMITED""]",,,,,,Burgbernheim,DE,EMEA,"[{""city"": null, ""country"": ""IN"", ""type"": ""subsidiary""}]",,unknown,private,Symbionet Group,,400,400.19,component_supplier,"[""pipe clamps"", ""modular support systems"", ""mounting rails"", ""vibration control""]","[""facilities"", ""MEP""]","Maker of pipe clamps, modular MEP support and vibration control systems; part of the Symbionet Group (Mueller family), HQ Burgbernheim, Germany.",partial,0.5,"[""https://www.singaporetechnologyweek.com/exhibitor-products/fixotec-pipe-clamps"", ""https://www.singaporetechnologyweek.com/exhibitors/chase-resource-fixotec""]",Official website URL and LinkedIn not confirmed; Indian entity link to German Fixotec inferred from name.,2026-09-30T12:15:00Z,2026-09-30T12:15:00Z,"[""WP-0017""]","Components, Parts & Accessories",Pipe; Tubing; Hose; Flanges; Connectors; Couplings; Plumbing Fittings,SEMICON India,400.19;400.07
d:flowell.co.jp,Flowell,flowell,"[""flowell""]","[""Flowell Corporation""]",Flowell Corporation,https://www.flowell.co.jp,flowell.co.jp,,,Yokohama,JP,APAC,[],,unknown,private,,,400,400.19,component_supplier,"[""fluororesin fittings"", ""PFA tubing"", ""valves"", ""filters"", ""pressure gauges"", ""stainless fittings""]","[""semiconductor equipment"", ""wet process""]","Japanese maker of compact fluid components for semiconductor equipment, specializing in fluororesin tube fittings, tubing, valves, filters and gauges; SEMI member since 1989.",complete,0.75,"[""https://www.flowell.co.jp/"", ""https://www.semi.org/en/resources/member-directory/flowell-corporation""]","LinkedIn not found; HQ relocation announced 2024, new address not verified.",2026-09-30T12:16:00Z,2026-09-30T12:16:00Z,"[""WP-0017""]","Components, Parts & Accessories",Pipe; Tubing; Hose; Flanges; Connectors; Couplings; Plumbing Fittings,SEMICON India,400.19;400.10;400.08
d:fluor.com,Fluor,fluor,"[""fluor""]","[""Fluor""]",Fluor Corporation,https://www.fluor.com,fluor.com,,,Irving,US,Americas,"[{""city"": null, ""country"": ""IN"", ""type"": ""engineering""}]",1912,10001+,public,,NYSE:FLR,701,701.09,service,"[""EPC"", ""fab construction"", ""semiconductor facilities"", ""data centers""]","[""semiconductor fabs"", ""data centers"", ""life sciences"", ""energy""]","Global engineering, procurement and construction (EPC) company with ~23,500 staff that designs and builds advanced semiconductor manufacturing facilities among other industrial projects.",complete,0.75,"[""https://www.fluor.com/""]",LinkedIn URL not verified (search budget exhausted); HQ/ticker/founded from general knowledge of Fluor Corp.,2026-09-30T12:17:00Z,2026-09-30T12:17:00Z,"[""WP-0017""]",Manufacturing Services or Consulting,Facility Design; Construction; Architectural,SEMICON India,701.09;701.21;701.08
n:fluro engineering,Fluro Engineering,fluro engineering,"[""fluro engineering"", ""fluro engineering pvt"", ""fluro engineering private""]","[""Fluro Engineering Pvt Ltd"", ""Fluro Engineering Pvt. Ltd."", ""FLURO ENGINEERING PRIVATE LIMITED""]",Fluro Engineering Private Limited,https://www.fluroengg.com,fluroengg.com,https://www.linkedin.com/company/fluro-engineering-pvt-ltd,fluro-engineering-pvt-ltd,Navi Mumbai,IN,APAC,"[{""city"": ""Bengaluru"", ""country"": ""IN"", ""type"": ""sales""}]",2000,51-200,private,,,401,401.09,distributor,"[""linear motion"", ""ball screws"", ""linear guideways"", ""planetary gearboxes"", ""single-axis robots"", ""servo motors"", ""displacement sensors""]","[""electronics"", ""semiconductor"", ""automotive"", ""aerospace"", ""medical""]","Indian distributor and service provider of linear motion, power transmission and motion-control components, representing brands such as HIWIN, Neugart, Stober, Atlanta and ASM. ISO 9001:2015 certified with 15+ distributors across India.",complete,0.85,"[""https://www.fluroengg.com/about-us/"", ""https://in.linkedin.com/company/fluro-engineering-pvt-ltd"", ""https://www.zaubacorp.com/FLURO-ENGINEERING-PRIVATE-LIMITED-U74210MH2000PTC128257"", ""https://www.tradeindia.com/fluro-engineering-pvt-ltd-999356/""]","Not a semiconductor equipment OEM; a motion-control component distributor serving electronics/semiconductor among many industries. Second domain fluroengg.in resolves to the same business. Registered office: Plot B-29/1, MIDC Taloja, Dist. Raigad 410208.",2026-09-30T12:24:00Z,2026-09-30T12:25:10Z,"[""WP-0017"", ""WP-0017-R2""]",Sub-systems,Motion control systems; Servo control systems & Components,SEMICON India,401.09;401.06;400.01;400.17;400.23;401.07
n:forbes marshall,Forbes Marshall,forbes marshall,"[""forbes marshall"", ""forbes marshall pvt""]","[""Forbes Marshall Pvt Ltd""]",Forbes Marshall Pvt Ltd,,,,,Pune,IN,APAC,[],,unknown,private,,,401,401.17,oem,"[""steam engineering"", ""control instrumentation"", ""valves""]","[""industrial"", ""utilities""]",Indian steam engineering and control instrumentation company based in Pune.,partial,0.5,[],forbesmarshall.com host exists but fetch failed (TLS cert error); website not confirmed from content. Details from general knowledge.,2026-09-30T12:25:00Z,2026-09-30T12:25:00Z,"[""WP-0017""]",Sub-systems,Temperature Sensing; Control; Recirculators; Chillers; Heat Exchangers,SEMICON India,401.17;400.10;401.14
d:fs-elliott.com,FS-Elliott,fs elliott,"[""fs elliott"", ""fs compressors india pvt""]","[""FS COMPRESSORS INDIA PVT LTD""]",,https://www.fs-elliott.com,fs-elliott.com,,,Export,US,Americas,"[{""city"": ""Pune"", ""country"": ""IN"", ""type"": ""manufacturing, sales and service (FS Compressors India Pvt. Ltd.)""}]",,unknown,subsidiary,Fusheng Group,,500,500.08,oem,"[""centrifugal air compressors"", ""gas compressors"", ""oil-free compressed air""]","[""semiconductor fabs"", ""industrial""]","Maker of centrifugal air and gas compressors (FS-Elliott, FS-Curtis brands); FS Compressors India Pvt. Ltd. in Pune is the Fusheng Group's Indian manufacturing, sales and service center.",complete,0.7,"[""https://www.fs-elliott.com/"", ""https://www.fs-elliott.com/our-locations""]",Folded into FS-Elliott record; group parent Fusheng Group. LinkedIn not verified.,2026-09-30T12:20:00Z,2026-09-30T12:20:00Z,"[""WP-0017""]",Factory Monitoring & Control Systems (FMCS),Gas and Other Generation Systems,SEMICON India,500.08;401.12
d:fujifilm.com,FUJIFILM,fujifilm,"[""fujifilm"", ""fujifilm india pvt""]","[""FUJIFILM India Pvt. Ltd""]",FUJIFILM Holdings Corporation,https://www.fujifilm.com,fujifilm.com,,,Tokyo,JP,APAC,"[{""city"": null, ""country"": ""IN"", ""type"": ""subsidiary (FUJIFILM India Private Limited)""}]",1934,10001+,public,,TSE:4901,301,301.07,materials,"[""photoresists"", ""CMP slurries"", ""process chemicals"", ""semiconductor materials""]","[""logic"", ""memory"", ""imaging"", ""healthcare""]","Japanese diversified group whose electronic materials business supplies semiconductor materials such as photoresists, CMP slurries and process chemicals; FUJIFILM India Private Limited is its Indian subsidiary.",complete,0.75,"[""https://www.fujifilm.com/in/en""]",HQ/ticker/founded from general knowledge; LinkedIn not verified.,2026-09-30T12:21:00Z,2026-09-30T12:21:00Z,"[""WP-0017""]",Chemicals & Solids,Photo Resist; Developers & Ancillaries (incl. Adhesion promoter (HMDS); Primer; Anti-Reflective Coat,SEMICON India,301.07;307.01;301.03
d:fujikin.co.jp,Fujikin,fujikin,"[""fujikin""]","[""Fujikin, Incorporated"", ""Fujikin (Deutschland) GmbH""]",Fujikin Incorporated,https://www.fujikin.co.jp,fujikin.co.jp,,,Osaka,JP,APAC,"[{""city"": null, ""country"": ""DE"", ""type"": ""subsidiary (Fujikin (Deutschland) GmbH)""}]",1930,5001-10000,private,,,400,400.10,component_supplier,"[""precision valves"", ""fittings"", ""mass flow controllers"", ""gas delivery systems"", ""UHP components""]","[""semiconductor equipment"", ""medical"", ""energy""]","Japanese manufacturer of special precision valves, fittings and flow control equipment, including ultra-high-purity gas components for semiconductor equipment; founded 1930, ~6,700 group employees.",complete,0.75,"[""https://www.fujikin.co.jp/en/"", ""https://www.fujikin.co.jp/en/company/outline.html""]",HQ Osaka from general knowledge; LinkedIn not verified.,2026-09-30T12:22:00Z,2026-09-30T12:22:00Z,"[""WP-0017""]","Components, Parts & Accessories",Flow Control Components - Valves; Meters; Gauges; Regulators; MFC's,SEMICON Europa | SEMICON India,400.10;401.05;400.19
d:gampservices.com,GAMP Services,gamp services,"[""gamp services"", ""gamp services pvt""]","[""GAMP SERVICES PVT LTD""]",,https://www.gampservices.com,gampservices.com,,,Vadodara,IN,APAC,[],2016,unknown,private,GAMP Group,,701,701.05,service,"[""cleanroom consulting"", ""CQV"", ""validation"", ""thermal validation"", ""CFD analysis"", ""CSV""]","[""semiconductor"", ""pharma"", ""aerospace"", ""defense""]","Vadodara-based validation and compliance consultancy offering cleanroom consulting, CQV, thermal validation and CFD for semiconductor, electronics and life-sciences facilities; active since 2016.",complete,0.7,"[""https://www.gampservices.com/""]",LinkedIn not verified.,2026-09-30T12:26:00Z,2026-09-30T12:26:00Z,"[""WP-0017""]",Manufacturing Services or Consulting,Clean Room; Contamination Control,SEMICON India,701.05;700.04;701.09
n:gastron,Gastron,gastron,"[""gastron"", ""gastron asia pacific""]","[""Gastron Asia Pacific Pte. Ltd""]",,,,,,,,,"[{""city"": ""Singapore"", ""country"": ""SG"", ""type"": ""regional (Gastron Asia Pacific Pte. Ltd)""}]",,unknown,unknown,,,500,500.10,oem,"[""gas detection""]",[],,partial,0.3,[],gastron.com host exists but fetch failed (TLS cert error); search budget exhausted. Gas-detection classification unverified.,2026-09-30T12:27:00Z,2026-09-30T12:27:00Z,"[""WP-0017""]",Factory Monitoring & Control Systems (FMCS),Gas Monitoring Equipment; RGA's; TGO compliance,SEMICON India,500.10
d:gcegroup.com,GCE Group,gce,"[""gce"", ""gce india pvt""]","[""GCE India Pvt. Ltd""]",,https://gcegroup.com,gcegroup.com,,,MalmÃ¶,SE,EMEA,"[{""city"": ""Bangalore"", ""country"": ""IN"", ""type"": ""sales""}, {""city"": ""ChotÄ›boÅ™"", ""country"": ""CZ"", ""type"": ""manufacturing""}]",1987,1001-5000,subsidiary,ESAB Corporation,,500,500.09,oem,"[""gas control equipment"", ""pressure regulators"", ""specialty gas systems"", ""flashback arrestors""]","[""electronics"", ""medical"", ""welding""]","GCE Group is a gas-control equipment manufacturer (regulators, valves, specialty gas supply systems), part of ESAB. GCE India Pvt Ltd in Bangalore is its wholly owned subsidiary.",complete,0.75,"[""https://india.gcegroup.com/about"", ""https://gcegroup.com/about""]",LinkedIn page not found in search.,2026-09-30T12:13:34Z,2026-09-30T12:13:34Z,"[""WP-0018""]",Factory Monitoring & Control Systems (FMCS),Gas Handling - Cabinets; Control; Supply Systems,SEMICON India,500.09;401.05
n:genic,GENIC Co. Ltd.,genic,"[""genic""]","[""GENIC Co. Ltd.""]",,,,,,,,,[],,unknown,unknown,,,,,other,[],[],,not_found,0.1,[],"Only match found is Korean cosmetics maker Genic Co Ltd (KRX 123330), unlikely to be the SEMICON exhibitor; not assigned.",2026-09-30T12:13:34Z,2026-09-30T12:13:34Z,"[""WP-0018""]",,,SEMICON India,
n:genisys,GenISys,genisys,"[""genisys""]","[""GenISys GmbH""]",GenISys GmbH,,,,,Taufkirchen,DE,EMEA,"[{""city"": ""Tokyo"", ""country"": ""JP"", ""type"": ""subsidiary""}, {""city"": ""San Francisco"", ""country"": ""US"", ""type"": ""subsidiary""}]",2005,11-50,private,,,603,603.01,software,"[""BEAMER"", ""TRACER"", ""LAB"", ""MASKER"", ""e-beam lithography data prep"", ""proximity effect correction"", ""lithography simulation""]","[""photonics"", ""MEMS"", ""display"", ""research""]","Munich-area software company providing e-beam and laser lithography data preparation, proximity correction and lithography simulation (BEAMER, LAB, MASKER).",partial,0.6,"[""https://sst.semiconductor-digest.com/?p=33475"", ""https://uwaterloo.ca/quantum-nano-fabrication-and-characterization-facility/news/genisys-ebl-training-workshop-goes-full-circle"", ""https://ensun.io/company/genisys-gmbh-649e41f8f85d30385c237a79""]",Official website and LinkedIn URL not seen in results.,2026-09-30T12:13:34Z,2026-09-30T12:13:34Z,"[""WP-0018""]","Simulation, Analysis; Modeling Software",Mask Making software & simulation,SEMICON Europa | SEMICON India | SEMICON West,603.01;603.02
d:gerb.com,GERB,gerb,"[""gerb"", ""gerb vibration control systems pvt""]","[""GERB Vibration Control Systems Pvt Ltd""]",,https://www.gerb.com,gerb.com,,,,DE,EMEA,"[{""city"": null, ""country"": ""IN"", ""type"": ""subsidiary""}]",1908,unknown,private,,,202,202.08,oem,"[""Spring-Viscodamper"", ""vibration isolation"", ""foundations""]",[],"German vibration control company (since 1908), inventor of the Spring-Viscodamper, supplying vibration isolation products and foundation engineering. Indian entity is a local subsidiary.",partial,0.6,"[""https://www.gerb.com""]","HQ city, LinkedIn and India entity details not verified; search budget exhausted.",2026-09-30T12:13:56Z,2026-09-30T12:13:56Z,"[""WP-0018""]",Other Equipment,Vibration Isolation Systems,SEMICON India,202.08
n:gfg gesellschaft fur geratebau mbh,GfG - Gesellschaft für Gerätebau mbH,gfg gesellschaft fur geratebau mbh,"[""gfg gesellschaft fur geratebau mbh"", ""gfg"", ""gfg gesellschaft fuer geraetebau mbh"", ""gfg safety""]","[""GfG - Gesellschaft für Gerätebau mbH"", ""GfG Gesellschaft fuer Geraetebau mbH"", ""GfG Safety""]",GfG Gesellschaft für Gerätebau mbH,https://www.gfgsafety.com,gfgsafety.com,https://www.linkedin.com/company/gfg-safety-de,gfg-safety-de,Dortmund,DE,EMEA,"[{""city"": ""Ann Arbor"", ""country"": ""US"", ""type"": ""subsidiary""}]",1961,201-500,private,,,500,500.10,component_supplier,"[""gas detection"", ""D-ReX"", ""toxic gas monitoring"", ""pyrolyzer"", ""gas warning systems""]","[""semiconductor"", ""photovoltaic"", ""industrial safety"", ""laboratory""]","German family-owned manufacturer of portable and fixed gas detection systems; its D-ReX platform monitors toxic, explosive and corrosive gases around semiconductor process tools, gas cabinets and scrubbers.",complete,0.88,"[""https://www.gfgsafety.com/int/details/d-rex-debuts-at-semicon-europa"", ""https://www.linkedin.com/company/gfg-safety-de"", ""https://www.semi.org/en/resources/member-directory/gfg-gesellschaft-fuer-geraetebau-mbh""]",Web search budget for session exhausted (200/200); not researched.,2026-09-30T12:13:56Z,2026-09-30T12:27:00Z,"[""WP-0018"", ""WP-0018-R2""]",Factory Monitoring & Control Systems (FMCS),Gas Monitoring Equipment; RGA's; TGO compliance,SEMICON Europa | SEMICON India,500.10;203.12;900.07;401.14;500.09
n:global gases india pvt,Global Gases India Pvt Ltd,global gases india pvt,"[""global gases india pvt"", ""global gases india"", ""global gases india private""]","[""Global Gases India Pvt Ltd"", ""Global Gases India Private Limited""]",Global Gases India Private Limited,https://www.globalspecialtygases.com,globalspecialtygases.com,,,Khopoli,IN,APAC,"[{""city"": ""Chennai"", ""country"": ""IN"", ""type"": ""plant""}, {""city"": ""Dubai"", ""country"": ""AE"", ""type"": ""headquarters""}]",2009,unknown,subsidiary,Global Gases Group FZCO,,303,303.08,materials,"[""industrial gases"", ""specialty gases"", ""high purity gases"", ""gas cylinders""]","[""semiconductor"", ""medical"", ""offshore"", ""industrial""]","Indian subsidiary of Dubai-based Global Gases Group FZCO, incorporated 2009, supplying industrial and specialty gases; operates a fill plant in Chennai serving electronics and medical markets.",complete,0.72,"[""https://www.gasworld.com/story/global-gases-opens-first-fill-plant-in-india/"", ""https://www.zaubacorp.com/GLOBAL-GASES-INDIA-PRIVATE-LIMITED-U11101MH2009PTC195989""]","Website globalspecialtygases.com reported via directory listing, not directly verified.",2026-09-30T12:13:56Z,2026-09-30T12:27:00Z,"[""WP-0018"", ""WP-0018-R2""]",Gases,Pure & Bulk Gases,SEMICON India,303.08;303.07;303.09;303.01
n:global marketing services,Global Marketing Services,global marketing services,"[""global marketing services"", ""gms india"", ""global marketing services india""]","[""Global Marketing Services"", ""GMS India"", ""Global Marketing Services, India""]",,https://gms-india.com,gms-india.com,https://in.linkedin.com/company/global-marketing-services-india,global-marketing-services-india,Bangalore,IN,APAC,[],2001,11-50,private,,,804,804.14,distributor,"[""semiconductor equipment sourcing"", ""spin coaters"", ""packaging equipment"", ""R&D lab equipment"", ""EV battery equipment""]","[""semiconductor"", ""MEMS"", ""microelectronics"", ""PCB"", ""EV battery"", ""research""]","Bangalore-based sales and distribution house founded in 2001 that sources semiconductor fabrication, packaging and microelectronics equipment and materials for Indian labs, institutes and manufacturers.",complete,0.85,"[""https://gms-india.com/company"", ""https://in.linkedin.com/company/global-marketing-services-india"", ""https://www.cense.iisc.ac.in/icee/docs/Sponsors/GMS.pdf""]",Web search budget for session exhausted (200/200); not researched.,2026-09-30T12:13:56Z,2026-09-30T12:30:00Z,"[""WP-0018"", ""WP-0018-R2""]",Professional Services,Sales; Manufacturers Representation or Distributors,SEMICON India,804.14;701.12;900.06;701.07
n:global now,Global Now Pte. Ltd.,global now,"[""global now""]","[""Global Now Pte. Ltd."", ""GLOBAL NOW PTE. LTD.""]",Global Now Pte. Ltd.,,,https://sg.linkedin.com/company/global-now-singapore,global-now-singapore,Singapore,SG,APAC,[],2012,51-200,private,,,400,400.12,component_supplier,"[""energy-saving heaters"", ""inner heaters"", ""heating jackets"", ""semiconductor equipment"", ""NDT equipment""]","[""semiconductor"", ""LCD display""]","Singapore-headquartered supplier of energy-saving heating components and related equipment for semiconductor and LCD manufacturers, with offices across Asia.",partial,0.6,"[""https://sg.linkedin.com/company/global-now-singapore"", ""https://www.sgpbusiness.com/company/Global-Now-Pte-Ltd"", ""https://www.zoominfo.com/c/global-now-pte-ltd/1334715957""]",No corporate website surfaced in search; SG entity registered 2022 while profiles describe a ~2012 founding of the wider group.,2026-09-30T12:13:56Z,2026-09-30T12:30:00Z,"[""WP-0018"", ""WP-0018-R2""]","Components, Parts & Accessories",Heating elements; coils; insulation; vestibule blocks and other Furnace components,SEMICON India,400.12;401.17;700.19;400.24
n:global zeus,GLOBAL ZEUS,global zeus,"[""global zeus"", ""zeus""]","[""GLOBAL ZEUS"", ""Global ZEUS (ZEUS Co., Ltd.)"", ""ZEUS Co., Ltd.""]","ZEUS Co., Ltd.",https://www.globalzeus.com,globalzeus.com,https://www.linkedin.com/company/globalzeus,globalzeus,Hwaseong-si,KR,APAC,[],1970,501-1000,public,,KOSDAQ:079370,207,207.03,oem,"[""wet cleaning equipment"", ""RTP"", ""semiconductor robots"", ""electronic chemicals"", ""FTIR wet process analyzer""]","[""semiconductor"", ""flat panel display"", ""LED"", ""renewable energy""]","Korean KOSDAQ-listed maker of semiconductor wet-process and rapid thermal processing equipment, industrial robots, electronic chemicals and in-line CIM software, headquartered in Hwaseong-si.",complete,0.86,"[""https://www.globalzeus.com/en/"", ""https://www.linkedin.com/company/globalzeus"", ""https://www.semi.org/en/resources/member-directory/global-zeus"", ""https://stockanalysis.com/quote/kosdaq/079370/company/""]",Web search budget for session exhausted (200/200); not researched.,2026-09-30T12:13:56Z,2026-09-30T12:33:00Z,"[""WP-0018"", ""WP-0018-R2""]",Process Equipment,"Cleaning; Washing; Drying Equipment for Substrate, Fab Processing",SEMICON India,207.03;207.17;502.02;301.06;203.23
n:globetek india private,GLOBETEK INDIA PRIVATE LIMITED,globetek india private,"[""globetek india private"", ""globetek"", ""globetek india pvt""]","[""GLOBETEK INDIA PRIVATE LIMITED"", ""Globetek India Pvt Ltd"", ""Globetek""]",Globetek India Private Limited,https://globetek.in,globetek.in,https://in.linkedin.com/company/globetek-india,globetek-india,Bengaluru,IN,APAC,[],1992,11-50,private,,,804,804.14,distributor,"[""test and measurement"", ""IC sockets"", ""temperature forcing systems"", ""hipot testers"", ""current and voltage transducers""]","[""semiconductor"", ""electronics"", ""research institutes"", ""power electronics""]","Bengaluru-based representative and distributor of test and measurement systems in India, supplying IC sockets and adaptors, temperature forcing systems, hipot testers, cryogenic amplifiers and current/voltage sensors.",complete,0.83,"[""https://globetek.in/about-us/"", ""https://in.linkedin.com/company/globetek-india"", ""https://www.zaubacorp.com/GLOBETEK-INDIA-PRIVATE-LIMITED-U31909KA2021PTC143407""]",Business dates to 1992; the current private limited entity was incorporated in 2021. Employee range estimated from directory listings.,2026-09-30T12:13:56Z,2026-09-30T12:33:00Z,"[""WP-0018"", ""WP-0018-R2""]",Professional Services,Sales; Manufacturers Representation or Distributors,SEMICON India,804.14;309.04;208.05;400.23;208.16
n:gmp technical solutions,GMP Technical Solutions,gmp technical solutions,"[""gmp technical solutions"", ""gmp technical solutions pvt""]","[""GMP Technical Solutions Pvt Ltd""]",GMP Technical Solutions Pvt Ltd,,,,,Mumbai,IN,APAC,[],2005,501-1000,subsidiary,Shinryo Corporation,,501,501.01,service,"[""cleanroom partitions"", ""cleanroom doors"", ""turnkey cleanroom projects"", ""fire-rated doors""]","[""pharmaceutical"", ""semiconductor"", ""biotech""]","Indian manufacturer of cleanroom partitions, doors and equipment and turnkey cleanroom EPC contractor, founded 2005; 85% acquired by Japan's Shinryo Corporation.",partial,0.6,"[""https://www.cleanroomtechnology.com/shinryo-acquires-cleanroom-provider-gmp-technical-solutions"", ""https://www.pharmaceutical-technology.com/contractors/cleanroom/gmp-technical-solutions/"", ""https://app.dealroom.co/companies/gmp_technical_solutions""]",Own website and LinkedIn not confirmed (search budget exhausted). Employee count ~555 per Dealroom.,2026-09-30T12:14:34Z,2026-09-30T12:14:34Z,"[""WP-0019""]","HVAC, Temperature, Humidity, Contamination Control",Clean Rooms,SEMICON India,501.01;701.09;701.05
d:embeddedsingapore.com,Gopalam Embedded Systems,gopalam embedded systems,"[""gopalam embedded systems""]","[""Gopalam Embedded Systems Pte Ltd""]",Gopalam Embedded Systems Pte Ltd,https://www.embeddedsingapore.com,embeddedsingapore.com,,,Singapore,SG,APAC,[],,unknown,private,,,804,804.14,distributor,"[""embedded development tools"", ""in-circuit debuggers"", ""emulators"", ""middleware"", ""EtherCAT""]","[""automotive"", ""aerospace"", ""industrial automation"", ""semiconductors""]","Singapore-based supplier of embedded hardware/software development tools, debuggers, middleware and connectivity solutions; associate company of the ESA Group.",complete,0.65,"[""https://www.semi.org/en/resources/member-directory/gopalam-embedded-systems-pte-ltd"", ""https://ethercat.org/en/members/members_B16DBF219657435B9B2555649F8E494E.htm""]",Website taken from directory listing text; not fetched directly. LinkedIn not found.,2026-09-30T12:14:34Z,2026-09-30T12:14:34Z,"[""WP-0019""]",Professional Services,Sales; Manufacturers Representation or Distributors,SEMICON India,804.14;401.02
n:government of telangana,Government of Telangana,government of telangana,"[""government of telangana""]","[""Government of Telangana""]",,,,,,Hyderabad,IN,APAC,[],,unknown,government,,,804,804.01,other,[],[],"State government of Telangana, India, exhibiting to promote semiconductor investment in the state.",not_found,0.3,[],Not researched online: session web search budget exhausted. HQ inferred as state capital.,2026-09-30T12:14:34Z,2026-09-30T12:14:34Z,"[""WP-0019""]",Professional Services,Government Advocacy; Regulation; Economic Development Agencies,SEMICON India,804.01
n:green pmu semi,Green PMU Semi,green pmu semi,"[""green pmu semi"", ""green pmu semi private""]","[""Green PMU Semi Private Limited""]",Green PMU Semi Private Limited,,,,,,IN,APAC,[],,unknown,private,,,,,other,[],[],,not_found,0.1,[],Searches returned no matching results.,2026-09-30T12:14:34Z,2026-09-30T12:14:34Z,"[""WP-0019""]",,,SEMICON India,
d:gtweed.com,Greene Tweed,greene tweed,"[""greene tweed"", ""greene tweed and vin tec engineers""]","[""Greene Tweed & Co./Vin-Tec Engineers""]","Greene, Tweed & Co.",https://www.gtweed.com,gtweed.com,,,,US,Americas,"[{""city"": null, ""country"": ""IN"", ""type"": ""distributor""}]",1863,unknown,private,,,400,400.11,component_supplier,"[""seals"", ""elastomers"", ""thermoplastics"", ""composites"", ""connectors""]","[""semiconductor"", ""aerospace"", ""energy"", ""industrial""]","Global manufacturer of high-performance seals, elastomers, thermoplastics, composites and engineered components, founded 1863 and based in Pennsylvania.",partial,0.6,"[""https://www.gtweed.com/about-us/"", ""https://builtin.com/company/greene-tweed""]",Vin-Tec Engineers presumably Indian representative; not verified. HQ city not confirmed in sources seen.,2026-09-30T12:14:34Z,2026-09-30T12:14:34Z,"[""WP-0019""]","Components, Parts & Accessories",Gaskets; Seals; O rings; Elastomers; Resins,SEMICON India,400.11;400.04;400.21
d:grindwellnorton.co.in,Grindwell Norton,grindwell norton,"[""grindwell norton""]","[""Grindwell Norton Ltd.""]",Grindwell Norton Ltd.,https://www.grindwellnorton.co.in,grindwellnorton.co.in,,,,IN,APAC,[],,unknown,subsidiary,Compagnie de Saint-Gobain,NSE:GRINDWELL,307,307.01,materials,"[""abrasives"", ""silicon carbide"", ""ceramics"", ""performance plastics"", ""refractories""]","[""industrial"", ""semiconductor""]","Saint-Gobain majority-owned Indian listed maker of abrasives, silicon carbide, ceramics, refractories and performance plastics.",partial,0.7,"[""https://www.grindwellnorton.co.in/node/2"", ""https://www.arihantcapital.com/company-information/company-information/209""]",HQ city not verified; LinkedIn not found.,2026-09-30T12:14:34Z,2026-09-30T12:14:34Z,"[""WP-0019""]",Process Materials,CMP; Grind; Lap; Polish; Abrasive materials,SEMICON India,307.01;307.10;400.21;300.12
d:growel.com,Growel (Grauer & Weil),growel,"[""growel"", ""grauer and weil""]","[""Grauer and Weil (India) Limited""]",Grauer & Weil (India) Limited,https://engineering.growel.com,growel.com,,,Mumbai,IN,APAC,[],1957,unknown,public,,NSE:GRAUWEIL,307,307.07,materials,"[""electroplating chemicals"", ""metal finishing"", ""plating plants"", ""surface finishing"", ""lubricants""]","[""semiconductor"", ""automotive"", ""industrial""]","Indian listed maker of metal finishing and electroplating chemicals and plating plants (Growel brand), incorporated 1957; offers high-purity plating and cleaning systems for semiconductor.",complete,0.7,"[""https://engineering.growel.com/semicon"", ""https://www.kotaksecurities.com/stocks/grauer-weil-india-ltd/"", ""https://indiainfoline.com/company/grauer-weil-india-ltd/summary""]",Group domain growel.com; only engineering subdomain seen. HQ Mumbai assumed from Kandivli listing; LinkedIn not found.,2026-09-30T12:14:34Z,2026-09-30T12:14:34Z,"[""WP-0019""]",Process Materials,Plating Materials,SEMICON India,307.07;207.14;301.06
d:grundfos.com,Grundfos,grundfos,"[""grundfos"", ""grundfos pumps india pvt""]","[""GRUNDFOS PUMPS INDIA PVT LTD""]",,https://product-selection.grundfos.com/in/industries/semiconductors,grundfos.com,,,,DK,EMEA,"[{""city"": ""Chennai"", ""country"": ""IN"", ""type"": ""subsidiary""}]",,unknown,private,,,401,401.15,component_supplier,"[""pumps"", ""ultrapure water pumps"", ""process cooling""]","[""semiconductor"", ""water"", ""industrial""]",Global pump manufacturer supplying pumps for ultrapure water and precision cooling in semiconductor fabs; Indian subsidiary Grundfos Pumps India Pvt Ltd is based in Chennai (est. 1998).,partial,0.65,"[""https://product-selection.grundfos.com/in/industries/semiconductors"", ""https://www.industrialautomationindia.in/directory/grundfos-pumps-india-pvt-ltd""]",Group domain grundfos.com; only India product-selection URL seen. Group HQ city not verified.,2026-09-30T12:14:34Z,2026-09-30T12:14:34Z,"[""WP-0019""]",Sub-systems,"Pumps, for Fluids",SEMICON India,401.15;500.01
n:gst,GST,gst,"[""gst""]","[""GST CO., LTD.""]","Global Standard Technology Co., Ltd.",,,,,Hwaseong,KR,APAC,"[{""city"": ""Austin"", ""country"": ""US"", ""type"": ""office""}, {""city"": ""Wuxi"", ""country"": ""CN"", ""type"": ""office""}, {""city"": ""Xi'an"", ""country"": ""CN"", ""type"": ""office""}]",2001,unknown,public,,KRX:083450,500,500.13,oem,"[""gas scrubbers"", ""plasma scrubber"", ""thermal wet scrubber"", ""chillers"", ""heat exchangers""]","[""memory"", ""logic"", ""display""]","Korean maker of gas abatement scrubbers and chillers/heat exchangers for semiconductor and display fabs, founded 2001; customers include Samsung and Micron.",partial,0.6,"[""https://portal2027.semiconsea.org/co/global-standard-technology-co-ltd"", ""https://thelec.net/news/articleView.html?idxno=4128"", ""https://www.morningstar.com.au/investments/security/XKRX/083450""]",Own website and LinkedIn not found (search budget exhausted).,2026-09-30T12:14:34Z,2026-09-30T12:14:34Z,"[""WP-0019""]",Factory Monitoring & Control Systems (FMCS),Waste Control; Effluent Management Systems (Fluid & Gas; Exhaust Conditioning; Scrubbers),SEMICON Europa | SEMICON India | SEMICON West,500.13;401.17
n:guidance tamil nadu,Guidance Tamil Nadu,guidance tamil nadu,"[""guidance tamil nadu""]","[""Guidance Tamil Nadu""]","Guidance Bureau, Government of Tamil Nadu",https://www.investingintamilnadu.com,investingintamilnadu.com,https://www.linkedin.com/company/investtn,investtn,Chennai,IN,APAC,[],1992,51-200,government,Government of Tamil Nadu,,804,804.01,other,"[""investment promotion"", ""single window clearance"", ""Tamil Nadu Semiconductor and Advanced Electronics Policy 2024"", ""incentives""]","[""logic"", ""electronics manufacturing"", ""automotive""]","Nodal investment promotion agency of the Government of Tamil Nadu, established 1992 in Chennai; facilitates the Tamil Nadu Semiconductor and Advanced Electronics Policy 2024 and supports semiconductor investors.",complete,0.88,"[""https://investingintamilnadu.com/about-us/guidance-tamil-nadu"", ""https://www.investingintamilnadu.com/sectors/semiconductors"", ""https://www.linkedin.com/company/investtn"", ""https://en.wikipedia.org/wiki/Guidance_Tamil_Nadu""]","State investment promotion agency, not a commercial supplier.",2026-09-30T12:14:34Z,2026-09-30T12:26:00Z,"[""WP-0019"", ""WP-0019-R2""]",Professional Services,Government Advocacy; Regulation; Economic Development Agencies,SEMICON India,804.01;804.07
d:gfl.co.in,Gujarat Fluorochemicals (GFL),gujarat fluorochemicals,"[""gujarat fluorochemicals""]","[""GUJARAT FLUOROCHEMICALS LTD""]",Gujarat Fluorochemicals Limited,https://www.gfl.co.in,gfl.co.in,https://www.linkedin.com/company/gujarat-fluorochemicals-limited,gujarat-fluorochemicals-limited,Noida,IN,APAC,[],1987,unknown,public,,NSE:FLUOROCHEM,301,301.06,materials,"[""fluoropolymers"", ""PTFE"", ""PFA"", ""FKM"", ""PVDF"", ""refrigerants""]","[""semiconductors"", ""automotive"", ""electronics"", ""pharmaceuticals""]","Indian fluorine chemistry company making fluoropolymers (PTFE, PFA, FEP, FKM, PVDF), fluorospecialty chemicals and refrigerants; formerly Inox Fluorochemicals.",complete,0.85,"[""https://www.gfl.co.in/"", ""https://unglobalcompact.org/what-is-gc/participants/135351""]",,2026-09-30T12:15:44Z,2026-09-30T12:15:44Z,"[""WP-0020""]",Chemicals & Solids,Other Specialty Chemicals,SEMICON India,301.06;400.11;303.07
d:h2loop.ai,H2LooP,h2loop,"[""h2loop"", ""h2loop ai pvt""]","[""H2LooP AI pvt. ltd.""]",H2LooP AI Pvt. Ltd.,https://www.h2loop.ai,h2loop.ai,https://www.linkedin.com/company/h2loop,h2loop,Bengaluru,IN,APAC,[],2025,unknown,private,,,701,701.17,software,"[""AI coding assistant"", ""embedded software"", ""firmware"", ""small language models""]","[""semiconductors"", ""automotive"", ""aerospace"", ""defence""]",Bengaluru startup (2025) building hardware-aware AI coding models and tools for firmware and embedded systems; raised $2M seed.,complete,0.85,"[""https://www.h2loop.ai/"", ""https://yourstory.com/2026/07/h2loop-ai-embedded-software-coding"", ""https://inc42.com/buzz/h2loop-secures-2-mn-seed-funding-to-scale-ai-platform-for-embedded-systems/""]",,2026-09-30T12:15:44Z,2026-09-30T12:15:44Z,"[""WP-0020""]",Manufacturing Services or Consulting,Software Programming; Software Development,SEMICON India,701.17;701.16
n:haekwang,Haekwang,haekwang,"[""haekwang"", ""hae kwang""]","[""Hae Kwang Co., Ltd.""]","Hae Kwang Co., Ltd.",,,,,Jincheon,KR,APAC,[],1987,201-500,private,,,501,501.01,component_supplier,"[""aluminum raised floor"", ""access floor"", ""cleanroom"", ""die casting""]","[""semiconductor"", ""display"", ""data centers""]","Korean maker and installer of aluminum raised/access floor systems for semiconductor and display cleanrooms and data centers, founded 1987.",partial,0.6,"[""https://www.semi.org/en/resources/member-directory/hae-kwang-co-ltd"", ""https://to-be.jobploy.kr/en/company/haekwang-co-ltd-24025""]",Website and LinkedIn not found. SEMI lists Gwacheon address; jobploy lists Jincheon; about 230 employees.,2026-09-30T12:15:44Z,2026-09-30T12:15:44Z,"[""WP-0020""]","HVAC, Temperature, Humidity, Contamination Control",Clean Rooms,SEMICON India,501.01
d:hamamatsu.com,Hamamatsu Photonics,hamamatsu photonics,"[""hamamatsu photonics"", ""hamamatsu photonics k k""]","[""HAMAMATSU PHOTONICS K.K.""]",Hamamatsu Photonics K.K.,https://www.hamamatsu.com,hamamatsu.com,https://www.linkedin.com/company/hamamatsu,hamamatsu,Hamamatsu,JP,APAC,[],,unknown,public,,,400,400.23,component_supplier,"[""photodetectors"", ""image sensors"", ""light sources"", ""lasers"", ""cameras""]","[""semiconductor"", ""medical"", ""scientific""]","Japanese photonics manufacturer of optical sensors, cameras, light sources and laser systems for semiconductor, medical and scientific applications.",complete,0.85,"[""https://www.hamamatsu.com/""]",,2026-09-30T12:15:44Z,2026-09-30T12:15:44Z,"[""WP-0020""]","Components, Parts & Accessories",Sensors,SEMICON India,400.23;401.04;401.01;208.07
n:handotai india,Handotai India,handotai india,"[""handotai india"", ""handotai india pvt""]","[""Handotai India Pvt Ltd""]",Handotai India Pvt Ltd,,,,,Faridabad,IN,APAC,[],,unknown,private,,,300,300.02,materials,"[""adhesive tapes"", ""OSAT materials"", ""distribution""]","[""OSAT"", ""fab""]",Faridabad company making adhesive tapes for semiconductor OSAT/ATMP and distributing materials and equipment for OSAT and fab companies.,partial,0.55,"[""https://www.semi.org/en/resources/member-directory/handotai-india-pvt-ltd""]",Website and LinkedIn not found; SEMI member since 2026.,2026-09-30T12:15:44Z,2026-09-30T12:15:44Z,"[""WP-0020""]",Packaging and Assembly Materials,Bonding; Interconnect Materials - Wire; Ribbon; Tape; Capillaries & Tools,SEMICON India,300.02;804.14
n:hankoom watttech energy india private,HANKOOM WATTTECH ENERGY INDIA PRIVATE LIMITED,hankoom watttech energy india private,"[""hankoom watttech energy india private""]","[""HANKOOM WATTTECH ENERGY INDIA PRIVATE LIMITED""]",,,,,,,,,[],,unknown,unknown,,,,,other,[],[],,not_found,0.1,[],No matching company found in searches.,2026-09-30T12:15:44Z,2026-09-30T12:15:44Z,"[""WP-0020""]",,,SEMICON India,
n:hankyu hanshin express,Hankyu Hanshin Express,hankyu hanshin express,"[""hankyu hanshin express"", ""hankyu hanshin express india pvt""]","[""Hankyu Hanshin Express India Pvt. Ltd.""]","Hankyu Hanshin Express Co., Ltd.",,,,,,JP,APAC,"[{""city"": ""Hyderabad"", ""country"": ""IN"", ""type"": ""sales""}, {""city"": ""Sanand"", ""country"": ""IN"", ""type"": ""sales""}]",1948,unknown,subsidiary,,,801,801.02,service,"[""air freight"", ""ocean freight"", ""customs clearance"", ""logistics""]","[""semiconductor"", ""automotive"", ""medical""]","Japanese international logistics firm (air/sea freight, customs); its Indian subsidiary planned a Sanand office for semiconductor customers.",partial,0.55,"[""https://www.cbinsights.com/company/hankyu-hanshin-express"", ""https://www.lnews.jp/2025/10/r1031504.html"", ""https://www.lnews.jp/2024/11/q1125305.html""]","Group website, HQ city and parent not verified. Local entity: Hankyu Hanshin Express India Private Limited.",2026-09-30T12:15:44Z,2026-09-30T12:15:44Z,"[""WP-0020""]",Distribution and Logistics,Customs Clearance; Import/ Export; Freight Forwarders,SEMICON India,801.02;801.03
d:hcltech.com,HCLTech,hcltech,"[""hcltech""]","[""HCLTech""]",HCL Technologies Limited,https://www.hcltech.com,hcltech.com,,,,IN,APAC,[],,unknown,public,,,701,701.04,service,"[""engineering services"", ""IT services"", ""silicon design"", ""post-silicon validation"", ""failure analysis""]","[""semiconductor""]","Indian IT and engineering services company offering semiconductor design, post-silicon engineering, testing and failure analysis; opened a Bengaluru semiconductor lab.",partial,0.7,"[""https://www.hcltech.com/trends-and-insights/powering-the-future-of-the-semiconductor-industry-with-ai"", ""https://www.outlookbusiness.com/corporate/hcltech-launches-185-cr-advanced-semiconductor-lab-in-bengaluru""]","LinkedIn and HQ city not verified (search budget exhausted, site fetch timed out).",2026-09-30T12:15:44Z,2026-09-30T12:15:44Z,"[""WP-0020""]",Manufacturing Services or Consulting,Circuit Design; Electronic Design Services (EDS); System Level Design (SLD),SEMICON India | SEMICON West,701.04;804.03;701.20;700.08
n:hcp technologies,HCP Technologies,hcp technologies,"[""hcp technologies"", ""hcp technologies private""]","[""HCP Technologies Private Limited""]",HCP Technologies Private Limited,,,,,Bengaluru,IN,APAC,[],,unknown,private,,,,,service,[],[],Bengaluru-registered service provider (GST registered 2024); business focus not identified.,partial,0.3,"[""https://m.indiamart.com/company/256609078""]",Only an IndiaMART listing found; category unknown.,2026-09-30T12:15:44Z,2026-09-30T12:15:44Z,"[""WP-0020""]",,,SEMICON India,
d:hegzaflonglobal.com,Hegzaflon Global,hegzaflon global,"[""hegzaflon global"", ""hegzaflon global pvt"", ""hegzaflon global private"", ""hgpl""]","[""Hegzaflon Global pvt ltd"", ""Hegzaflon Global Private Limited"", ""HGPL""]",Hegzaflon Global Private Limited,https://hegzaflonglobal.com,hegzaflonglobal.com,,,Ahmedabad,IN,APAC,[],2023,unknown,private,,,400,400.19,distributor,"[""PTFE"", ""PFA"", ""PVDF"", ""ETFE"", ""high-purity fluid handling"", ""ISO containers"", ""chemical storage tanks"", ""valves"", ""heat exchangers""]","[""semiconductor"", ""chemicals""]","Ahmedabad-based supplier of high-purity fluoropolymer fluid-handling products (PTFE, PFA, PVDF, ETFE pipes, tubing, fittings, valves, tanks, coatings) for India's semiconductor ecosystem, via JVs with US, European and Taiwanese partners.",complete,0.8,"[""https://hegzaflonglobal.com/"", ""https://www.semi.org/en/resources/member-directory/hegzaflon-global-pvt-ltd"", ""https://www.tofler.in/hegzaflon-global-private-limited/company/U28132GJ2023PTC139962""]","CIN U28132GJ2023PTC139962, ROC Ahmedabad. LinkedIn page not found within call budget.",2026-09-30T12:26:00Z,2026-09-30T12:26:00Z,"[""WP-0021-R2""]","Components, Parts & Accessories",Pipe; Tubing; Hose; Flanges; Connectors; Couplings; Plumbing Fittings,SEMICON India,400.19;400.10;500.01;301.06
d:heidelberg-instruments.com,Heidelberg Instruments,heidelberg instruments,"[""heidelberg instruments"", ""heidelberg instruments mikrotechnik"", ""himt""]","[""Heidelberg Instruments Mikrotechnik GmbH"", ""Heidelberg Instruments"", ""HIMT""]",Heidelberg Instruments Mikrotechnik GmbH,https://heidelberg-instruments.com,heidelberg-instruments.com,https://www.linkedin.com/company/heidelberg-instruments,heidelberg-instruments,Heidelberg,DE,EMEA,[],1984,unknown,private,,,207,207.13,oem,"[""maskless aligner"", ""direct write lithography"", ""laser lithography"", ""DWL"", ""MLA 150"", ""MLA 300"", ""VPG"", ""photomask writer"", ""nanofabrication""]","[""advanced packaging"", ""MEMS"", ""photonics"", ""flat panel display"", ""research""]","German manufacturer of high-precision laser lithography systems, maskless aligners and nanofabrication tools for photomask production and direct-write patterning; founded 1984 with over 1,400 systems installed worldwide.",complete,0.9,"[""https://heidelberg-instruments.com/"", ""https://www.linkedin.com/company/heidelberg-instruments/"", ""https://www.semi.org/en/news-resources/press/Heidelberg_Instruments-MLA_300_Maskless_Aligner_order""]",,2026-09-30T12:26:00Z,2026-09-30T12:26:00Z,"[""WP-0021-R2""]",Process Equipment,Lithography; Exposure; Aligners; Direct Write Systems; Steppers; Scanners; Nanoimprint,SEMICON Europa | SEMICON India,207.13;200.16;205.01;304.05;700.11
d:higgsbosonsystems.com,Higgs Boson Systems,higgs boson systems,"[""higgs boson systems"", ""higgs boson systems private"", ""higgs boson systems pvt""]","[""HIGGS BOSON SYSTEMS PRIVATE LIMITED"", ""Higgs Boson Systems Pvt. Ltd.""]",Higgs Boson Systems Private Limited,https://www.higgsbosonsystems.com,higgsbosonsystems.com,,,Gurugram,IN,APAC,[],2019,unknown,private,,,804,804.14,distributor,"[""plasma surface treatment"", ""vacuum technology"", ""laser processing"", ""thin-film deposition"", ""leak testing"", ""precision assembly"", ""advanced packaging""]","[""semiconductor"", ""MEMS"", ""photonics"", ""EV battery"", ""industrial""]","Gurugram-based manufacturers' representative and solutions provider for semiconductor, MEMS, photonics and EV-battery manufacturing, covering plasma surface treatment, vacuum technology, laser processing, thin-film deposition and leak testing.",complete,0.82,"[""https://www.higgsbosonsystems.com/"", ""https://higgsbosonsystems.com/aboutus.aspx"", ""https://www.zaubacorp.com/company/HIGGS-BOSON-SYSTEMS-PRIVATE-LIMITED/U72502HR2019PTC083185""]",CIN U72502HR2019PTC083185. LinkedIn company page not confirmed within call budget.,2026-09-30T12:26:00Z,2026-09-30T12:26:00Z,"[""WP-0021-R2""]",Professional Services,Sales; Manufacturers Representation or Distributors,SEMICON India,804.14;207.07;401.11;203.12;202.01
d:highstartechnoloogy.com,Highstar Technoloogy,highstar technoloogy,"[""highstar technoloogy"", ""highstar technoloogy private"", ""highstar technology"", ""statclean technology india pvt"", ""statclean technology""]","[""HIGHSTAR TECHNOLOOGY PRIVATE LIMITED"", ""Highstar Technology"", ""Statclean Technology India Pvt Ltd"", ""Statclean Technology""]",Highstar Technoloogy Private Limited,https://www.highstartechnoloogy.com,highstartechnoloogy.com,,,Bengaluru,IN,APAC,[],2005,11-50,private,,,502,502.03,component_supplier,"[""ESD flooring"", ""ESD workstations"", ""antistatic"", ""cleanroom garments"", ""ESD access control"", ""ESD safety shoes""]","[""semiconductor"", ""electronics"", ""medical"", ""pharmaceutical"", ""HDD""]","Bengaluru manufacturer of ESD control, antistatic and cleanroom products - flooring, worktables, chairs, garments and access control - serving electronics, semiconductor and medical sectors since 2005. Formerly Statclean Technology India.",complete,0.82,"[""https://www.highstartechnoloogy.com/about-us"", ""https://www.zaubacorp.com/HIGHSTAR-TECHNOLOOGY-PRIVATE-LIMITED-U29199KA2005PTC036586"", ""https://www.indiamart.com/statclean-technology/profile.html""]",CIN U29199KA2005PTC036586. Renamed from Statclean Technology India Private Limited. LinkedIn page not found within call budget.,2026-09-30T12:26:00Z,2026-09-30T12:26:00Z,"[""WP-0021-R2""]",Material Handling Systems,Static; ESD Control,SEMICON India,502.03;501.02;900.02;900.05;501.01
d:hilti.com,Hilti,hilti,"[""hilti"", ""hilti india private limtied"", ""hilti india private"", ""hilti aktiengesellschaft""]","[""Hilti India Private Limtied"", ""Hilti India Private Limited"", ""Hilti Corporation"", ""Hilti Aktiengesellschaft"", ""Hilti Group""]",Hilti Aktiengesellschaft,https://www.hilti.com,hilti.com,,,Schaan,LI,EMEA,"[{""city"": null, ""country"": ""IN"", ""type"": ""sales""}]",1941,10001+,private,,,400,400.07,component_supplier,"[""anchoring systems"", ""fastening"", ""fire protection systems"", ""installation systems"", ""power tools"", ""measuring and detection tools""]","[""construction"", ""building maintenance"", ""energy"", ""manufacturing"", ""fab construction""]","Liechtenstein family-owned multinational supplying anchoring, fastening, fire-protection and installation systems plus power and measuring tools to construction and manufacturing, including fab build-out; founded 1941, about 34,000 employees.",complete,0.78,"[""https://www.hilti.group/content/hilti/CP/XX/en/non-transactional/light-and-contact-pages/headquarters.html"", ""https://en.wikipedia.org/wiki/Hilti"", ""https://www.hilti.com/content/company/about-hilti""]","Exhibitor was the Indian subsidiary Hilti India Private Limited; record folded into the Hilti Group. Global LinkedIn company URL not confirmed in results (only regional pages seen), so left null.",2026-09-30T12:27:00Z,2026-09-30T12:27:00Z,"[""WP-0021-R2""]","Components, Parts & Accessories",Fasteners; General Hardware,SEMICON India,400.07;900.08;701.09;500.05;701.08
d:hitachi-hightech.com,Hitachi High-Tech,hitachi high tech,"[""hitachi high tech"", ""hitachi high technologies""]","[""Hitachi High-Tech"", ""Hitachi High-Tech Corporation"", ""Hitachi High-Technologies Corporation""]",Hitachi High-Tech Corporation,https://www.hitachi-hightech.com,hitachi-hightech.com,https://www.linkedin.com/company/hitachi-hightech,hitachi-hightech,Tokyo,JP,APAC,"[{""city"": null, ""country"": ""IN"", ""type"": ""sales""}, {""city"": ""Kudamatsu"", ""country"": ""JP"", ""type"": ""manufacturing""}]",2001,unknown,subsidiary,"Hitachi, Ltd.",,207,207.10,oem,"[""etch systems"", ""dry etching"", ""CD-SEM"", ""SEM"", ""defect inspection"", ""metrology"", ""analytical instruments""]","[""logic"", ""memory"", ""foundry"", ""analytical science"", ""healthcare""]","Japanese Hitachi subsidiary making semiconductor manufacturing equipment (plasma etch systems), CD-SEM and defect-inspection metrology, and analytical instruments; formed in 2001 from a three-company merger, headquartered in Tokyo.",complete,0.88,"[""https://www.linkedin.com/company/hitachi-hightech/"", ""https://www.hitachi.com/New/cnews/month/2025/03/250331a.html"", ""https://www.hitachi.com/New/cnews/month/2023/04/230418a.html""]",New etch-system production facility in Kudamatsu (Yamaguchi) started operation March 2025. Indian entity: Hitachi High-Tech India Private Limited. Employee count not sourced within call budget.,2026-09-30T12:27:00Z,2026-09-30T12:27:00Z,"[""WP-0021-R2""]",Process Equipment,Etching; Stripping; Ashing - Dry and Wet Equipment,SEMICON India,207.10;203.17;203.13;203.05;203.23
d:hitech-tools.co.in,HiTech Tools & Instruments,hitech tools and instruments,"[""hitech tools and instruments""]","[""Hitech Tools & Instruments"", ""HiTech Tools and Instruments""]",,https://www.hitech-tools.co.in,hitech-tools.co.in,,,Mumbai,IN,APAC,[],2006,unknown,private,,,900,900.08,distributor,"[""precision measuring instruments"", ""micrometers"", ""digital calipers"", ""height gauges"", ""profile projectors"", ""coordinate measuring machines"", ""Mitutoyo""]","[""industrial"", ""electronics"", ""automotive"", ""metrology""]","Mumbai-based authorised dealer and distributor of precision measurement tools - micrometers, digital calipers, height gauges, profile projectors and CMMs - for brands including Mitutoyo, Kroeplin, Mitcorp and Phynix.",complete,0.62,"[""https://www.hitech-tools.co.in/"", ""https://www.hitech-tools.co.in/products/"", ""https://www.zoominfo.com/c/hitech-tools--instruments/447152982""]","Several similarly-named Indian firms exist (Hi-Tech Tools India, Hitech Instruments Kolkata/Thane); the Mumbai precision-metrology dealer is the best match but the SEMICON India booth was not independently confirmed to this entity. Lower confidence.",2026-09-30T12:27:00Z,2026-09-30T12:27:00Z,"[""WP-0021-R2""]",Support Products,Tools,SEMICON India,900.08;804.14;203.16;700.03;203.11
d:hmcasia.com,HMC Sales & Service,hmc sales and service,"[""hmc sales and service"", ""hmc asia""]","[""HMC Sales & Service"", ""HMC Sales & Service Pte Ltd"", ""HMC Asia""]",HMC Sales & Service Pte Ltd,https://www.hmcasia.com,hmcasia.com,,,Singapore,SG,APAC,"[{""city"": null, ""country"": ""CN"", ""type"": ""sales""}, {""city"": null, ""country"": ""PH"", ""type"": ""sales""}]",1990,unknown,private,,,208,208.05,distributor,"[""reliability test equipment"", ""test chambers"", ""HAST"", ""failure analysis"", ""metrology tools"", ""automated inspection""]","[""semiconductor"", ""electronics"", ""assembly and test""]","Singapore distributor of semiconductor reliability and test equipment - environmental test chambers, failure-analysis and metrology tools, automated inspection - serving Southeast Asia and China with offices in Singapore, China and the Philippines.",complete,0.78,"[""https://www.hmcasia.com/about-us/"", ""https://www.semi.org/en/resources/member-directory/hmc-sales-service-pte-ltd"", ""https://www.sgpbusiness.com/company/Hmc-Sales-Service-Pte-Ltd""]",Singapore UEN 199700569R (incorporated 24 Jan 1997); company states it was established in 1990. LinkedIn page not found within call budget.,2026-09-30T12:27:00Z,2026-09-30T12:27:00Z,"[""WP-0021-R2""]",Test Equipment,Environmental Stress Systems - Temperature; Humidity; Pressure; HAST,SEMICON India,208.05;208.07;203.05;804.14;700.19
d:homwell.com.tw,Homwell,homwell,"[""homwell"", ""homwell international trade""]","[""Homwell Co., Ltd."", ""Homwell Co Ltd"", ""Homwell International Trade (Shanghai) Co., Ltd.""]","Homwell Co., Ltd.",https://en.homwell.com.tw,homwell.com.tw,,,Hsinchu,TW,APAC,"[{""city"": ""Shanghai"", ""country"": ""CN"", ""type"": ""sales""}]",1994,unknown,private,,,500,500.01,distributor,"[""high purity chemical distribution"", ""slurry distribution systems"", ""process equipment"", ""consumable parts"", ""fluid handling""]","[""semiconductor"", ""LCD"", ""PCB"", ""solar""]","Hsinchu-based Taiwanese agency and manufacturers' representative, founded 1994, supplying high-purity process equipment, chemical and slurry distribution systems and consumable parts from Japanese, Korean, European and US principals to semiconductor, LCD, PCB and solar makers.",complete,0.8,"[""https://en.homwell.com.tw/"", ""https://www.semi.org/en/resources/member-directory/homwell-co-ltd"", ""https://expo.semi.org/china2023/Public/eBooth.aspx?IndexInList=4&FromPage=Exhibitors.aspx&ParentBoothID=&ListByBooth=true&BoothID=551915""]","Mainland China arm is Homwell International Trade (Shanghai) Co., Ltd. LinkedIn page not found within call budget.",2026-09-30T12:27:00Z,2026-09-30T12:27:00Z,"[""WP-0021-R2""]",Factory Monitoring & Control Systems (FMCS),Chemical; Pure Water; Fluid Handling; Storage; Supply Systems,SEMICON India,500.01;804.14;307.02;400.19;700.19
d:honeywell.com,Honeywell,honeywell,"[""honeywell"", ""honeywell international india pvt"", ""honeywell international"", ""honeywell electronic materials""]","[""Honeywell International India PVT LTD"", ""Honeywell International Inc."", ""Honeywell"", ""Honeywell Electronic Materials""]",Honeywell International Inc.,https://www.honeywell.com,honeywell.com,https://www.linkedin.com/company/honeywell,honeywell,Charlotte,US,Americas,"[{""city"": null, ""country"": ""IN"", ""type"": ""sales""}, {""city"": ""Spokane"", ""country"": ""US"", ""type"": ""manufacturing""}]",1906,10001+,public,,HON,307,307.03,materials,"[""sputtering targets"", ""PVD targets"", ""coil sets"", ""tantalum target"", ""copper target"", ""electronic materials"", ""advanced materials"", ""sensors""]","[""logic"", ""memory"", ""foundry"", ""aerospace"", ""industrial automation""]","US diversified technology and manufacturing group headquartered in Charlotte; its Electronic/Advanced Materials business is a large supplier of PVD sputtering targets and coil sets (Cu, Ta, CuMn) and specialty chemicals to semiconductor fabs.",complete,0.85,"[""https://www.linkedin.com/company/honeywell"", ""https://advancedmaterials.honeywell.com/us/en/resources/semiconductor-materials"", ""https://en.wikipedia.org/wiki/Honeywell"", ""https://www.honeywell.com/us/en/news/2021/11/honeywells-new-headquarters-by-the-numbers""]",Exhibitor was the Indian subsidiary Honeywell International India Pvt Ltd; folded into the Honeywell group record. The advanced/electronic materials business is being separated under the Solstice Advanced Materials brand (advancedmaterials.honeywell.com / solstice.com) - dedupe may need a follow-up.,2026-09-30T12:27:00Z,2026-09-30T12:27:00Z,"[""WP-0021-R2""]",Process Materials,Deposition/Target Materials,SEMICON India,307.03;301.06;400.23;500.06;301.10
d:horiba.com,HORIBA,horiba,"[""horiba"", ""horiba india""]","[""HORIBA India""]","HORIBA, Ltd.",https://www.horiba.com,horiba.com,https://www.linkedin.com/company/horiba,horiba,Kyoto,JP,APAC,"[{""city"": ""New Delhi"", ""country"": ""IN"", ""type"": ""sales""}, {""city"": ""Pune"", ""country"": ""IN"", ""type"": ""manufacturing""}, {""city"": ""Chennai"", ""country"": ""IN"", ""type"": ""sales""}]",1953,5001-10000,public,,TSE:6856,400,400.10,component_supplier,"[""mass flow controllers"", ""liquid concentration monitors"", ""spectroscopy"", ""particle characterization""]","[""logic"", ""memory"", ""analytical"", ""automotive""]","Japanese analytical and measurement instrument group. Its semiconductor unit supplies mass flow controllers, chemical concentration monitors and spectroscopic metrology; HORIBA India (New Delhi, since 2006) is the local subsidiary.",complete,0.85,"[""https://www.horiba.com/ind/company/group-companies/asia/india/horiba-india/"", ""https://www.horiba.com/ind/semiconductor/"", ""https://www.linkedin.com/company/horiba""]","Exhibitor is the Indian subsidiary; folded into HORIBA, Ltd. group record.",2026-09-30T12:26:00Z,2026-09-30T12:26:00Z,"[""WP-0022-R2""]","Components, Parts & Accessories",Flow Control Components - Valves; Meters; Gauges; Regulators; MFC's,SEMICON India,400.10;203.23;203.20;203.09;500.02
d:hpvalvesindia.com,HP Valves & Fittings India,hp valves and fittings india,"[""hp valves and fittings india"", ""hp valves and fittings india private"", ""hp valves and fittings india pvt""]","[""HP Valves & Fittings India Private Limited"", ""HP Valves & Fittings India Pvt Ltd""]",HP Valves & Fittings India Private Limited,https://hpvalvesindia.com,hpvalvesindia.com,https://in.linkedin.com/company/hpvalvesindia,hpvalvesindia,Chennai,IN,APAC,[],2000,51-200,private,,,400,400.10,component_supplier,"[""instrumentation tube fittings"", ""manifold valves"", ""needle valves"", ""orbital weld fittings"", ""high pressure valves""]","[""oil and gas"", ""railways"", ""aerospace"", ""petrochemical""]","Chennai-based manufacturer of instrumentation valves, manifolds and tube/pipe fittings, including orbital weld and O-ring face seal fittings. ISO 9001/14001/45001 and IRIS certified; founded 2000.",complete,0.85,"[""https://hpvalvesindia.com/"", ""https://in.linkedin.com/company/hpvalvesindia"", ""https://www.semi.org/en/resources/member-directory/hp-valves-fittings-india-private-limited""]",Core markets are process industries; semiconductor relevance is via high-purity/orbital weld fittings.,2026-09-30T12:28:00Z,2026-09-30T12:28:00Z,"[""WP-0022-R2""]","Components, Parts & Accessories",Flow Control Components - Valves; Meters; Gauges; Regulators; MFC's,SEMICON India,400.10;400.19;400.11
d:htlco.co.in,HTL Co. India,htl india,"[""htl india"", ""htl india private"", ""htl india pvt""]","[""HTL COMPANY INDIA PRIVATE LIMITED"", ""HTL Co. India Pvt. Ltd.""]",HTL Company India Private Limited,http://www.htlco.co.in,htlco.co.in,https://www.linkedin.com/company/htl-co-india-pvt-ltd,htl-co-india-pvt-ltd,Bengaluru,IN,APAC,"[{""city"": ""Kolkata"", ""country"": ""IN"", ""type"": ""office""}]",2012,unknown,subsidiary,"HTL Co., Japan Ltd.",,207,207.13,distributor,"[""maskless lithography"", ""mask writers"", ""photomask inspection and repair"", ""ALD systems"", ""metal 3D printers""]","[""logic"", ""MEMS"", ""flat panel display"", ""research""]","Indian arm of HTL Co. Japan, operating since 2012 from Bengaluru. Supplies and services semiconductor and FPD equipment - maskless lithography, mask writers, photomask inspection/repair, deposition and metal additive systems - plus software development.",complete,0.8,"[""http://www.htlco.co.in"", ""https://expo.semi.org/india2025/public/exhibitors.aspx""]","Wholly-owned subsidiary of HTL Japan; parent group website not confirmed, so the Indian corporate site is used.",2026-09-30T12:30:00Z,2026-09-30T12:30:00Z,"[""WP-0022-R2""]",Process Equipment,Lithography; Exposure; Aligners; Direct Write Systems; Steppers; Scanners; Nanoimprint,SEMICON India,207.13;804.14;700.19;207.06;203.21
d:huakegroup.in,Huake Engineering India,huake engineering india,"[""huake engineering india"", ""huake engineenring india pvt"", ""huake engineering india pvt"", ""huake engineering india private""]","[""Huake Engineenring India pvt. ltd."", ""Huake Engineering India Pvt. Ltd."", ""HUAKE ENGINEERING INDIA PRIVATE LIMITED""]",Huake Engineering India Private Limited,https://huakegroup.in,huakegroup.in,,,New Delhi,IN,APAC,"[{""city"": ""Greater Noida"", ""country"": ""IN"", ""type"": ""operations""}]",2018,unknown,subsidiary,Huake Engineering (China),,501,501.01,service,"[""cleanroom design and construction"", ""fan filter units"", ""HEPA filters"", ""air showers"", ""high-purity gas systems""]","[""microelectronics"", ""semiconductor"", ""biomedical"", ""optics""]","Indian arm of the Chinese Huake cleanroom engineering group, registered in Delhi in 2018. Designs, builds and maintains ISO Class 10 to 300,000 cleanrooms and manufactures FFUs, HEPA filters, air showers and clean workbenches.",complete,0.7,"[""https://huakegroup.in/more-about-huake.html"", ""https://www.hkecinc.com/"", ""https://cleartax.in/f/company/huake-engineering-india-private-limited/U45309DL2018PTC332132/""]","No LinkedIn company page found. Parent-group link to hkecinc.com inferred from shared branding, not confirmed by a corporate filing.",2026-09-30T12:32:00Z,2026-09-30T12:32:00Z,"[""WP-0022-R2""]","HVAC, Temperature, Humidity, Contamination Control",Clean Rooms,SEMICON India,501.01;501.02;701.09;701.05;500.09
d:humiditytech.in,Humidity Technologies,humidity technologies,"[""humidity technologies"", ""humidity technologies india"", ""humidity technologies pvt""]","[""Humidity Technologies India"", ""Humidity Technologies Pvt Ltd""]",Humidity Technologies Private Limited,http://www.humiditytech.in,humiditytech.in,,,Mumbai,IN,APAC,[],2014,1-10,private,,,501,501.03,distributor,"[""desiccant dehumidification"", ""humidity control"", ""steam humidifiers"", ""air treatment""]","[""industrial"", ""pharmaceutical"", ""electronics""]","Mumbai-based industrial air-treatment specialist offering dehumidification, humidification and humidity control. Authorised representative for DST dehumidifiers in southern and western India, with local design, installation and service support.",complete,0.65,"[""https://www.indiamart.com/humidity-technologies/"", ""https://www.ampliz.com/company/humidity-technologies-pvt-ltd/90395792""]","No LinkedIn page found; company website not fetched directly. Exhibitor name 'Humidity Technologies India' matched to Humidity Technologies Pvt Ltd, Mumbai.",2026-09-30T12:34:00Z,2026-09-30T12:34:00Z,"[""WP-0022-R2""]","HVAC, Temperature, Humidity, Contamination Control",HVAC; Temperature; Humidity Systems and Control,SEMICON India,501.03;501.02;202.07;804.14
d:hvax.in,HVAX Technologies,hvax technologies,"[""hvax technologies""]","[""HVAX TECHNOLOGIES LIMITED"", ""HVAX Technologies Ltd""]",HVAX Technologies Limited,https://www.hvax.in,hvax.in,https://in.linkedin.com/company/hvaxtechnologies,hvaxtechnologies,Mumbai,IN,APAC,[],2010,201-500,public,,NSE:HVAX,501,501.01,service,"[""turnkey cleanrooms"", ""HVAC"", ""laminar flow equipment"", ""partition panels"", ""BMS"", ""containment""]","[""pharmaceutical"", ""biotechnology"", ""healthcare"", ""FMCG""]","Mumbai-based turnkey cleanroom and controlled-environment contractor founded in 2010, covering design, engineering, supply, installation, commissioning and validation. Projects in over 15 countries; listed on NSE SME in October 2024.",complete,0.85,"[""https://www.hvax.in/"", ""https://in.linkedin.com/company/hvaxtechnologies"", ""https://www.screener.in/company/HVAX/"", ""https://cleanroomtechnology.com/pharmaceutical-cleanroom-expert-hvax-technologies-goes-public""]",Primary end markets are pharma/biotech; entering semiconductor fab cleanroom work. LinkedIn still lists it as privately held - superseded by the Oct 2024 NSE SME listing.,2026-09-30T12:36:00Z,2026-09-30T12:36:00Z,"[""WP-0022-R2""]","HVAC, Temperature, Humidity, Contamination Control",Clean Rooms,SEMICON India,501.01;501.03;501.02;701.09;701.05
d:hycprecision.com,HYC Precision Engineering,hyc precision engineering,"[""hyc precision engineering"", ""hyc precision engineering private""]","[""HYC Precision Engineering Private Limited"", ""HYC PRECISION ENGINEERING PRIVATE LIMITED""]",HYC Precision Engineering Private Limited,https://hycprecision.com,hycprecision.com,,,Chennai,IN,APAC,"[{""city"": ""Singapore"", ""country"": ""SG"", ""type"": ""office""}, {""city"": null, ""country"": ""MY"", ""type"": ""operations""}, {""city"": null, ""country"": ""US"", ""type"": ""operations""}]",2024,unknown,subsidiary,,,700,700.12,service,"[""precision CNC machining"", ""multi-axis milling"", ""factory automation"", ""contract manufacturing"", ""IC testing services""]","[""semiconductor"", ""automation"", ""aerospace""]","Precision CNC machining and factory-automation provider with operations in India, Singapore, Malaysia and the USA. Machines plastics, composites, aluminium, stainless, titanium and brass, with secondary processes from sandblasting to anodizing.",complete,0.75,"[""https://hycprecision.com/"", ""https://www.tofler.in/hyc-precision-engineering-private-limited/company/U70200TN2024FTC166630"", ""https://sourceindia-electronics.com/companies/hyc-precision-engineering-private-limited""]",Indian entity incorporated 10 Jan 2024 (CIN U70200TN2024FTC166630) and classified by MCA as a private subsidiary of a foreign company; the foreign parent was not identified. No LinkedIn page found.,2026-09-30T12:38:00Z,2026-09-30T12:38:00Z,"[""WP-0022-R2""]",Manufacturing Services,Machine Shop; Fabrication Service,SEMICON India,700.12;400.20;701.07;701.02;700.17
d:hyspec.in,Hyspec Chemicals,hyspec chemicals,"[""hyspec chemicals"", ""hyspec chemicals private""]","[""HYSPEC CHEMICALS PRIVATE LIMITED"", ""Hyspec Chemicals Private Limited""]",Hyspec Chemicals Private Limited,https://hyspec.in,hyspec.in,,,Vadodara,IN,APAC,[],2022,unknown,private,,,301,301.06,materials,"[""ultra-high-purity process chemicals"", ""semiconductor-grade chemistries"", ""specialty chemicals"", ""industrial gases""]","[""semiconductor"", ""advanced electronics""]","Vadodara-based specialty chemicals company incorporated in 2022, focused on ultra-high-purity process chemicals for semiconductor and advanced electronics manufacturing. Signed an MoU with the Gujarat government in March 2026 for a semiconductor-grade chemicals plant.",complete,0.75,"[""https://www.indianchemicalnews.com/chemical/hyspec-chemicals-inks-mou-with-gujarat-govt-to-manufacture-specialty-chip-chemicals-29678"", ""https://www.thecompanycheck.com/company/hyspec-chemicals-private-limited/U24290GJ2022PLC130623"", ""https://indialei.in/detailed-information/52614673/335800LEVO6A5JGN6P74/hyspec-chemicals-private-limited/""]",Early-stage company; no LinkedIn page found and website hyspec.in not fetched directly. CIN U24290GJ2022PLC130623.,2026-09-30T12:41:00Z,2026-09-30T12:41:00Z,"[""WP-0022-R2""]",Chemicals & Solids,Other Specialty Chemicals,SEMICON India,301.06;301.01;301.03;301.04;303.07
d:ibm.com,IBM,ibm,"[""ibm"", ""ibm india private"", ""international business machines""]","[""IBM India Private Limited"", ""International Business Machines Corporation""]",International Business Machines Corporation,https://www.ibm.com,ibm.com,https://www.linkedin.com/company/ibm,ibm,Armonk,US,Americas,"[{""city"": ""Bengaluru"", ""country"": ""IN"", ""type"": ""operations""}]",1911,10001+,public,,NYSE:IBM,802,802.01,research,"[""advanced logic research"", ""2nm node"", ""advanced packaging"", ""processor design"", ""hybrid cloud and AI""]","[""logic"", ""advanced packaging"", ""hybrid cloud"", ""AI""]","US technology group whose IBM Research arm develops advanced logic nodes (first 2nm test chip, 2021) and advanced packaging, and licenses processor design. Partnered with L&T Semiconductor at SEMICON India 2024; IBM India is based in Bengaluru.",complete,0.85,"[""https://research.ibm.com/projects/advanced-logic-technology-at-2nm-node"", ""https://www.ibm.com/services/semiconductor-assembly-test"", ""https://www.indiainfoline.com/news/business/lt-and-ibm-partner-to-develop-advanced-processors-at-semicon-india-2024"", ""https://www.linkedin.com/company/ibm""]",Exhibitor is IBM India Private Limited; folded into the IBM group record. Classified as for-profit research/IP rather than an equipment or materials vendor.,2026-09-30T12:45:00Z,2026-09-30T12:45:00Z,"[""WP-0022-R2""]",Educational; Research Institutions,Education; Research Institutions (For-Profit); Vocational Training,SEMICON India,802.01;903.09;701.04;601.02;804.03
n:idsps,IDSPS,idsps,"[""idsps"", ""indian design semiconductors packaging and systems"", ""indian design semiconductor packaging and system""]","[""Indian Design, Semiconductors, Packaging and Systems (IDSPS)"", ""Indian Design, Semiconductor, Packaging and System""]",,,,,,,IN,APAC,[],,unknown,nonprofit,India Electronics and Semiconductor Association (IESA),,800,800.01,association,"[""industry consortium"", ""semiconductor packaging R&D"", ""workforce development"", ""co-development centers""]","[""logic"", ""power"", ""advanced packaging""]","India-wide industry-academia consortium launched as a division of IESA, led by Rao Tummala, coordinating semiconductor design, packaging and systems R&D and workforce programs across 50+ institutes and global companies.",partial,0.55,"[""https://www.indium.com/press-releases/indium-corporation-joins-indias-idsps-industry-consortium-partnership/"", ""https://timestech.in/semicon-2-0-strengthens-indias-semiconductor-flywheel-iesa-sees-major-investment-opportunity/""]",No standalone website or HQ address confirmed; it is a program/division under IESA rather than a company. Do not confuse with the IEEE IDSPS conference (ieee-idsps.in).,2026-09-30T12:27:00Z,2026-09-30T12:27:00Z,"[""WP-0023-R2""]",Associations,Associations; Trade or Industrial,SEMICON India,800.01;802.02;701.13
d:ihara-sc.co.jp,Ihara Science,ihara science,"[""ihara science"", ""ihara high pressure fittings""]","[""Ihara Science Corp."", ""Ihara Science Corporation"", ""Ihara High Pressure Fittings Co., Ltd.""]",Ihara Science Corporation,https://www.ihara-sc.co.jp,ihara-sc.co.jp,,,Tokyo,JP,APAC,"[{""city"": null, ""country"": ""US"", ""type"": ""subsidiary""}]",1941,501-1000,public,,TSE:5999,400,400.19,component_supplier,"[""tube fittings"", ""double ferrule fittings"", ""clean piping systems"", ""valves"", ""high-pressure fittings"", ""automatic welding fittings""]","[""logic"", ""memory"", ""analytical instruments"", ""energy""]","Japanese maker of fittings, valves, hoses and pipes, including high-purity clean piping systems for semiconductor and LCD fabs. Founded 1941, listed in Tokyo.",complete,0.85,"[""https://www.ihara-sc.co.jp/en/company-information/"", ""https://www.marketscreener.com/quote/stock/IHARA-SCIENCE-CORPORATION-14116006/"", ""https://expo.semi.org/india2025/Public/eBooth.aspx?BoothID=654523""]","LinkedIn: only a US subsidiary page (ihara-science-usa) was found, no group page; left null.",2026-09-30T12:27:00Z,2026-09-30T12:27:00Z,"[""WP-0023-R2""]","Components, Parts & Accessories",Pipe; Tubing; Hose; Flanges; Connectors; Couplings; Plumbing Fittings,SEMICON India,400.19;400.10;401.05;400.11
d:ikont.co.jp,IKO (Nippon Thompson),iko,"[""iko"", ""nippon thompson""]","[""NIPPON THOMPSON CO., LTD.""]","Nippon Thompson Co., Ltd.",https://www.ikont.co.jp/eg/,ikont.co.jp,,,Tokyo,JP,APAC,[],1950,1001-5000,public,,,400,400.01,component_supplier,"[""needle roller bearings"", ""linear motion guides"", ""Linear Way"", ""actuators""]","[""semiconductor equipment"", ""machine tools"", ""automation""]","Japanese maker of needle roller bearings, linear motion rolling guides and actuators sold under the IKO brand; founded 1950, headquartered in Minato-ku, Tokyo.",complete,0.75,"[""https://www.ikont.co.jp/eg/company/company/about.html"", ""https://www.ikont.co.jp/eg/company/company/enkaku.html""]",LinkedIn page not verified; ticker unverified.,2026-09-30T12:30:00Z,2026-09-30T12:30:00Z,"[""WP-0036-R2""]","Components, Parts & Accessories",Bearings; Shaft Collars,SEMICON India,400.01;401.09;502.02
d:inabata.co.jp,Inabata,inabata,"[""inabata"", ""inabata and""]","[""INABATA&Co.,Ltd."", ""Inabata & Co., Ltd.""]","Inabata & Co., Ltd.",https://www.inabata.co.jp,inabata.co.jp,,,Osaka,JP,APAC,[],1918,unknown,public,,TSE:8098,804,804.14,distributor,"[""specialty trading"", ""semiconductor materials"", ""liquid crystal materials"", ""plastics"", ""chemicals"", ""electronic materials""]","[""logic"", ""memory"", ""display"", ""chemicals""]","Osaka-based specialty trading company in the Sumitomo Chemical group, distributing semiconductor and liquid crystal materials, plastics and chemicals from 70 locations in 19 countries.",complete,0.82,"[""https://www.inabata.co.jp/english/"", ""https://en.wikipedia.org/wiki/Inabata_&_Co.,_Ltd."", ""https://www.marketscreener.com/quote/stock/INABATA-CO-LTD-6492287/company/""]",Affiliated with the Sumitomo Chemical group but independently listed on TSE; parent_company left null.,2026-09-30T12:27:00Z,2026-09-30T12:27:00Z,"[""WP-0023-R2""]",Professional Services,Sales; Manufacturers Representation or Distributors,SEMICON India,804.14;801.03
d:incoresemi.com,InCore Semiconductors,incore semiconductors,"[""incore semiconductors"", ""incore semiconductors private"", ""incore""]","[""InCore Semiconductors Private Limited"", ""InCore Semiconductors"", ""InCore""]",InCore Semiconductors Private Limited,https://incoresemi.com,incoresemi.com,https://www.linkedin.com/company/incoresemi,incoresemi,Chennai,IN,APAC,"[{""city"": ""Bengaluru"", ""country"": ""IN"", ""type"": ""engineering""}]",2018,11-50,private,,,903,903.11,component_supplier,"[""RISC-V"", ""processor IP"", ""SoC generator"", ""E-class core"", ""C-class core"", ""Axon AI accelerator"", ""Aegis security""]","[""logic"", ""automotive"", ""AI/ML"", ""security""]",Chennai fabless startup from the IIT Madras Shakti project licensing customizable RISC-V processor and SoC IP plus an automated SoC generator platform. Backed by Peak XV Partners.,complete,0.88,"[""https://incoresemi.com/"", ""https://in.linkedin.com/company/incoresemi"", ""https://www.eetimes.com/indian-risc-v-startup-slashes-design-time-to-minutes/""]",,2026-09-30T12:27:00Z,2026-09-30T12:27:00Z,"[""WP-0023-R2""]",Electronic Components,Design: IP vendors,SEMICON India,903.11;903.10;903.09;903.02
d:indnix.com,INDNIX,indnix,"[""indnix"", ""indnix technology""]","[""Indnix Technology Limited"", ""INDNIX TECHNOLOGY LIMITED"", ""INDNIX""]",Indnix Technology Limited,https://indnix.com,indnix.com,,,Kolkata,IN,APAC,"[{""city"": ""Haringhata"", ""country"": ""IN"", ""type"": ""manufacturing""}]",2026,unknown,private,,,903,903.05,fab_idm,"[""28nm-180nm silicon foundry"", ""III-V compound semiconductor"", ""MEMS cleanroom"", ""advanced packaging"", ""SMT assembly"", ""AI data centre""]","[""logic"", ""power"", ""MEMS"", ""data center""]","Kolkata company incorporated in June 2026 that has proposed a USD 1.5 billion integrated 28nm-180nm foundry, compound/MEMS cleanroom, advanced packaging and SMT park at Haringhata in the Bengal Silicon Valley Tech Hub.",complete,0.65,"[""https://indnix.com/"", ""https://www.instafinancials.com/company/indnix-technology-limited-U26109WR2026PLC294676""]","Registered as an unlisted public limited company (CIN U26109WR2026PLC294676), so ownership_type recorded as private. Very new entity and the fab is announced, not built - capability claims are plans.",2026-09-30T12:29:00Z,2026-09-30T12:29:00Z,"[""WP-0023-R2""]",Electronic Components,Components: IDM / Foundries,SEMICON India,903.05;903.06;903.04
d:infosys.com,Infosys,infosys,"[""infosys"", ""infosys technologies""]","[""Infosys"", ""Infosys Limited"", ""Infosys Technologies""]",Infosys Limited,https://www.infosys.com,infosys.com,https://www.linkedin.com/company/infosys,infosys,Bengaluru,IN,APAC,[],1981,10001+,public,,NSE:INFY,804,804.03,service,"[""IT services"", ""engineering R&D services"", ""semiconductor design services"", ""digital transformation"", ""consulting"", ""embedded engineering""]","[""logic"", ""automotive"", ""consumer electronics"", ""industrial"", ""enterprise IT""]","Indian multinational IT, consulting and engineering services firm headquartered in Bengaluru, founded 1981, with about 328,600 employees across roughly 59 countries. Listed on BSE, NSE and NYSE.",complete,0.9,"[""https://www.infosys.com/about/overview.html"", ""https://www.linkedin.com/company/infosys"", ""https://en.wikipedia.org/wiki/Infosys""]",Also listed as BSE:500209 and NYSE:INFY.,2026-09-30T12:29:00Z,2026-09-30T12:29:00Z,"[""WP-0023-R2""]",Professional Services,IT; Data Processing Services,SEMICON India,804.03;701.17;701.04;804.08;701.16
d:irco.com,Ingersoll Rand,ingersoll rand,"[""ingersoll rand"", ""ingersoll rand india""]","[""Ingersoll Rand India Ltd."", ""Ingersoll-Rand (India) Limited"", ""Ingersoll Rand Inc.""]",Ingersoll Rand Inc.,https://www.irco.com,irco.com,https://www.linkedin.com/company/ingersoll-rand,ingersoll-rand,Davidson,US,Americas,"[{""city"": ""Ahmedabad"", ""country"": ""IN"", ""type"": ""manufacturing""}]",2020,10001+,public,,NYSE:IR,401,401.16,component_supplier,"[""vacuum pumps"", ""air compressors"", ""blowers"", ""precision pumps"", ""gas and fluid management"", ""compressed air treatment""]","[""logic"", ""memory"", ""power"", ""general industrial""]","Ingersoll Rand Inc. supplies compressor, vacuum and blower systems, gas and fluid management and precision pumps. The SEMICON India exhibitor is its Indian arm, which builds rotary air compressors and air treatment products at Ahmedabad.",complete,0.8,"[""https://www.irco.com/en/"", ""https://en.wikipedia.org/wiki/Ingersoll_Rand"", ""https://www.indiamart.com/ingersollrandindialimited-ahmedabad/aboutus.html""]","Folded into the group record per the subsidiary rule. Ingersoll-Rand (India) Ltd is itself separately listed on BSE, majority held by the group. founded_year 2020 is the formation of the current Ingersoll Rand Inc. via the Gardner Denver merger; the brand dates to the 19th century.",2026-09-30T12:29:00Z,2026-09-30T12:29:00Z,"[""WP-0023-R2""]",Sub-systems,"Pumps, Vacuum",SEMICON India,401.16;401.15;401.12;400.10;401.13
d:innowellgroup.com,Innowell Group,innowell,"[""innowell"", ""innowell engineering international pvt"", ""innowell engineering international private""]","[""INNOWELL ENGINEERING INTERNATIONAL PVT LTD"", ""Innowell Engineering International Private Limited"", ""Innowell Group""]",Innowell Engineering International Private Limited,https://www.innowellgroup.com,innowellgroup.com,https://www.linkedin.com/company/innowell-engineering-international-pvt-ltd,innowell-engineering-international-pvt-ltd,Chennai,IN,APAC,"[{""city"": ""Bengaluru"", ""country"": ""IN"", ""type"": ""office""}, {""city"": ""Hyderabad"", ""country"": ""IN"", ""type"": ""office""}, {""city"": ""Sivakasi"", ""country"": ""IN"", ""type"": ""office""}, {""city"": ""Dhaka"", ""country"": ""BD"", ""type"": ""office""}, {""city"": ""Melbourne"", ""country"": ""AU"", ""type"": ""office""}, {""city"": ""Dubai"", ""country"": ""AE"", ""type"": ""office""}]",2013,51-200,private,,,701,701.08,service,"[""MEP design"", ""BIM services"", ""cleanroom and HVAC design"", ""green building consultancy"", ""energy audit"", ""sustainability certification""]","[""semiconductor fabs"", ""cleanrooms"", ""commercial buildings""]","Chennai MEP and green-building design consultancy offering mechanical, electrical and plumbing design, BIM, energy audits and sustainability certification, with about 76 staff and offices in India, Bangladesh, Australia and the UAE.",complete,0.75,"[""https://in.linkedin.com/company/innowell-engineering-international-pvt-ltd"", ""https://www.indiamart.com/innowell-engineering-international-pvt-ltd/"", ""https://www.dnb.com/business-directory/company-profiles.innowell_engineering_international_private_limited.783506aabaea4d19a564a4acc97af195.html""]","Incorporated 16 May 2013, ROC Chennai; 76 employees as of 31 Mar 2024. Website innowellgroup.com came from directory listings, not fetched directly.",2026-09-30T12:29:00Z,2026-09-30T12:29:00Z,"[""WP-0023-R2""]",Manufacturing Services or Consulting,Facilities; Building Environmental Systems Design & Monitoring; Alternative Energy Solutions,SEMICON India,701.08;701.09;701.05;701.06
d:inoxairproducts.com,INOX Air Products,inox air products,"[""inox air products"", ""inox air products private"", ""inox ap""]","[""INOX Air Products Private Limited"", ""INOX AP""]",Inox Air Products Private Limited,https://inoxairproducts.com,inoxairproducts.com,https://www.linkedin.com/company/inox-air-products,inox-air-products,Mumbai,IN,APAC,"[{""city"": ""Dholera"", ""country"": ""IN"", ""type"": ""plant""}]",1963,1001-5000,private,,,303,303.08,materials,"[""ultra-high-purity gases"", ""nitrogen"", ""oxygen"", ""argon"", ""hydrogen"", ""electronic specialty gases""]","[""logic"", ""memory"", ""solar"", ""electronics""]","Indian industrial and medical gases producer, a joint venture with Air Products, supplying ultra-high-purity and electronic specialty gases to semiconductor, solar and electronics fabs from 40+ sites including a new Dholera plant.",complete,0.88,"[""https://inoxairproducts.com/semiconductor/"", ""https://in.linkedin.com/company/inox-air-products"", ""https://en.wikipedia.org/wiki/Inox_Air_Products"", ""https://www.gasworld.com/story/inox-air-products-breaks-ground-on-india-spec-gas-plant-for-electronics/2166059.article/""]",50:50 joint venture between the INOX (INOXGFL) group and Air Products and Chemicals; founded year from Wikipedia/CIN MH1963.,2026-09-30T12:26:00Z,2026-09-30T12:26:00Z,"[""WP-0024-R2""]",Gases,Pure & Bulk Gases,SEMICON India,303.08;303.07;303.11;303.04;500.08
d:icleantech.com,Integrated Cleanroom Technologies,integrated cleanroom technologies,"[""integrated cleanroom technologies"", ""integrated cleanroom technologies pvt"", ""integrated clean room technologies"", ""ict""]","[""Integrated Cleanroom Technologies Pvt. Ltd.,"", ""Integrated Clean Room Technologies"", ""ICT""]",Integrated Cleanroom Technologies Private Limited,https://www.icleantech.com,icleantech.com,https://www.linkedin.com/company/integrated-cleanroom-technologies-limited,integrated-cleanroom-technologies-limited,Hyderabad,IN,APAC,"[{""city"": ""Vadodara"", ""country"": ""IN"", ""type"": ""plant""}]",2002,501-1000,private,,,501,501.01,oem,"[""turnkey cleanrooms"", ""modular partitions"", ""GRP panels"", ""air handling units"", ""laboratory furniture"", ""ducting""]","[""semiconductor"", ""pharmaceutical"", ""food and beverage"", ""research labs""]","Hyderabad-based turnkey cleanroom builder with plants in Hyderabad and Vadodara, supplying modular cleanroom partitions, panels, air handling units and lab furniture to semiconductor, pharma and research customers.",complete,0.85,"[""https://in.linkedin.com/company/integrated-cleanroom-technologies-limited"", ""https://www.zaubacorp.com/INTEGRATED-CLEANROOM-TECHNOLOGIES-PRIVATE-LIMITED-U29308TG2002PTC039975"", ""https://www.indiamart.com/integrated-clean-room-technologies/aboutus.html""]",Incorporated 25 Nov 2002 (CIN U29308TG2002PTC039975); operations described as starting 2003.,2026-09-30T12:26:00Z,2026-09-30T12:26:00Z,"[""WP-0024-R2""]","HVAC, Temperature, Humidity, Contamination Control",Clean Rooms,SEMICON India,501.01;501.02;501.03;701.05;900.02
d:intellisense.com,IntelliSense Software,intellisense software,"[""intellisense software"", ""intellisense""]","[""IntelliSense Software"", ""IntelliSense Software Corporation"", ""IntelliSense""]",IntelliSense Software Corporation,https://intellisense.com,intellisense.com,https://www.linkedin.com/company/intellisense-software,intellisense-software,Boston,US,Americas,[],1991,unknown,private,,,603,603.02,software,"[""IntelliSuite"", ""MEMS CAD"", ""process simulation"", ""FEA"", ""multiphysics simulation"", ""MEMS IP licensing""]","[""MEMS"", ""sensors"", ""foundry""]","Fabless MEMS company that develops IntelliSuite, a MEMS layout, process-simulation and multiphysics FEA tool set, and also licenses MEMS IP and provides design consulting.",complete,0.85,"[""https://intellisense.com/intellisuite.html"", ""https://www.linkedin.com/company/intellisense-software"", ""https://www.mems26.org/sponsors/current_support/intellisense.html""]",Employee count not verified; small MEMS-EDA niche vendor.,2026-09-30T12:29:00Z,2026-09-30T12:29:00Z,"[""WP-0024-R2""]","Simulation, Analysis; Modeling Software",Simulation; Characterization; Verification Software,SEMICON India,603.02;601.01;601.02;701.13;903.06
d:intl-fe.com,International Facility Engineering,international facility engineering,"[""international facility engineering"", ""ife"", ""ife singapore""]","[""INTERNATIONAL FACILITY ENGINEERING PTE. LTD.,"", ""IFE"", ""IFE Singapore""]",International Facility Engineering Pte. Ltd.,https://www.intl-fe.com,intl-fe.com,https://www.linkedin.com/company/international-facility-engineering,international-facility-engineering,Singapore,SG,APAC,[],2007,unknown,private,,,701,701.09,service,"[""facility engineering"", ""cleanroom design"", ""MEP engineering"", ""construction management"", ""mission-critical infrastructure""]","[""semiconductor"", ""solar"", ""pharmaceutical""]","Singapore consulting, engineering and construction-management firm delivering facility and cleanroom design, MEP engineering and mission-critical infrastructure for semiconductor, solar and pharmaceutical clients.",complete,0.82,"[""https://www.intl-fe.com/"", ""https://www.linkedin.com/company/international-facility-engineering"", ""https://www.dnb.com/business-directory/company-profiles.international_facility_engineering_pte_ltd.3c12a22f51172cfd20c69993c5dd6b70.html""]","Registered in Singapore 28 Feb 2007; office at 10 Science Park Road, The Alpha.",2026-09-30T12:29:00Z,2026-09-30T12:29:00Z,"[""WP-0024-R2""]",Manufacturing Services or Consulting,Facility Design; Construction; Architectural,SEMICON India,701.09;701.05;701.08;501.01;500.06
d:igtech-inc.com,International Green Technology Japan,international green technology japan,"[""international green technology japan"", ""igt""]","[""International Green Technology Japan"", ""International Green Technology Japan\u682a\u5f0f\u4f1a\u793e"", ""IGT""]",International Green Technology Japan K.K.,https://igtech-inc.com,igtech-inc.com,,,Tokyo,JP,APAC,[],2024,unknown,private,,,501,501.02,component_supplier,"[""SolaCiel"", ""chemical filtration"", ""airborne molecular contamination"", ""AMC filters"", ""cleanroom air analysis""]","[""semiconductor"", ""cleanroom""]","Tokyo-based environmental technology venture selling SolaCiel chemical filters that selectively remove airborne molecular contaminants from semiconductor cleanrooms, plus gas-concentration analysis to select the right filter.",complete,0.8,"[""https://igtech-inc.com"", ""https://info.gbiz.go.jp/hojin/ichiran?hojinBango=5010001244986"", ""https://salesnow.jp/db/companies/jcbu5j11juwts612""]","Incorporated 21 May 2024, corporate number 5010001244986; registered office Yaesu, Chuo-ku, Tokyo. No LinkedIn company page found.",2026-09-30T12:33:00Z,2026-09-30T12:33:00Z,"[""WP-0024-R2""]","HVAC, Temperature, Humidity, Contamination Control",Contamination Control; HEPA Filtering Systems,SEMICON India,501.02;400.09;501.03;500.10;203.20
d:itcj.com,Intertec Squared,intertec squared,"[""intertec squared"", ""intertec engineering"", ""intertec""]","[""INTERTEC SQUARED INC"", ""Intertec Squared Inc."", ""Intertec Engineering Corp."", ""Intertec Corp.""]",Intertec Squared Inc.,https://www.itcj.com,itcj.com,,,Tokyo,JP,APAC,"[{""city"": ""Osaka"", ""country"": ""JP"", ""type"": ""office""}, {""city"": ""Kumamoto"", ""country"": ""JP"", ""type"": ""office""}, {""city"": null, ""country"": ""MY"", ""type"": ""office""}]",,unknown,private,,,700,700.21,distributor,"[""used semiconductor equipment"", ""refurbished tools"", ""spare parts procurement"", ""tool relocation"", ""decontamination"", ""wet stations""]","[""semiconductor"", ""fab operations""]","Japanese technical trading company that buys, sells, refurbishes and relocates used semiconductor manufacturing equipment and spare parts, holding over 1,500 tools and parts from more than 140 manufacturers.",complete,0.82,"[""https://www.itcj.com/en/"", ""https://www.itcj.com/en/company/"", ""https://www.itcjs.com/en/""]",Formed June 2026 by merger of Intertec Engineering Corp. and Intertec Corp.; predecessor founding year not established so founded_year is null. Also operates itcjs.com. Malaysia office city not stated in sources.,2026-09-30T12:33:00Z,2026-09-30T12:33:00Z,"[""WP-0024-R2""]",Manufacturing Services,"Used; Rental Equipment; Inventory Reduction, Appraisal - Brokers; Resellers",SEMICON India,700.21;700.19;801.04;804.14;202.04
d:intics.ai,Intics.ai,intics ai,"[""intics ai"", ""intics""]","[""Intics.ai INC"", ""INTICS.AI"", ""Intics"", ""INTICS Group""]",Intics Inc.,https://intics.ai,intics.ai,https://www.linkedin.com/company/intics-ai,intics-ai,McKinney,US,Americas,[],2022,11-50,private,,,804,804.03,software,"[""intelligent document processing"", ""agentic document intelligence"", ""OCR"", ""NLP data extraction"", ""on-premise AI workflows"", ""compliance auditing""]","[""enterprise"", ""healthcare"", ""pharmaceutical"", ""finance""]","AI platform for enterprise document understanding: classifies and extracts data from forms, records and reports using OCR and NLP, and can run document-parsing and compliance agents on local hardware. Also offered on IBM Cloud.",complete,0.75,"[""https://intics.ai/"", ""https://www.linkedin.com/company/intics-ai"", ""https://www.zoominfo.com/c/intics/1327430515"", ""https://cloud.ibm.com/catalog/services/intics-ai-agentic-document-intelligence""]","Horizontal document-AI vendor with no semiconductor-specific product found; classified under IT/data-processing services. HQ McKinney, Texas per ZoomInfo; founders Venkatesh Veerachamy, Anil Kumar Sannareddy, Janarthanan Poornavel (2022).",2026-09-30T12:40:00Z,2026-09-30T12:40:00Z,"[""WP-0024-R2""]",Professional Services,IT; Data Processing Services,SEMICON India,804.03;701.17;701.16;602.04
d:dehon.com,Inventec Performance Chemicals,inventec performance chemicals,"[""inventec performance chemicals"", ""inventec performance chemicals saca"", ""promosol"", ""sotragal""]","[""INVENTEC Performance Chemicals"", ""Inventec Performance Chemicals SACA"", ""Promosol"", ""Sotragal""]",Inventec Performance Chemicals SACA,https://www.inventec.dehon.com,dehon.com,https://www.linkedin.com/company/inventecpc,inventecpc,Bry-sur-Marne,FR,EMEA,"[{""city"": ""Vincennes"", ""country"": ""FR"", ""type"": ""office""}, {""city"": null, ""country"": ""CH"", ""type"": ""plant""}, {""city"": null, ""country"": ""US"", ""type"": ""plant""}, {""city"": null, ""country"": ""MX"", ""type"": ""plant""}, {""city"": null, ""country"": ""MY"", ""type"": ""plant""}, {""city"": null, ""country"": ""CN"", ""type"": ""plant""}]",,51-200,subsidiary,Dehon Group,,301,301.03,materials,"[""precision cleaning solvents"", ""PCB defluxing"", ""solder paste"", ""solder flux"", ""dielectric cooling fluids"", ""conformal coatings""]","[""semiconductor packaging"", ""electronics assembly"", ""PCB"", ""aerospace""]","French specialty chemicals maker in the Dehon Group supplying precision-cleaning solvents and defluxing agents, solder pastes and fluxes, dielectric cooling fluids and coatings for semiconductor packaging and electronics assembly.",complete,0.85,"[""https://www.inventec.dehon.com/"", ""https://www.inventec.dehon.com/solutions/cleaning/pcb-defluxing-electronics-and-semiconductor-cleaning/"", ""https://www.linkedin.com/company/inventecpc"", ""https://www.semi.org/en/resources/member-directory/inventec-performance-chemicals""]","Formed by merger of Promosol and Sotragal; ~100 employees (50 in France). ISO-certified production sites in France, Switzerland, USA, Mexico, Malaysia and China; individual plant cities not stated in sources. Founding year not established.",2026-09-30T12:40:00Z,2026-09-30T12:40:00Z,"[""WP-0024-R2""]",Chemicals & Solids,Cleaning Chemicals; Solvents; Strippers,SEMICON Europa | SEMICON India,301.03;300.13;301.06;300.01;301.10
d:ionexchangeglobal.com,Ion Exchange,ion exchange,"[""ion exchange""]","[""Ion Exchange (India) Ltd."", ""Ion Exchange (India) Limited""]",Ion Exchange (India) Limited,https://ionexchangeglobal.com,ionexchangeglobal.com,,,Mumbai,IN,APAC,"[{""city"": ""Navi Mumbai"", ""country"": ""IN"", ""type"": ""office""}, {""city"": null, ""country"": ""PT"", ""type"": ""plant""}, {""city"": null, ""country"": ""AE"", ""type"": ""plant""}, {""city"": null, ""country"": ""ID"", ""type"": ""plant""}, {""city"": null, ""country"": ""BD"", ""type"": ""plant""}, {""city"": null, ""country"": ""SA"", ""type"": ""plant""}]",,unknown,public,,NSE:IONEXCHANG,500,500.01,oem,"[""ultrapure water"", ""DI water plants"", ""ion exchange resins"", ""membrane systems"", ""water recycling"", ""zero liquid discharge""]","[""semiconductor"", ""power"", ""pharmaceutical"", ""municipal"", ""industrial""]","Listed Indian water and environment solutions group supplying ultrapure and process water treatment plants, ion exchange resins and chemicals, wastewater recycling and zero-liquid-discharge systems, with 8 Indian plants and overseas facilities.",complete,0.85,"[""https://ionexchangeglobal.com/"", ""https://finance.yahoo.com/quote/IONEXCHANG.NS/profile/"", ""https://www.screener.in/company/IONEXCHANG/consolidated/""]","Listed on BSE and NSE (IONEXCHANG). Sources describe a 60+ year legacy but do not state an incorporation year, so founded_year is null. LinkedIn page not confirmed; employee count not verified.",2026-09-30T12:42:00Z,2026-09-30T12:42:00Z,"[""WP-0024-R2""]",Factory Monitoring & Control Systems (FMCS),Chemical; Pure Water; Fluid Handling; Storage; Supply Systems,SEMICON India,500.01;500.02;301.04;500.13;301.06;700.19
d:irtech.in,IR Technology Services,ir technology services,"[""ir technology services"", ""i r technology services pvt"", ""ir technology services pvt"", ""industrial and research instrument""]","[""I R Technology Services Pvt Ltd"", ""IR Technology Services Pvt Ltd"", ""Industrial and Research Instrument Company (IRIC)""]",I R Technology Services Private Limited,https://www.irtech.in,irtech.in,https://in.linkedin.com/company/irtechinstruments,irtechinstruments,Navi Mumbai,IN,APAC,"[{""city"": ""Noida"", ""country"": ""IN"", ""type"": ""sales""}, {""city"": ""Bengaluru"", ""country"": ""IN"", ""type"": ""sales""}]",1961,201-500,private,,,203,203.23,distributor,"[""optical emission spectrometers"", ""XRD"", ""thermal analysers"", ""carbon sulphur analysers"", ""laboratory instrumentation""]","[""metals"", ""research laboratories"", ""materials"", ""industrial""]","Indian supplier of laboratory analytical instrumentation since 1961 (originally IRIC), based in Navi Mumbai. Represents and services direct-reading spectrometers, XRD, thermal analysers and elemental analysers for industry and research labs.",complete,0.8,"[""https://in.linkedin.com/company/irtechinstruments"", ""https://www.indiamart.com/irtechnologyservices/profile.html"", ""https://www.bloomberg.com/profile/company/1636991D:IN""]",Instrument distributor rather than a semiconductor-specific vendor; classified on the analytical metrology it supplies.,2026-09-30T12:43:00Z,2026-09-30T12:43:00Z,"[""WP-0022-R2""]",Inspection & Measurement Products,Spectrometers; FTIR; ATR-FTIR; Auger Electron (AES); SIMS,SEMICON India,203.23;203.29;203.25;900.06;804.14
d:joho-iwate.or.jp,Iwate Industry Promotion Center,iwate industry promotion center,"[""iwate industry promotion center"", ""iipc""]","[""Iwate Industry Promotion Center"", ""The Iwate Industry Promotion Center"", ""IIPC"", ""\u3044\u308f\u3066\u7523\u696d\u632f\u8208\u30bb\u30f3\u30bf\u30fc""]",,https://www.joho-iwate.or.jp,joho-iwate.or.jp,,,Morioka,JP,APAC,"[{""city"": ""Kitakami"", ""country"": ""JP"", ""type"": ""training center""}]",,unknown,nonprofit,,,804,804.01,association,"[""industry promotion"", ""semiconductor workforce training"", ""I-SPARK"", ""I-SEP"", ""IP and equipment subsidies"", ""market development support""]","[""semiconductor"", ""electronics"", ""regional manufacturing""]","Iwate Prefecture public-interest industry promotion body that supports local manufacturers with subsidies, IP and market development, and hosts the Iwate Semiconductor Human Resource Development Center in Kitakami.",complete,0.78,"[""https://www.iwate-ilc.jp/eng/ktimes/the-iwate-industry-promotion-center/"", ""https://www.joho-iwate.or.jp/i-spark/lesson/data/panf_I-SPARK_en.pdf"", ""https://www5.pref.iwate.jp/~hp0405/i-sep/""]",Public-interest incorporated foundation backed by Iwate Prefecture (recorded as nonprofit; arguably government). Headquarters city taken as Morioka; the semiconductor HR development center is in Kitakami. Founding year not established.,2026-09-30T12:42:00Z,2026-09-30T12:42:00Z,"[""WP-0024-R2""]",Professional Services,Government Advocacy; Regulation; Economic Development Agencies,SEMICON India,804.01;800.01;802.01;701.12;804.09
d:izmomicro.com,izmo Microsystems,izmo microsystems,"[""izmo microsystems"", ""izmo microsystems private"", ""izmo microsystems pvt""]","[""izmo microsystems private limited"", ""IZMO Microsystems PVT Ltd""]",izmo Microsystems Private Limited,https://www.izmomicro.com,izmomicro.com,https://www.linkedin.com/company/izmo-ltd,izmo-ltd,Bangalore,IN,APAC,[],2024,51-200,subsidiary,izmo Ltd,,701,701.01,service,"[""System-in-Package"", ""SiP"", ""advanced semiconductor packaging"", ""silicon photonics packaging"", ""photonic IC packaging""]","[""automotive"", ""telecom"", ""consumer"", ""defense"", ""space""]","Bangalore-based subsidiary of izmo Ltd offering advanced semiconductor packaging and System-in-Package (SiP) manufacturing, including silicon photonics and photonic IC packaging.",complete,0.88,"[""https://www.izmomicro.com/"", ""https://expo.semi.org/india2025/Public/eBooth.aspx?IndexInList=154&ListByBooth=true&BoothID=656811&Nav=False"", ""https://www.linkedin.com/company/izmo-ltd""]","Subsidiary launched by listed parent izmo Ltd; no separate LinkedIn company page found, parent page used.",2026-09-30T12:27:00Z,2026-09-30T12:27:00Z,"[""WP-0025-R2""]",Manufacturing Services or Consulting,Assembly,SEMICON India,701.01;701.14;701.07
d:janaticsindia.com,Janatics,janatics,"[""janatics"", ""janatics global solutions pvt"", ""janatics india private""]","[""Janatics Global Solutions Pvt. Ltd."", ""Janatics India Private Limited""]",Janatics Global Solutions Private Limited,https://janaticsindia.com,janaticsindia.com,https://in.linkedin.com/company/janatics-india-private-ltd,janatics-india-private-ltd,Coimbatore,IN,APAC,[],1977,201-500,private,Janatics India Private Limited,,401,401.12,component_supplier,"[""pneumatic cylinders"", ""pneumatic valves"", ""FRL units"", ""air preparation"", ""industrial automation""]","[""industrial automation"", ""textiles"", ""packaging"", ""railways"", ""defense""]","Coimbatore-based Indian pneumatics manufacturer (founded 1977) making pneumatic cylinders, valves and accessories for industrial automation; Janatics Global Solutions is the group arm incorporated 2023.",complete,0.8,"[""https://janaticsindia.com/"", ""https://in.linkedin.com/company/janatics-india-private-ltd"", ""https://company.vakilsearch.com/janatics-global-solutions-private-limited/U82990TZ2023PTC028094""]","Exhibitor entity Janatics Global Solutions Pvt Ltd (inc. 2023, Coimbatore) folded into Janatics group record.",2026-09-30T12:27:00Z,2026-09-30T12:27:00Z,"[""WP-0025-R2""]",Sub-systems,Pneumatic Systems; Pneumatic rotary spindles,SEMICON India,401.12;400.10;401.09;502.01
d:npo-jibb.org,Japan India Business Bureau,japan india business bureau,"[""japan india business bureau"", ""jibb"", ""npo japan india business bureau""]","[""Japan India Business Bureau (NPO)"", ""JIBB"", ""NPO Japan India Business Bureau""]",,https://npo-jibb.org,npo-jibb.org,,,Tokyo,JP,APAC,"[{""city"": ""Noida"", ""country"": ""IN"", ""type"": ""office""}]",,unknown,nonprofit,,,800,800.01,association,"[""Japan India business matching"", ""market entry support"", ""partnership facilitation"", ""Japan India Semiconductor Committee""]","[""semiconductor"", ""manufacturing""]","Japanese non-profit bureau connecting Japanese and Indian businesses, governments, academia and startups; runs the Japan India Semiconductor Committee and supports market entry and partnerships.",complete,0.82,"[""https://npo-jibb.org/en"", ""https://npo-jibb.org/en/contact"", ""https://expo.semi.org/india2025/Public/eBooth.aspx?IndexInList=156&ListByBooth=true&BoothID=656302&Nav=False""]",No LinkedIn company page found in results; only individual member profiles.,2026-09-30T12:33:00Z,2026-09-30T12:33:00Z,"[""WP-0025-R2""]",Associations,Associations; Trade or Industrial,SEMICON India,800.01;804.01;804.07
d:jeol.co.jp,JEOL,jeol,"[""jeol"", ""jeol india private""]","[""JEOL INDIA PRIVATE LIMITED"", ""JEOL Ltd."", ""Jeol India Private Limited""]",JEOL Ltd.,https://www.jeol.co.jp/en/,jeol.co.jp,https://www.linkedin.com/company/jeol-ltd,jeol-ltd,Akishima,JP,APAC,"[{""city"": ""New Delhi"", ""country"": ""IN"", ""type"": ""sales""}]",1949,1001-5000,public,,TYO:6951,203,203.17,oem,"[""SEM"", ""TEM"", ""FIB"", ""electron probe microanalyzer"", ""e-beam lithography"", ""NMR"", ""mass spectrometry"", ""XRF""]","[""semiconductor"", ""materials science"", ""life science"", ""medical""]","Japanese maker of electron microscopes (SEM, TEM), focused ion beam and electron-beam lithography systems and analytical instruments; JEOL India Private Limited is its New Delhi sales and service arm.",complete,0.9,"[""https://www.jeol.com/in/"", ""https://www.linkedin.com/company/jeol-ltd/"", ""https://www.indiamart.com/jeol-india-limited/aboutus.html"", ""https://expo.semi.org/india2025/Public/eBooth.aspx?IndexInList=0&FromPage=Exhibitors.aspx&ParentBoothID=&ListByBooth=true&BoothID=650041""]","Indian subsidiary (est. 2011, New Delhi) folded into JEOL Ltd group record. Ticker from Tokyo listing.",2026-09-30T12:33:00Z,2026-09-30T12:33:00Z,"[""WP-0025-R2""]",Inspection & Measurement Products,"Microscopes: SEM; Focused Ion Beam (FIB), TEM",SEMICON India,203.17;203.23;203.29;207.13;203.14
d:ji-techindia.co.in,JI Tech India,ji tech india,"[""ji tech india"", ""jitech india private""]","[""JITECH INDIA PRIVATE LIMITED"", ""Jitech India Private Limited"", ""JI Tech India""]",Jitech India Private Limited,https://www.ji-techindia.co.in,ji-techindia.co.in,,,Hyderabad,IN,APAC,[],2020,unknown,subsidiary,,,307,307.02,materials,"[""ALD precursors"", ""CVD precursors"", ""organometallic compounds"", ""specialty ligands"", ""OLED materials"", ""electrolyte materials""]","[""semiconductor"", ""display"", ""energy storage""]","Hyderabad-based maker of high-purity semiconductor and electronic materials including ALD/CVD precursors, organometallics, specialty ligands and OLED materials; incorporated 2020 as an Indian subsidiary of a foreign parent.",complete,0.78,"[""https://www.ji-techindia.co.in/our-products/"", ""https://www.zaubacorp.com/JITECH-INDIA-PRIVATE-LIMITED-U24304TG2020FTC143098"", ""https://www.tofler.in/jitech-india-private-limited/company/U24304TG2020FTC143098""]",Registry lists it as a private subsidiary of a foreign company (director Joo Young Lee); parent name not confirmed. No LinkedIn company page found.,2026-09-30T12:39:00Z,2026-09-30T12:39:00Z,"[""WP-0025-R2""]",Process Materials,Deposition Supplies,SEMICON India,307.02;301.06;307.03;305.01
d:jindalsaw.com,Jindal SAW,jindal saw,"[""jindal saw"", ""jindal saw pipes""]","[""Jindal SAW Ltd."", ""Jindal Saw Limited"", ""Jindal Saw Pipes Limited""]",Jindal Saw Limited,https://www.jindalsaw.com,jindalsaw.com,https://in.linkedin.com/company/jindalsawltd,jindalsawltd,New Delhi,IN,APAC,"[{""city"": ""Nashik"", ""country"": ""IN"", ""type"": ""plant""}, {""city"": ""Mundra"", ""country"": ""IN"", ""type"": ""plant""}, {""city"": ""Kosi Kalan"", ""country"": ""IN"", ""type"": ""plant""}]",1984,5001-10000,public,O.P. Jindal Group,NSE:JINDALSAW,400,400.19,component_supplier,"[""SAW pipes"", ""ductile iron pipes"", ""seamless tubes"", ""stainless steel pipes"", ""anti-corrosion coatings"", ""iron ore pellets""]","[""oil and gas"", ""water infrastructure"", ""industrial""]","Indian manufacturer of submerged-arc-welded, seamless and ductile iron pipes and tubes plus iron ore pellets, part of the O.P. Jindal Group, with plants in India, the USA, Europe and the UAE.",complete,0.85,"[""https://in.linkedin.com/company/jindalsawltd"", ""https://finance.yahoo.com/quote/JINDALSAW.NS/profile/"", ""https://www.indiainfoline.com/company/jindal-saw-ltd/summary""]",Steel and pipe manufacturer; semiconductor relevance is as an industrial piping and metals supplier.,2026-09-30T12:34:00Z,2026-09-30T12:34:00Z,"[""WP-0025-R2""]","Components, Parts & Accessories",Pipe; Tubing; Hose; Flanges; Connectors; Couplings; Plumbing Fittings,SEMICON India,400.19;400.20;500.01
d:jgsemicon.com,Jinggong Semicon,jinggong semicon,"[""jinggong semicon"", ""jiangsu jinggong semicon equipment"", ""jiangsu jinggong semiconductor equipment"", ""jg semicon equipment""]","[""Jiangsu Jinggong Semicon Equipment Co., Ltd"", ""Jiangsu Jinggong Semiconductor Equipment Co., Ltd"", ""JG Semicon Equipment Co., Ltd.""]","Jiangsu Jinggong Semiconductor Equipment Co., Ltd.",https://www.jgsemicon.com,jgsemicon.com,,,Qidong,CN,APAC,[],2021,unknown,private,,,200,200.01,oem,"[""wafer edge grinding"", ""single wafer cleaning"", ""wafer brushing"", ""waxing coating machine"", ""profiler"", ""wafer handling robot arm""]","[""silicon wafers"", ""SiC"", ""GaAs"", ""InP"", ""germanium""]","Chinese equipment maker in Qidong, Jiangsu (founded 2021) building wafer edge grinders, single-wafer cleaning and brushing machines and waxing/coating tools for silicon, SiC, GaAs, InP and germanium substrates.",complete,0.85,"[""https://www.jgsemicon.com/en/company-profile.html"", ""https://www.jgsemicon.com/en/about.html"", ""https://www.semi.org/en/resources/member-directory/jiangsu-jinggong-semicon-equipment-co-ltd""]",No LinkedIn company page found.,2026-09-30T12:34:00Z,2026-09-30T12:34:00Z,"[""WP-0025-R2""]",Packaging and Assembly Equipment,Backgrind; Slicing; Lapping; Polishing Equipment,SEMICON Europa | SEMICON India | SEMICON West,200.01;207.03;207.02;207.05
d:jipal.com,Jipal,jipal,"[""jipal"", ""jipal hi tech""]","[""Jipal Hi-Tech"", ""Jipal Corporation"", ""JIPAL HI-TECH PTE. LTD.""]",Jipal Corporation,https://www.jipal.com,jipal.com,,,Hsinchu,TW,APAC,"[{""city"": ""Singapore"", ""country"": ""SG"", ""type"": ""sales""}, {""city"": ""Taichung"", ""country"": ""TW"", ""type"": ""sales""}, {""city"": ""Kaohsiung"", ""country"": ""TW"", ""type"": ""sales""}]",1990,unknown,private,Jipal Corporation,,804,804.14,distributor,"[""semiconductor packaging equipment"", ""test equipment"", ""PCBA equipment"", ""metrology"", ""tooling"", ""materials distribution""]","[""semiconductor packaging"", ""test"", ""PCBA""]","Taiwan-headquartered distributor (founded 1990) of semiconductor packaging and test equipment, PCBA equipment and materials, with metrology and tooling service centres across Asia including India (opened 2024).",complete,0.8,"[""https://www.jipal.com/article.php?lang=en&tb=1&id=11"", ""https://www.semi.org/en/resources/member-directory/jipal-corporation"", ""https://www.sgpbusiness.com/company/Jipal-Hi-tech-Pte-Ltd""]",Jipal Hi-Tech Pte Ltd is the Singapore SEA entity of Taiwan-based Jipal Corporation; no LinkedIn page found.,2026-09-30T12:34:00Z,2026-09-30T12:34:00Z,"[""WP-0025-R2""]",Professional Services,Sales; Manufacturers Representation or Distributors,SEMICON India,804.14;700.19;203.05
d:jmjkorea.com,JMJ Korea,jmj korea,"[""jmj korea""]","[""JMJ Korea Co., Ltd"", ""JMJ KOREA CO., LTD.""]","JMJ Korea Co., Ltd.",http://www.jmjkorea.com,jmjkorea.com,,,Bucheon,KR,APAC,[],2007,51-200,private,,,300,300.03,component_supplier,"[""clips for semiconductor packaging"", ""lead frames"", ""clip bonding"", ""clip mount automation equipment"", ""jigs"", ""tools"", ""PCBs""]","[""power semiconductors"", ""automotive"", ""industrial""]","South Korean supplier in Bucheon (founded 2007) making clips and lead frames for power semiconductor packaging plus clip-bonding automation equipment, tools and jigs; supplies Samsung, TI and Infineon.",complete,0.82,"[""http://www.jmjkorea.com/"", ""https://www.ksia.or.kr/KSIA/download/jmj-korea-company/JMJ-KOREA-Company_Profile_20200311_(1).pdf"", ""https://www.investkorea.org/ik-en/bbs/i-465/detail.do?ntt_sn=485680""]",No LinkedIn company page found in results.,2026-09-30T12:40:00Z,2026-09-30T12:40:00Z,"[""WP-0025-R2""]",Packaging and Assembly Materials,Lead Frames & Headers: Etched; Stamped,SEMICON India | SEMICON West,300.03;300.02;200.09;300.10
d:jsr.co.jp,JSR,jsr,"[""jsr"", ""jsr electronic materials singapore"", ""japan synthetic rubber""]","[""JSR Electronic Materials Singapore Pte Ltd"", ""JSR Corporation"", ""Japan Synthetic Rubber""]",JSR Corporation,https://www.jsr.co.jp/jsr_e/,jsr.co.jp,,,Tokyo,JP,APAC,"[{""city"": ""Singapore"", ""country"": ""SG"", ""type"": ""manufacturing""}, {""city"": ""Leuven"", ""country"": ""BE"", ""type"": ""rnd""}]",1957,unknown,private,,,301,301.07,materials,"[""photoresist"", ""EUV resist"", ""ArF immersion resist"", ""KrF"", ""i-line"", ""anti-reflective coatings"", ""developers"", ""multilayer materials""]","[""logic"", ""memory"", ""advanced packaging"", ""display""]","Japanese electronic materials maker and leading global photoresist supplier, covering i-line through EUV resists plus ancillaries; JSR Electronic Materials Singapore is its Singapore arm, opened 1997.",complete,0.85,"[""https://www.jsr.co.jp/jsr_e/products/em/"", ""https://www.semi.org/en/resources/member-directory/jsr-corporation"", ""https://www.jsrmicro.com/electronic-materials""]",Singapore entity folded into JSR Corporation group record. No current ticker confirmed; employee count not confirmed.,2026-09-30T12:40:00Z,2026-09-30T12:40:00Z,"[""WP-0025-R2""]",Chemicals & Solids,Photo Resist; Developers & Ancillaries (incl. Adhesion promoter (HMDS); Primer; Anti-Reflective Coat,SEMICON India,301.07;301.03;300.17;301.10
d:jtcorp.co.kr,JT Corp,jt,"[""jt""]","[""JT Corp."", ""JT Corporation""]",JT Corporation,https://www.jtcorp.co.kr,jtcorp.co.kr,,,Cheonan,KR,APAC,[],1990,51-200,public,,KOSDAQ:089790,208,208.10,oem,"[""burn-in sorter"", ""test handler"", ""vision inspection"", ""laser marking""]","[""memory"", ""logic"", ""LED"", ""display""]","Korean maker of semiconductor test handlers and burn-in sorting systems, plus vision inspection and laser processing equipment; operates semiconductor and laser divisions.",complete,0.85,"[""https://www.jtcorp.co.kr/en/company/ceo.php"", ""https://stockanalysis.com/quote/kosdaq/089790/company/"", ""https://www.semi.org/en/resources/member-directory/jt-corp""]",,2026-09-30T12:28:00Z,2026-09-30T12:28:00Z,"[""WP-0026-R2""]",Test Equipment,Handlers; Positioner Systems,SEMICON India,208.10;208.02;208.13;202.09
d:jubilantingrevia.com,Jubilant Ingrevia,jubilant ingrevia,"[""jubilant ingrevia""]","[""Jubilant Ingrevia Limited""]",Jubilant Ingrevia Limited,https://www.jubilantingrevia.com,jubilantingrevia.com,https://www.linkedin.com/company/jubilantingrevia,jubilantingrevia,Noida,IN,APAC,[],2021,1001-5000,public,Jubilant Bhartia Group,NSE:JUBLINGREA,301,301.06,materials,"[""high-purity specialty chemicals"", ""electronic chemicals"", ""photoresist intermediates"", ""photo-acid generators"", ""antireflective coatings""]","[""semiconductor"", ""pharmaceutical"", ""agrochemical"", ""nutrition""]","Indian specialty chemicals and CDMO company, demerged from Jubilant Bhartia Group in 2021, supplying high-purity electronic chemical intermediates for photoresists and antireflective coatings alongside pharma and nutrition products.",complete,0.85,"[""https://jubilantingrevia.com/"", ""https://in.linkedin.com/company/jubilantingrevia"", ""https://www.jubilantingrevia.com/Uploads/files/speciality-chemicals-brochure.pdf""]",,2026-09-30T12:28:00Z,2026-09-30T12:28:00Z,"[""WP-0026-R2""]",Chemicals & Solids,Other Specialty Chemicals,SEMICON India,301.06;301.07
d:jungsungtech.com,Jung Sung Tech,jung sung tech,"[""jung sung tech"", ""jungsung tech""]","[""Jung Sung Tech Co.,Ltd."", ""Jungsung Tech""]","Jung Sung Tech Co., Ltd.",http://www.jungsungtech.com,jungsungtech.com,,,"Gwangju-si, Gyeonggi-do",KR,APAC,[],2010,unknown,private,,,307,307.10,component_supplier,"[""quartz"", ""synthetic quartz"", ""ceramic"", ""sapphire"", ""etch chamber parts""]","[""semiconductor""]","Korean manufacturer of quartz, ceramic, sapphire and pyrex components for semiconductor etch process chambers, founded 2010 in Gyeonggi-do.",complete,0.8,"[""https://www.semi.org/en/resources/member-directory/jung-sung-tech-coltd"", ""https://exhibitors.electronica.de/exhibitor-portal/2024/list-of-exhibitors/exhibitordetails/jung-sung-tech-co-ltd/""]",,2026-09-30T12:28:00Z,2026-09-30T12:28:00Z,"[""WP-0026-R2""]",Process Materials,"Quartzware (Silicon Carbide, Fused Quartz Glass, Sapphire), Ceramic & Oxide Ceramic Fixtures",SEMICON India,307.10;307.09;400.20
d:kaijo.co.jp,Kaijo,kaijo,"[""kaijo"", ""kaijo denki"", ""kaijo shibuya""]","[""Kaijo Corporation"", ""Kaijo Denki Corporation"", ""Kaijo Shibuya""]",Kaijo Corporation,https://www.kaijo.co.jp,kaijo.co.jp,,,"Hamura, Tokyo",JP,APAC,"[{""city"": ""Santa Clara"", ""country"": ""US"", ""type"": ""sales""}, {""city"": null, ""country"": ""DE"", ""type"": ""sales""}]",1948,201-500,private,,,200,200.28,oem,"[""wire bonder"", ""stud bump bonder"", ""die bonder"", ""ultrasonic cleaning"", ""megasonic""]","[""semiconductor"", ""LED"", ""hard disk"", ""automotive"", ""medical""]","Japanese ultrasonic-technology company founded 1948, making semiconductor wire and stud-bump bonders, die bonders and ultrasonic cleaning systems; sells through Kaijo Shibuya units in the US and Europe.",complete,0.85,"[""https://www.kaijo.co.jp/en/company/greeting.html"", ""https://www.kaijo.co.jp/en/bonder.html"", ""https://www.semi.org/en/resources/member-directory/kaijo-corporation"", ""https://www.kaijo-shibuya.com/about-us/""]",Overseas sales arms trade as Kaijo Shibuya America Inc and Kaijo Shibuya Europe GmbH; employee range estimated.,2026-09-30T12:33:00Z,2026-09-30T12:33:00Z,"[""WP-0026-R2""]",Packaging and Assembly Equipment,Wire Bonding Equipment,SEMICON India,200.28;200.09;200.04;207.03;401.18
d:kanken-techno.co.jp,Kanken Techno,kanken techno,"[""kanken techno""]","[""Kanken Techno Co., Ltd.""]","Kanken Techno Co., Ltd.",https://www.kanken-techno.co.jp,kanken-techno.co.jp,,,"Nagaokakyo, Kyoto",JP,APAC,"[{""city"": null, ""country"": ""KR"", ""type"": ""sales""}]",1978,201-500,private,,,500,500.13,oem,"[""exhaust gas abatement"", ""scrubber"", ""VOC treatment"", ""PFC abatement"", ""neon gas recycling""]","[""semiconductor"", ""flat panel display"", ""LED""]","Japanese maker of exhaust-gas abatement and detoxification systems for semiconductor and LCD fabs, including VOC and greenhouse-gas treatment and on-site neon recycling for excimer lasers.",complete,0.85,"[""https://www.kanken-techno.co.jp/company/profile"", ""https://www.semi.org/en/resources/member-directory/kanken-techno-co-ltd"", ""https://www.jst.go.jp/EN/achievements/research/bt2023-14.html""]","Sources differ on HQ municipality within Kyoto Prefecture (Nagaokakyo vs Kyotanabe); Korea sales presence reported, city unconfirmed; employee range estimated.",2026-09-30T12:33:00Z,2026-09-30T12:33:00Z,"[""WP-0026-R2""]",Factory Monitoring & Control Systems (FMCS),Waste Control; Effluent Management Systems (Fluid & Gas; Exhaust Conditioning; Scrubbers),SEMICON Europa | SEMICON India | SEMICON West,500.13;500.06;500.10;500.08
d:kayblowers.com,Kay International,kay international,"[""kay international"", ""kay international pvt"", ""kay blowers""]","[""Kay International Pvt. Ltd."", ""Kay International Ltd"", ""Kay Blowers""]",Kay International Private Limited,https://www.kayblowers.com,kayblowers.com,https://www.linkedin.com/company/kay-international-ltd,kay-international-ltd,Sonipat,IN,APAC,[],1966,201-500,private,,,401,401.16,component_supplier,"[""twin lobe blower"", ""vacuum blower"", ""vacuum pump"", ""air blower""]","[""semiconductor"", ""general industrial"", ""process industry""]","Indian manufacturer of industrial air blowers, twin-lobe blowers and vacuum products from Kundli Industrial Area, Sonipat, supplying process and vacuum equipment to industrial customers.",complete,0.6,"[""https://www.tradeindia.com/kay-international-pvt-ltd-8612669/"", ""https://in.linkedin.com/company/kay-international-ltd"", ""https://www.zaubacorp.com/KAY-INTERNATIONAL-PRIVATE-LIMITED-U66309DL1978PTC009057""]",Identity match to the SEMICON India exhibitor not fully confirmed; blower/vacuum maker with no explicit semiconductor product line. Brand founded 1966 per company sources; the private limited entity was incorporated in 1978 per MCA records.,2026-09-30T12:38:00Z,2026-09-30T12:38:00Z,"[""WP-0026-R2""]",Sub-systems,"Pumps, Vacuum",SEMICON India,401.16;401.15;400.17
d:kaynessemicon.com,Kaynes Semicon,kaynes semicon,"[""kaynes semicon"", ""kaynes semicon private""]","[""Kaynes Semicon Private Limited""]",Kaynes Semicon Private Limited,https://kaynessemicon.com,kaynessemicon.com,,,Sanand,IN,APAC,"[{""city"": ""Mysuru"", ""country"": ""IN"", ""type"": ""rnd""}]",,unknown,subsidiary,Kaynes Technology India Limited,,701,701.01,service,"[""OSAT"", ""advanced packaging"", ""assembly and test"", ""multi-chip module"", ""co-packaged optics substrates"", ""power packaging""]","[""power electronics"", ""automotive"", ""silicon photonics"", ""industrial""]","Semiconductor assembly and test (OSAT) subsidiary of Mysuru-based Kaynes Technology India, running a Sanand, Gujarat facility under the India Semiconductor Mission with advanced and traditional packaging lines.",complete,0.85,"[""https://www.crunchbase.com/organization/kaynes-semicon"", ""https://www.forbesindia.com/article/news/kaynes-semicon-gets-centres-nod-to-set-up-semiconductor-unit-in-gujarats-sanand/94032/1"", ""https://www.eetimes.com/indias-kaynes-semicon-fast-tracks-power-packaging-ambitions/"", ""https://www.crnasia.com/india/news/2026/kaynes-semicon-starts-production-at-sanand-osat-facility-marking-india-s-second-chip-unit""]",Kept as its own record rather than folded into Kaynes Technology because the semiconductor unit is the exhibiting entity. Incorporation year not confirmed.,2026-09-30T12:38:00Z,2026-09-30T12:38:00Z,"[""WP-0026-R2""]",Manufacturing Services or Consulting,Assembly,SEMICON India,701.01;701.20;903.05;701.14
d:keysight.com,Keysight Technologies,keysight technologies,"[""keysight technologies"", ""keysight technologies india private""]","[""KEYSIGHT TECHNOLOGIES INDIA PRIVATE LIMITED"", ""Keysight Technologies, Inc.""]","Keysight Technologies, Inc.",https://www.keysight.com,keysight.com,,,Santa Rosa,US,Americas,"[{""city"": ""Gurgaon"", ""country"": ""IN"", ""type"": ""subsidiary""}, {""city"": ""Bengaluru"", ""country"": ""IN"", ""type"": ""rnd""}]",2014,10001+,public,,NYSE:KEYS,203,203.11,oem,"[""electronic test and measurement"", ""oscilloscopes"", ""network analyzers"", ""parametric test"", ""device characterization"", ""design software""]","[""semiconductor"", ""communications"", ""automotive"", ""aerospace and defense""]","US electronic test and measurement company spun out of Agilent in 2014, supplying instruments, parametric and device test systems and design software; exhibits in India through its Indian private limited subsidiary.",complete,0.85,"[""https://www.keysight.com/in/en/contact.html"", ""https://www.zaubacorp.com/KEYSIGHT-TECHNOLOGIES-INDIA-PRIVATE-LIMITED-U51505DL2014FTC264929"", ""https://www.marketscreener.com/quote/stock/KEYSIGHT-TECHNOLOGIES-INC-18426374/company-group/""]","Exhibitor is the Indian subsidiary (CIN U51505DL2014FTC264929, incorporated 14 Feb 2014, registered office Gurgaon); folded into the parent group record per dedupe rule.",2026-09-30T12:40:00Z,2026-09-30T12:40:00Z,"[""WP-0026-R2""]",Inspection & Measurement Products,Instruments; Bench Top Test,SEMICON India,203.11;208.16;208.20;208.09;603.02
d:khuranaandkhurana.com,Khurana & Khurana,khurana and khurana,"[""khurana and khurana"", ""khurana and khurana advocates and ip attorneys"", ""k and k""]","[""Khurana & Khurana (K&K)"", ""Khurana and Khurana, Advocates and IP Attorneys"", ""K&K""]","Khurana and Khurana, Advocates and IP Attorneys",https://www.khuranaandkhurana.com,khuranaandkhurana.com,,,Greater Noida,IN,APAC,"[{""city"": ""Bengaluru"", ""country"": ""IN"", ""type"": ""office""}, {""city"": ""Pune"", ""country"": ""IN"", ""type"": ""office""}, {""city"": ""New Delhi"", ""country"": ""IN"", ""type"": ""office""}, {""city"": null, ""country"": ""US"", ""type"": ""office""}]",2007,201-500,private,,,804,804.04,service,"[""patent prosecution"", ""IP portfolio management"", ""IP litigation"", ""trademarks"", ""technology law""]","[""semiconductor"", ""pharmaceutical"", ""electronics"", ""general industry""]","Indian full-service intellectual property law firm founded in 2007, headquartered in Greater Noida with offices in Bengaluru, Pune, Delhi and California, covering patent protection, portfolio management and IP litigation.",complete,0.85,"[""https://www.khuranaandkhurana.com/about-us"", ""https://www.ipstars.com/Firm/khurana-khurana/Profile/102177"", ""https://www.khuranaandkhurana.com/2021/11/26/khurana-khurana-delhi-office""]",Employee range estimated from firm-profile descriptions; California office city not confirmed.,2026-09-30T12:40:00Z,2026-09-30T12:40:00Z,"[""WP-0026-R2""]",Professional Services,Legal Services,SEMICON India,804.04;701.19
d:kianshinternational.com,Kiansh International Technologies,kiansh international technologies,"[""kiansh international technologies"", ""kiansh international technologies pvt""]","[""KIANSH INTERNATIONAL TECHNOLOGIES PVT LTD""]",Kiansh International Technologies Private Limited,https://www.kianshinternational.com,kianshinternational.com,https://www.linkedin.com/company/kiansh-international-technologies-private-limited,kiansh-international-technologies-private-limited,Ghaziabad,IN,APAC,"[{""city"": ""Greater Noida"", ""country"": ""IN"", ""type"": ""office""}]",2017,unknown,private,,,500,500.13,distributor,"[""gas abatement"", ""plasma scrubber"", ""De-NOx"", ""electrostatic precipitator"", ""industrial automation""]","[""semiconductor"", ""solar"", ""display""]","Indian industrial-automation and gas-abatement provider supplying scrubbers, De-NOx and emission-control systems (incl. GnBS Korea equipment) to semiconductor, FPD, LED and solar lines.",complete,0.82,"[""https://www.kianshinternational.com"", ""https://in.linkedin.com/company/kiansh-international-technologies-private-limited"", ""https://www.zaubacorp.com/KIANSH-INTERNATIONAL-TECHNOLOGIES-PRIVATE-LIMITED-U74999UP2017PTC095358""]",,2026-09-30T12:26:31Z,2026-09-30T12:26:31Z,"[""WP-0027-R2""]",Factory Monitoring & Control Systems (FMCS),Waste Control; Effluent Management Systems (Fluid & Gas; Exhaust Conditioning; Scrubbers),SEMICON India,500.13;500.06;701.10
d:kinesis-solutions.com,Kinesis Semiconductor Wire Solutions,kinesis semiconductor wire solutions,"[""kinesis semiconductor wire solutions"", ""kinesis semiconductor wire solutions india pvt""]","[""Kinesis Semiconductor Wire Solutions India Pvt Ltd""]",Kinesis Semiconductor Wire Solutions India Pvt. Ltd.,https://www.kinesis-solutions.com,kinesis-solutions.com,,,Chennai,IN,APAC,[],2025,unknown,subsidiary,VCI Global Limited,,300,300.02,materials,"[""bonding wire"", ""semiconductor packaging"", ""wire bonding consumables""]","[""semiconductor packaging"", ""OSAT"", ""IDM""]","India's first dedicated semiconductor bonding-wire manufacturer, a Chennai JV between VCI Global (51%) and Kinesis Manufacturing Solutions, supplying IDMs and OSATs.",complete,0.85,"[""https://www.kinesis-solutions.com/about-us"", ""https://www.globenewswire.com/news-release/2025/02/27/3033760/0/en/VCI-Global-and-Kinesis-Manufacturing-Solutions-Announce-India-s-First-Semiconductor-Wire-Plant-to-Supply-Industry-Giants-in-a-Rapidly-Expanding-US-105-Billion-Market.html""]",LinkedIn company page not found.,2026-09-30T12:26:31Z,2026-09-30T12:26:31Z,"[""WP-0027-R2""]",Packaging and Assembly Materials,Bonding; Interconnect Materials - Wire; Ribbon; Tape; Capillaries & Tools,SEMICON India,300.02
d:kisco-net.com,KISCO,kisco,"[""kisco""]","[""KISCO LTD."", ""KISCO (Deutschland) GmbH""]",KISCO Ltd.,https://www.kisco-net.com,kisco-net.com,https://www.linkedin.com/company/kisco-net,kisco-net,Osaka,JP,APAC,"[{""city"": ""Tokyo"", ""country"": ""JP"", ""type"": ""office""}, {""city"": null, ""country"": ""DE"", ""type"": ""sales""}, {""city"": ""Singapore"", ""country"": ""SG"", ""type"": ""sales""}]",1921,201-500,public,,,301,301.06,distributor,"[""electronic materials"", ""synthetic resins"", ""diX parylene coating"", ""EcoPeeler cleaning chemistry"", ""packaging materials""]","[""semiconductor"", ""LED"", ""power modules"", ""electronics""]","Japanese materials specialist and trading house (est. 1921, Osaka) supplying synthetic resins, specialty chemicals, electronic and semiconductor materials, packaging materials and diX parylene coatings.",complete,0.84,"[""https://www.kisco-net.com/company/office/index.php"", ""https://www.kisco-net.com/business/electronics/semicon-material/index.php"", ""https://www.linkedin.com/company/kisco-net""]",Distinct from Korean Kyung-In Synthetic Corp (kiscochem) and KISCO Limited UK. LinkedIn slug kisco-net is the group page used by KISCO (Deutschland) GmbH. ~385 employees as of Mar 2026.,2026-09-30T12:31:00Z,2026-09-30T12:31:00Z,"[""WP-0027-R2""]",Chemicals & Solids,Other Specialty Chemicals,SEMICON Europa | SEMICON India,301.06;300.17;307.02;804.14
d:kitzsct.com,KITZ SCT,kitz sct,"[""kitz sct""]","[""KITZ SCT CORPORATION""]",KITZ SCT Corporation,https://en.kitzsct.com,kitzsct.com,https://www.linkedin.com/company/kitz-sct-corporation,kitz-sct-corporation,Tokyo,JP,APAC,"[{""city"": ""Santa Clara"", ""country"": ""US"", ""type"": ""sales""}, {""city"": null, ""country"": ""VN"", ""type"": ""manufacturing""}]",1982,501-1000,subsidiary,KITZ Corporation,,400,400.10,component_supplier,"[""ultra high purity valves"", ""gas panels"", ""integrated gas system"", ""PFA valves"", ""vacuum exhaust valves"", ""fittings""]","[""semiconductor"", ""flat panel display"", ""LED"", ""photovoltaic""]","KITZ Group subsidiary developing and manufacturing ultra-high-purity valves, fittings, gas panels and units for semiconductor, FPD, LED and PV gas and chemical delivery systems; 780 employees.",complete,0.88,"[""https://en.kitzsct.com/company/outline"", ""https://en.kitzsct.com/products/lineup/uhp_valves"", ""https://www.linkedin.com/company/kitz-sct-corporation"", ""https://www.kitz.com/en/news/20260209""]",Parent KITZ Corporation is Tokyo-listed; ticker not verified so left null.,2026-09-30T12:31:00Z,2026-09-30T12:31:00Z,"[""WP-0027-R2""]","Components, Parts & Accessories",Flow Control Components - Valves; Meters; Gauges; Regulators; MFC's,SEMICON Europa | SEMICON India | SEMICON West,400.10;401.05;400.19;400.11
d:kla.com,KLA,kla,"[""kla""]","[""KLA Corporation"", ""KLA""]",KLA Corporation,https://www.kla.com,kla.com,https://www.linkedin.com/company/klacorp,klacorp,Milpitas,US,Americas,"[{""city"": ""Chennai"", ""country"": ""IN"", ""type"": ""engineering""}, {""city"": ""Hsinchu"", ""country"": ""TW"", ""type"": ""sales""}, {""city"": ""Leuven"", ""country"": ""BE"", ""type"": ""engineering""}]",1975,10001+,public,,NASDAQ:KLAC,203,203.05,oem,"[""wafer inspection"", ""reticle inspection"", ""metrology"", ""overlay"", ""process control"", ""yield management""]","[""logic"", ""memory"", ""advanced packaging"", ""compound semiconductor""]","US process-control leader supplying wafer and reticle inspection, metrology and yield-management systems to semiconductor fabs worldwide; formed from the 1997 KLA Instruments/Tencor merger.",complete,0.95,"[""https://en.wikipedia.org/wiki/KLA_Corporation"", ""https://www.linkedin.com/company/klacorp"", ""https://finance.yahoo.com/quote/KLAC/profile/""]",,2026-09-30T12:33:00Z,2026-09-30T12:33:00Z,"[""WP-0027-R2""]",Inspection & Measurement Products,"Defect; Particle; Bump; Contamination Detection, Review or Inspection",SEMICON Europa | SEMICON India | SEMICON West,203.05;203.13;203.18;203.09;602.06;203.26
d:kleenclad.com,Kleenclad International,kleenclad international,"[""kleenclad international"", ""kleenclad international private""]","[""Kleenclad International Private Limited""]",Kleenclad International Pvt. Ltd.,https://www.kleenclad.com,kleenclad.com,,,Bengaluru,IN,APAC,[],,unknown,private,,,501,501.01,materials,"[""antimicrobial wall cladding"", ""cleanroom wall and ceiling panels"", ""hygienic cladding"", ""BioMaster silver-ion PVC panels""]","[""cleanrooms"", ""pharmaceutical"", ""healthcare"", ""semiconductor fabs""]","Bengaluru maker of antimicrobial PVC wall and ceiling cladding and cleanroom wall/ceiling systems built to ISO 14644 and GMP standards for labs, pharma and cleanroom facilities.",partial,0.75,"[""https://www.kleenclad.com/about-us"", ""https://www.kleenclad.com/blog/the-ultimate-guide-to-clean-room-wall-and-ceiling-systems-for-labs-and-pharma/""]",No LinkedIn company page or founding year found; primary market is pharma/healthcare cleanrooms rather than semiconductor specifically.,2026-09-30T12:33:00Z,2026-09-30T12:33:00Z,"[""WP-0027-R2""]","HVAC, Temperature, Humidity, Contamination Control",Clean Rooms,SEMICON India,501.01;501.02;900.02
d:kocos.com,KoCoS,kocos,"[""kocos"", ""kocos messtechnik"", ""kocos technology""]","[""KOCOS"", ""KoCoS Messtechnik AG"", ""KoCoS Technology Group""]",KoCoS Messtechnik AG,https://www.kocos.com,kocos.com,,,Korbach,DE,EMEA,"[{""city"": ""Weimar"", ""country"": ""DE"", ""type"": ""manufacturing""}, {""city"": ""Vadodara"", ""country"": ""IN"", ""type"": ""sales""}, {""city"": ""Cape Town"", ""country"": ""ZA"", ""type"": ""manufacturing""}]",,unknown,private,,,203,203.05,oem,"[""laser-optical inspection"", ""optical measuring systems"", ""quality monitoring"", ""power quality measurement"", ""test systems""]","[""semiconductor"", ""automotive"", ""food"", ""electricity supply networks""]","German KoCoS Technology Group develops measuring and test systems for electricity supply networks (Korbach) and laser-optical inspection systems for semiconductor, automotive and food quality monitoring (Weimar); Indian subsidiary in Vadodara.",complete,0.76,"[""https://www.kocos.com/company/about-us"", ""https://www.kocos.com/home"", ""https://www.einnews.com/pr_news/921574888/test-and-measurement-technology-for-the-energy-transition-kocos-establishes-subsidiary-in-india""]","Exhibitor name 'KOCOS' matched to KoCoS Technology Group; its semiconductor line is the Weimar-built optical metrology, so subcategory is a best fit rather than exact. No LinkedIn page confirmed; founding year not found.",2026-09-30T12:38:00Z,2026-09-30T12:38:00Z,"[""WP-0027-R2""]",Inspection & Measurement Products,"Defect; Particle; Bump; Contamination Detection, Review or Inspection",SEMICON India,203.05;203.11;401.10;500.04
d:kokusai-electric.com,KOKUSAI ELECTRIC,kokusai electric,"[""kokusai electric""]","[""KOKUSAI ELECTRIC""]",KOKUSAI ELECTRIC CORPORATION,https://www.kokusai-electric.com,kokusai-electric.com,,,Tokyo,JP,APAC,"[{""city"": ""Toyama"", ""country"": ""JP"", ""type"": ""manufacturing""}, {""city"": ""Hillsboro"", ""country"": ""US"", ""type"": ""sales""}]",2017,1001-5000,public,,TSE:6525,207,207.06,oem,"[""batch ALD"", ""batch CVD"", ""vertical furnace"", ""single wafer treatment"", ""thermal processing""]","[""memory"", ""logic"", ""3D NAND"", ""power""]","Japanese semiconductor process equipment maker (Chiyoda-ku, Tokyo) and batch-ALD leader, supplying batch CVD/ALD vertical furnaces and single-wafer treatment systems; ~2,600 employees, listed on TSE.",complete,0.88,"[""https://en.wikipedia.org/wiki/Kokusai_Electric"", ""https://stockanalysis.com/quote/tyo/6525/company/"", ""https://www.kokusai-electric.com/en/products""]",Founding year ambiguous: current entity dates to 2017-2018 (spun out of Hitachi Kokusai Electric); predecessor business dates to 1949. Other-office cities are plausible group sites but were not individually verified in this pass. LinkedIn page not confirmed.,2026-09-30T12:38:00Z,2026-09-30T12:38:00Z,"[""WP-0027-R2""]",Process Equipment,Deposition; Chemical Vapor (CVD); MOCVD; PECVD; LPCVD; ALD; REALD; MVD,SEMICON India,207.06;207.17;207.03;207.09
d:kotra.or.kr,KOTRA,kotra,"[""kotra"", ""korea trade investment promotion agency""]","[""Korea Trade-Investment Promotion Agency (KOTRA)""]",Korea Trade-Investment Promotion Agency,https://www.kotra.or.kr,kotra.or.kr,,,Seoul,KR,APAC,"[{""city"": ""New Delhi"", ""country"": ""IN"", ""type"": ""trade office""}, {""city"": ""Santa Clara"", ""country"": ""US"", ""type"": ""trade office""}, {""city"": ""Atlanta"", ""country"": ""US"", ""type"": ""trade office""}]",1962,unknown,government,,,804,804.01,association,"[""trade promotion"", ""investment promotion"", ""Korean pavilion"", ""export support"", ""business matchmaking""]","[""semiconductor"", ""electronics"", ""cross-industry""]","South Korean state-funded trade and investment promotion agency (est. 1962, Seoul) running 120+ overseas trade centres and organising Korean national pavilions at trade shows such as SEMICON.",complete,0.9,"[""https://en.wikipedia.org/wiki/KOTRA"", ""http://english.kotra.or.kr/foreign/kotra/KHENKT160M.html"", ""https://georgia.org/press-releases/2022/korea-trade-investment-promotion-agency-kotra-opens-first-atlanta-office""]","Only regional LinkedIn pages exist (e.g. kotra-newdelhi, kotrasv); no single global company page identified.",2026-09-30T12:38:00Z,2026-09-30T12:38:00Z,"[""WP-0027-R2""]",Professional Services,Government Advocacy; Regulation; Economic Development Agencies,SEMICON India,804.01;804.15;804.14
d:kptpipes.com,KPT Piping Systems,kpt piping systems,"[""kpt piping systems"", ""kpt piping system private"", ""kpt pipes""]","[""KPT Piping System Private Limited"", ""KPT Pipes""]",KPT Piping System Private Limited,https://www.kptpipes.com,kptpipes.com,https://www.linkedin.com/company/kpt-pp-r-piping-systems,kpt-pp-r-piping-systems,Dehradun,IN,APAC,[],2007,51-200,private,,,400,400.19,component_supplier,"[""PPR pipes"", ""PP-RC piping systems"", ""fusion-welded pipe"", ""composite aluminium-layer pipe"", ""ultra-pure water piping""]","[""semiconductor fabs"", ""process utilities"", ""industrial"", ""building services""]","Indian manufacturer of food-grade PPR/PP-RC pipes and fittings up to 400 mm from a Selaqui, Dehradun plant, marketed for ultra-pure water, process utility and cooling lines including semiconductor fabs.",complete,0.83,"[""https://in.linkedin.com/company/kpt-pp-r-piping-systems"", ""https://www.tofler.in/kpt-piping-system-private-limited/company/U45400DL2007PTC168416"", ""https://aceupdate.com/kpt-piping-systems-leading-indias-ppr-revolution/""]",184 India-based employees reported. Website kptpipes.com reported by secondary sources; not fetched directly.,2026-09-30T12:38:00Z,2026-09-30T12:38:00Z,"[""WP-0027-R2""]","Components, Parts & Accessories",Pipe; Tubing; Hose; Flanges; Connectors; Couplings; Plumbing Fittings,SEMICON India,400.19;500.01;400.21
d:krisemidesigntech.com,KriSemi Design Technologies,krisemi design technologies,"[""krisemi design technologies"", ""krisemi design technologies pvt"", ""krisemi design tech""]","[""Krisemi Design Technologies Pvt Ltd"", ""KriSemi Design Tech""]",Krisemi Design Technologies Private Limited,https://www.krisemidesigntech.com,krisemidesigntech.com,https://www.linkedin.com/company/krisemi,krisemi,Bengaluru,IN,APAC,"[{""city"": ""Hyderabad"", ""country"": ""IN"", ""type"": ""engineering""}, {""city"": null, ""country"": ""MY"", ""type"": ""engineering""}]",2018,51-200,private,,,903,903.09,service,"[""ASIC design"", ""physical design"", ""analog mixed-signal"", ""RTL verification"", ""DFT"", ""embedded software""]","[""logic"", ""high performance computing"", ""wireless communication""]","Indian semiconductor design services house offering analog layout, physical design, physical verification, RTL/DFT verification and embedded software to chip and EDA companies.",complete,0.85,"[""https://www.krisemidesigntech.com"", ""https://www.linkedin.com/company/krisemi"", ""https://www.tofler.in/krisemi-design-technologies-private-limited/company/U72900TG2018PTC122132""]",Registered office Hyderabad (Telangana); website lists Bengaluru as main location.,2026-09-30T12:27:00Z,2026-09-30T12:27:00Z,"[""WP-0028-R2""]",Electronic Components,Design: Design House,SEMICON India,903.09;601.02;701.04;701.16
d:krishnainst.in,Krishna International Instruments,krishna international instruments,"[""krishna international instruments"", ""krishna international instruments and engg""]","[""KRISHNA INTERNATIONAL INSTRUMENTS"", ""Krishna International Instruments & Engg.""]",,https://www.krishnainst.in,krishnainst.in,,,New Delhi,IN,APAC,[],2000,11-50,private,,,400,400.10,distributor,"[""pressure gauges"", ""pressure transmitters"", ""level instruments"", ""PID controllers"", ""RTD sensors"", ""thermocouples""]","[""industrial"", ""chemical"", ""pharmaceutical"", ""energy""]","New Delhi based wholesaler and distributor of industrial instrumentation and process automation products, including pressure gauges, transmitters, level instruments and temperature sensors.",complete,0.75,"[""https://www.krishnainst.in/profile.html"", ""https://www.tradeindia.com/krishna-international-instruments-29841691/""]","No company LinkedIn page found, only a personal profile. Distributor rather than semiconductor specialist.",2026-09-30T12:27:00Z,2026-09-30T12:27:00Z,"[""WP-0028-R2""]","Components, Parts & Accessories",Flow Control Components - Valves; Meters; Gauges; Regulators; MFC's,SEMICON India,400.10;400.23;203.11;804.14
d:kuehne-nagel.com,Kuehne+Nagel,kuehne nagel,"[""kuehne nagel"", ""kuehne nagel india"", ""kuehne nagel pvt""]","[""Kuehne + Nagel India"", ""Kuehne + Nagel Pvt Ltd""]",Kuehne + Nagel International AG,https://www.kuehne-nagel.com,kuehne-nagel.com,,,Schindellegi,CH,EMEA,"[{""city"": ""Gurgaon"", ""country"": ""IN"", ""type"": ""regional_hq""}, {""city"": ""Mumbai"", ""country"": ""IN"", ""type"": ""logistics""}]",1890,10001+,public,,KNIN,801,801.03,service,"[""freight forwarding"", ""air logistics"", ""sea logistics"", ""contract logistics"", ""container freight station"", ""semiconductor logistics""]","[""semiconductor"", ""high tech"", ""industrial""]","Swiss global freight forwarding and contract logistics group with a dedicated semiconductor supply chain practice; its Indian arm runs 38+ locations and 350,000+ sqm of warehousing from a Gurgaon head office.",complete,0.8,"[""https://www.kuehne-nagel.com/in/industry-solutions/high-tech/semicon"", ""https://newsroom.kuehne-nagel.com/global-logistics-provider-kuehnenagel-announces-move-of-its-india-head-office/"", ""https://newsroom.kuehne-nagel.com/kuehnenagel-opens-new-container-freight-station-to-meet-indias-growing-trade-needs/""]",Exhibitor is the Indian subsidiary; folded into the Kuehne+Nagel International AG group record. LinkedIn company URL not confirmed in results.,2026-09-30T12:28:00Z,2026-09-30T12:28:00Z,"[""WP-0028-R2""]",Distribution and Logistics,"Distribution, Warehousing, 3rd Party Logistics Providers (3PL)",SEMICON India,801.03;801.02;801.04;801.01
d:kns.com,Kulicke & Soffa,kulicke and soffa,"[""kulicke and soffa"", ""k and s"", ""kulicke and soffa industries""]","[""Kulicke & Soffa Pte Ltd"", ""K&S"", ""Kulicke and Soffa Industries, Inc.""]","Kulicke and Soffa Industries, Inc.",https://www.kns.com,kns.com,https://www.linkedin.com/company/kulickesoffa,kulickesoffa,Singapore,SG,APAC,"[{""city"": ""Fort Washington"", ""country"": ""US"", ""type"": ""operations""}]",1951,1001-5000,public,,KLIC,200,200.28,oem,"[""ball bonding"", ""wedge bonding"", ""wire bonders"", ""die attach"", ""thermocompression bonding"", ""advanced packaging"", ""dispensing"", ""capillaries""]","[""automotive"", ""consumer"", ""communications"", ""computing"", ""industrial""]","Singapore headquartered supplier of semiconductor packaging and electronic assembly equipment, including ball and wedge wire bonders, die attach, thermocompression and advanced packaging systems plus expendable tools.",complete,0.9,"[""https://www.kns.com/"", ""https://www.linkedin.com/company/kulickesoffa"", ""https://www.semi.org/en/resources/member-directory/kulicke-soffa-pte-ltd"", ""https://www.sgpbusiness.com/company/Kulicke-Soffa-Pte-Ltd""]","Kulicke & Soffa Pte. Ltd. (UEN 199902120H) is the Singapore operating entity of NASDAQ-listed Kulicke and Soffa Industries, Inc.",2026-09-30T12:28:00Z,2026-09-30T12:28:00Z,"[""WP-0028-R2""]",Packaging and Assembly Equipment,Wire Bonding Equipment,SEMICON India,200.28;200.09;200.26;200.12;200.11;300.02
d:kurintech.com,Kurin Tech,kurin tech,"[""kurin tech"", ""kurin tech private""]","[""Kurin Tech Private Limited""]",Kurin Tech Private Limited,https://www.kurintech.com,kurintech.com,,,Bengaluru,IN,APAC,[],2024,1-10,private,,,804,804.14,distributor,"[""distribution"", ""pressure regulators"", ""supply chain"", ""semiconductor materials""]","[""semiconductor"", ""life sciences"", ""green energy""]","Bengaluru based distribution company bringing products and solutions for semiconductor, life sciences and green energy customers in India; authorised reseller for Pressure Tech.",complete,0.8,"[""https://www.kurintech.com/web/Contact"", ""https://www.zaubacorp.com/KURIN-TECH-PRIVATE-LIMITED-U46900KA2024PTC185094"", ""https://www.pressure-tech.com/?page=news&id=235&y=2015""]",Incorporated 20 Feb 2024 (CIN U46900KA2024PTC185094). No LinkedIn company page found.,2026-09-30T12:27:00Z,2026-09-30T12:27:00Z,"[""WP-0028-R2""]",Professional Services,Sales; Manufacturers Representation or Distributors,SEMICON India,804.14;400.10;301.06
d:kyoritsuelectric.com,Kyoritsu Electric India,kyoritsu electric india,"[""kyoritsu electric india"", ""kyoritsu electric india pvt"", ""kyoritsu electric india private""]","[""Kyoritsu Electric India Pvt. Ltd."", ""Kyoritsu Electric India Private Limited""]",Kyoritsu Electric India Pvt. Ltd.,https://kyoritsuelectric.com,kyoritsuelectric.com,https://www.linkedin.com/company/kyoritsu-electric-india-pvt-ltd-,kyoritsu-electric-india-pvt-ltd-,Pune,IN,APAC,"[{""city"": ""New Delhi"", ""country"": ""IN"", ""type"": ""sales""}, {""city"": ""Mumbai"", ""country"": ""IN"", ""type"": ""sales""}, {""city"": ""Bengaluru"", ""country"": ""IN"", ""type"": ""sales""}, {""city"": ""Chennai"", ""country"": ""IN"", ""type"": ""sales""}, {""city"": ""Hyderabad"", ""country"": ""IN"", ""type"": ""sales""}, {""city"": ""Ahmedabad"", ""country"": ""IN"", ""type"": ""sales""}]",2008,11-50,subsidiary,Kyoritsu Electric Corporation,,208,208.17,oem,"[""in-circuit testers"", ""function testers"", ""ICT test jigs"", ""SMT turnkey"", ""PCBA test"", ""smart factory automation"", ""ASRS""]","[""EMS"", ""automotive"", ""consumer electronics"", ""medical devices""]","Pune based Indian subsidiary of Japan's Kyoritsu Electric Corporation, supplying PCBA in-circuit and function testers, ICT/FCT test jigs, SMT turnkey lines and factory automation to electronics manufacturing services customers.",complete,0.8,"[""https://kyoritsuelectric.com/about-us/"", ""https://www.linkedin.com/company/kyoritsu-electric-india-pvt-ltd-"", ""https://www.semi.org/en/resources/member-directory/kyoritsu-electric-india-pvt-ltd""]","100% subsidiary of Kyoritsu Electric Corporation (TSE 6874) and Kyoritsu Test System, Japan; parent group's own corporate domain not confirmed, so the India entity's site is used.",2026-09-30T12:28:00Z,2026-09-30T12:28:00Z,"[""WP-0028-R2""]",Test Equipment,Printed Circuit Board; Wire Board (PCB or PWB) Test and Repair,SEMICON India,208.17;208.09;309.03;502.02;202.09
d:ltsct.com,L&T Semiconductor Technologies,l and t semiconductor technologies,"[""l and t semiconductor technologies"", ""ltsct""]","[""L&T Semiconductor technologies"", ""LTSCT""]",L&T Semiconductor Technologies Limited,https://ltsct.com,ltsct.com,https://www.linkedin.com/company/lt-semiconductor-technologies,lt-semiconductor-technologies,Chennai,IN,APAC,"[{""city"": ""Bengaluru"", ""country"": ""IN"", ""type"": ""rnd""}, {""city"": ""Delhi"", ""country"": ""IN"", ""type"": ""rnd""}, {""city"": ""Austin"", ""country"": ""US"", ""type"": ""sales""}, {""city"": ""Munich"", ""country"": ""DE"", ""type"": ""sales""}, {""city"": ""London"", ""country"": ""GB"", ""type"": ""sales""}, {""city"": ""Tokyo"", ""country"": ""JP"", ""type"": ""sales""}]",2023,1001-5000,subsidiary,Larsen & Toubro Limited,,903,903.10,component_supplier,"[""MEMS sensors"", ""power ICs"", ""analog mixed signal"", ""RF"", ""silicon carbide"", ""gallium nitride""]","[""automotive"", ""industrial"", ""energy"", ""telecommunication""]","Fully owned fabless semiconductor subsidiary of Larsen & Toubro, designing MEMS sensors, power, analog mixed-signal and RF devices including SiC and GaN products for automotive, industrial, energy and telecom customers.",complete,0.85,"[""https://ltsct.com/"", ""https://www.linkedin.com/company/lt-semiconductor-technologies"", ""https://annualreview.larsentoubro.com/lt-sct.html"", ""https://www.larsentoubro.com/pressreleases/2026/2026-09-18-lt-semiconductor-and-tata-electronics-partner-to-expand-indigenous-manufacturing-of-market-leading-chip-products-for-global-customers""]",Founded year 2023 per company incorporation; headcount estimated from public reporting. Announced Sept 2026 manufacturing partnership with Tata Electronics.,2026-09-30T12:28:00Z,2026-09-30T12:28:00Z,"[""WP-0028-R2""]",Electronic Components,Design: Fabless,SEMICON India,903.10;903.06;903.04;903.07;904.04
d:labindiainstruments.com,Labindia Instruments,labindia instruments,"[""labindia instruments"", ""labindia instruments pvt""]","[""Labindia Instruments Pvt. Ltd.""]",Labindia Instruments Pvt. Ltd.,https://www.labindiainstruments.com,labindiainstruments.com,,,Thane,IN,APAC,[],1982,51-200,private,,,203,203.16,distributor,"[""atomic force microscopes"", ""scanning electron microscopes"", ""FTIR"", ""NMR"", ""Raman"", ""chromatography"", ""lab infrastructure""]","[""academia"", ""pharmaceutical"", ""biotechnology"", ""industrial""]","Thane based distributor and OEM of over 400 scientific instruments including AFM, SEM, spectroscopy and chromatography systems, plus laboratory design and construction services.",complete,0.8,"[""https://www.labindiainstruments.com/about-us""]",Distinct from Labindia Analytical Instruments Pvt. Ltd. (Navi Mumbai); no separate LinkedIn company page confirmed for this entity.,2026-09-30T12:27:00Z,2026-09-30T12:27:00Z,"[""WP-0028-R2""]",Inspection & Measurement Products,Microscopes: Optical Microscopes,SEMICON India,203.16;203.14;203.17;203.23;203.11
d:labort.in,Labort Fine Chem,labort fine chem,"[""labort fine chem"", ""labort fine chem pvt"", ""labort""]","[""Labort Fine Chem Pvt Ltd"", ""LABORT""]",Labort Fine-Chem Private Limited,https://www.labort.in,labort.in,https://www.linkedin.com/company/labort-fine-chem,labort-fine-chem,Surat,IN,APAC,[],,unknown,private,,,301,301.06,materials,"[""laboratory chemicals"", ""reagents"", ""solvents"", ""stains"", ""indicators"", ""acids""]","[""laboratory"", ""pharmaceutical"", ""education"", ""industrial""]","Surat based manufacturer and exporter of LABORT brand laboratory chemicals, reagents, solvents, stains and indicators, with NABL and ISO certified in-house quality control.",complete,0.8,"[""https://www.labort.in/about-us/"", ""https://www.linkedin.com/company/labort-fine-chem"", ""https://www.indiamart.com/labort-finechem/aboutus.html""]",Founded year not stated; company reports over three decades of experience.,2026-09-30T12:27:00Z,2026-09-30T12:27:00Z,"[""WP-0028-R2""]",Chemicals & Solids,Other Specialty Chemicals,SEMICON India,301.06;301.01;301.03;900.06
d:lamresearch.com,Lam Research,lam research,"[""lam research"", ""lam research india pvt""]","[""Lam Research India Pvt Ltd"", ""Lam Research Corporation""]",Lam Research Corporation,https://www.lamresearch.com,lamresearch.com,https://www.linkedin.com/company/lam-research,lam-research,Fremont,US,Americas,"[{""city"": ""Bengaluru"", ""country"": ""IN"", ""type"": ""rnd""}]",1980,10001+,public,,LRCX,207,207.10,oem,"[""plasma etch"", ""deposition"", ""ALD"", ""PECVD"", ""electroplating"", ""wet clean"", ""wafer fabrication equipment""]","[""logic"", ""DRAM"", ""NAND"", ""foundry""]","US wafer fabrication equipment maker supplying plasma etch, deposition, plating and clean systems for logic, DRAM and NAND production; its India Center for Engineering in Bengaluru supports global R&D and test.",complete,0.9,"[""https://newsroom.lamresearch.com/2022-09-15-Lam-Research-Opens-New-State-of-the-Art-Center-for-Engineering-in-Bengaluru,-India"", ""https://www.linkedin.com/company/lam-research"", ""https://www.semi.org/en/resources/member-directory/lam-research-corporation"", ""https://en.wikipedia.org/wiki/Lam_Research""]","Exhibitor is the Indian subsidiary; folded into the Lam Research Corporation group record. Lam has operated in India 25+ years and announced a ~Rs 10,000 crore India investment in Sept 2026.",2026-09-30T12:28:00Z,2026-09-30T12:28:00Z,"[""WP-0028-R2""]",Process Equipment,Etching; Stripping; Ashing - Dry and Wet Equipment,SEMICON India,207.10;207.06;207.07;207.14;207.03
d:lancesoft.com,LanceSoft,lancesoft,"[""lancesoft""]","[""LanceSoft, Inc.""]","LanceSoft, Inc.",https://www.lancesoft.com,lancesoft.com,https://www.linkedin.com/company/lancesoft,lancesoft,Herndon,US,Americas,"[{""city"": ""Bangalore"", ""country"": ""IN"", ""type"": ""delivery_center""}, {""city"": ""Hyderabad"", ""country"": ""IN"", ""type"": ""delivery_center""}, {""city"": ""Noida"", ""country"": ""IN"", ""type"": ""delivery_center""}, {""city"": ""Indore"", ""country"": ""IN"", ""type"": ""delivery_center""}, {""city"": ""Vadodara"", ""country"": ""IN"", ""type"": ""delivery_center""}]",2000,unknown,private,,,804,804.09,service,"[""staffing"", ""workforce solutions"", ""VLSI engineering services"", ""embedded software"", ""RPO""]","[""logic"", ""healthcare"", ""telecom""]","US staffing and IT services firm (founded 2000, MBE/woman-owned) providing global workforce solutions including semiconductor/VLSI design and embedded software engineering teams.",complete,0.85,"[""https://www.lancesoft.com/industries/semiconductor.php"", ""https://in.linkedin.com/company/lancesoft""]",Employee count not confirmed from a primary source.,2026-09-30T12:27:00Z,2026-09-30T12:27:00Z,"[""WP-0029-R2""]",Professional Services,Personnel Services; Employee Assistance; Recruiters; HR,SEMICON India,804.09;804.03;701.17;701.04
d:lasertec.co.jp,Lasertec,lasertec,"[""lasertec"", ""lasertec u s a""]","[""Lasertec U.S.A., Inc."", ""Lasertec Corporation""]",Lasertec Corporation,https://www.lasertec.co.jp/en/,lasertec.co.jp,,,Yokohama,JP,APAC,"[{""city"": ""San Jose"", ""country"": ""US"", ""type"": ""subsidiary""}]",,unknown,public,,TYO:6920,203,203.21,oem,"[""photomask inspection"", ""EUV mask blank inspection"", ""mask metrology"", ""confocal microscopy"", ""FPD inspection""]","[""logic"", ""memory"", ""FPD""]",Japanese maker of photomask and EUV mask blank inspection and measurement systems for semiconductor and flat-panel display manufacturing; global leader in EUV mask blank inspection.,complete,0.85,"[""https://en.wikipedia.org/wiki/Lasertec_Corporation"", ""https://www.lasertec.co.jp/en/company/business.html""]","Exhibitor is the 1986-founded US subsidiary Lasertec U.S.A., Inc. (San Jose); folded into the Japanese parent record.",2026-09-30T12:27:00Z,2026-09-30T12:27:00Z,"[""WP-0029-R2""]",Inspection & Measurement Products,Plate Inspection Equipment,SEMICON India,203.21;203.05;203.15;203.09
d:leadicdesign.com,leadIC Design,leadic design,"[""leadic design"", ""leadic design pvt""]","[""LeadIC Design"", ""leadIC Design Pvt Ltd""]",Leadic Design Private Limited,https://leadicdesign.com,leadicdesign.com,https://www.linkedin.com/company/leadicdesign,leadicdesign,Bengaluru,IN,APAC,"[{""city"": null, ""country"": ""CA"", ""type"": ""office""}]",2018,51-200,private,,,903,903.09,service,"[""IC layout design"", ""analog mixed-signal design"", ""physical design and verification"", ""FPGA design"", ""characterization""]","[""logic"", ""analog"", ""mixed-signal""]","Bengaluru-based VLSI design services house (founded 2018) offering IC layout, analog/mixed-signal and digital design, physical design and verification, characterization and FPGA services.",complete,0.8,"[""https://leadicdesign.com/contect-us/"", ""https://in.linkedin.com/company/leadicdesign"", ""https://www.zaubacorp.com/LEADIC-DESIGN-PRIVATE-LIMITED-U74999KA2018PTC111670""]",,2026-09-30T12:27:00Z,2026-09-30T12:27:00Z,"[""WP-0029-R2""]",Electronic Components,Design: Design House,SEMICON India,903.09;701.04;903.02;601.02;903.12
d:leica-microsystems.com,Leica Microsystems,leica microsystems,"[""leica microsystems"", ""leica microsystems a division of dhr india pvt""]","[""Leica Microsystems-A Division of DHR Holding India Pvt Ltd"", ""Leica Microsystems GmbH""]",Leica Microsystems GmbH,https://www.leica-microsystems.com,leica-microsystems.com,https://www.linkedin.com/company/leica-microsystems,leica-microsystems,Wetzlar,DE,EMEA,"[{""city"": ""Bengaluru"", ""country"": ""IN"", ""type"": ""sales""}]",1997,unknown,subsidiary,Danaher Corporation,,203,203.16,oem,"[""optical microscopes"", ""confocal laser scanning microscopy"", ""digital microscopy"", ""wafer defect inspection"", ""electron-beam lithography""]","[""logic"", ""MEMS"", ""life science"", ""medical""]","German microscope and imaging systems maker (a Danaher company since 2005) supplying compound, stereo, digital and confocal microscopy plus semiconductor wafer defect inspection and e-beam lithography systems.",complete,0.85,"[""https://en.wikipedia.org/wiki/Leica_Microsystems"", ""https://www.leica-microsystems.com/company/about-us/"", ""https://www.danaher.com/our-businesses/life-sciences/leica-microsystems""]",Exhibitor was the Indian division (DHR Holding India Pvt Ltd); folded into the Leica Microsystems group record.,2026-09-30T12:27:00Z,2026-09-30T12:27:00Z,"[""WP-0029-R2""]",Inspection & Measurement Products,Microscopes: Optical Microscopes,SEMICON India,203.16;203.15;203.17;203.05;207.13
d:lightspeedphotonics.com,LightSpeed Photonics,lightspeed photonics,"[""lightspeed photonics""]","[""LightSpeed Photonics""]",LightSpeed Photonics Pte Ltd,https://lightspeedphotonics.com,lightspeedphotonics.com,https://www.linkedin.com/company/lightspeed-photonics,lightspeed-photonics,Singapore,SG,APAC,[],2021,11-50,private,,,903,903.10,component_supplier,"[""optical interconnect"", ""LightSiP"", ""near-packaged optics"", ""system-in-package"", ""solderable optical components""]","[""data center"", ""AI"", ""HPC""]",Singapore fabless deep-tech startup (founded 2021) building solderable near-packaged optical interconnects and a modular compute-plus-interconnect system-in-package (LightSiP) for AI and HPC data centers.,complete,0.8,"[""https://sg.linkedin.com/company/lightspeed-photonics"", ""https://www.crunchbase.com/organization/lightspeed-photonics"", ""https://www.ofcconference.org/news-media/exhibitor-news/lightspeed-photonics-launches-industry-s-first-solderable-near-packaged-optical-interconnect-techn/""]",Raised about USD 6.5M seed / pre-Series A (Nov 2025) from YourNest and pi Ventures.,2026-09-30T12:29:00Z,2026-09-30T12:29:00Z,"[""WP-0029-R2""]",Electronic Components,Design: Fabless,SEMICON India,903.10;903.04;401.10;400.04;901.04
d:lindeindia.in,Linde India,linde india,"[""linde india"", ""boc india""]","[""Linde India"", ""Linde India Limited"", ""BOC India Limited""]",Linde India Limited,https://www.lindeindia.in,lindeindia.in,https://www.linkedin.com/company/linde-india-ltd,linde-india-ltd,Kolkata,IN,APAC,"[{""city"": ""Jamshedpur"", ""country"": ""IN"", ""type"": ""plant""}, {""city"": ""Visakhapatnam"", ""country"": ""IN"", ""type"": ""plant""}, {""city"": ""Pune"", ""country"": ""IN"", ""type"": ""plant""}, {""city"": ""Navi Mumbai"", ""country"": ""IN"", ""type"": ""office""}]",1935,unknown,public,Linde plc,NSE:LINDEINDIA,303,303.08,materials,"[""industrial gases"", ""specialty gases"", ""nitrogen"", ""argon"", ""air separation units""]","[""electronics"", ""metals"", ""chemicals"", ""healthcare""]","Indian industrial, specialty and medical gases company (formerly BOC India, present in India since 1935), majority-owned by Linde plc; also builds turnkey cryogenic air separation plants. Listed on NSE and BSE.",complete,0.85,"[""https://www.lindeindia.in/about-us/about-linde-india-limited"", ""https://www.screener.in/company/LINDEINDIA/"", ""https://in.linkedin.com/company/linde-india-ltd""]",Separately listed Indian entity of the Linde group; BOC Group UK holds about 75%.,2026-09-30T12:29:00Z,2026-09-30T12:29:00Z,"[""WP-0029-R2""]",Gases,Pure & Bulk Gases,SEMICON India,303.08;303.07;303.09;500.08;500.09
d:lindstromgroup.com,Lindstrom,lindstrom,"[""lindstrom"", ""lindstrom india""]","[""Lindstrom India"", ""Lindstrom Group"", ""Lindstrom Oy""]",Lindstrom Oy,https://lindstromgroup.com,lindstromgroup.com,https://www.linkedin.com/company/lindstrom,lindstrom,Helsinki,FI,EMEA,"[{""city"": ""Faridabad"", ""country"": ""IN"", ""type"": ""plant""}, {""city"": ""Suzhou"", ""country"": ""CN"", ""type"": ""plant""}]",1848,1001-5000,private,,,700,700.10,service,"[""workwear rental"", ""cleanroom garments"", ""industrial laundry"", ""textile rental"", ""uniform services""]","[""electronics"", ""food"", ""pharmaceutical"", ""industrial""]","Finnish textile and workwear rental service group (founded 1848, about 4,900 staff in 24 countries) providing industrial and cleanroom garment rental and laundry; its Indian subsidiary was established in 2007.",complete,0.8,"[""https://lindstromgroup.com/in/about-lindstrom-india/"", ""https://en.wikipedia.org/wiki/Lindstr%C3%B6m_(company)"", ""https://lindstromgroup.com/in/locations-in-india/""]",Exhibitor was Lindstrom India (est. 2007); folded into the Lindstrom Group record.,2026-09-30T12:29:00Z,2026-09-30T12:29:00Z,"[""WP-0029-R2""]",Manufacturing Services,Laundry service; Cleanroom Garments and other,SEMICON India,700.10;900.05;900.02;701.05
d:lintec-global.com,LINTEC Advanced Technologies,lintec advanced technologies,"[""lintec advanced technologies"", ""lintec""]","[""LINTEC ADVANCED TECHNOLOGIES (SINGAPORE ) PTE LTD"", ""LINTEC Advanced Technologies (Europe) GmbH"", ""LINTEC Corporation"", ""LINTEC Co., Ltd.""]",LINTEC Corporation,https://www.lintec-global.com,lintec-global.com,,,Tokyo,JP,APAC,"[{""city"": ""Singapore"", ""country"": ""SG"", ""type"": ""sales""}, {""city"": ""Munich"", ""country"": ""DE"", ""type"": ""sales""}, {""city"": null, ""country"": ""US"", ""type"": ""sales""}]",1934,unknown,public,LINTEC Corporation,TYO:7966,300,300.02,materials,"[""wafer mounters"", ""tape laminators"", ""peelers"", ""UV irradiation systems"", ""dicing tape equipment"", ""Adwill dicing tape"", ""back grinding tape"", ""dicing die bonding tape"", ""backside coating tape"", ""pressure-sensitive adhesives""]","[""logic"", ""memory"", ""packaging"", ""FPD""]","Japanese pressure-sensitive adhesive maker (founded 1934) whose Adwill line supplies UV-curable dicing, back-grinding, die-bonding and backside-coating tapes for semiconductor manufacturing, plus matching process equipment.",complete,0.85,"[""https://www.sgpbusiness.com/company/Lintec-Advanced-Technologies-Singapore-Pte-Ltd"", ""https://www.lintec-global.com/about/country/pacific.html"", ""https://www.linteceurope.com/products.html"", ""https://www.lintec-global.com/ir/library/pdf/20201109_company_presentation_en.pdf"", ""https://www.lintec-global.com/topics/newsrelease/2022/220801_a.html"", ""https://lintec-usa.com/""]","Printed exhibitor name 'LINTEC Co., Ltd.' corresponds to LINTEC Corporation. Ticker not verified from a primary source.",2026-09-30T12:29:00Z,2026-09-30T12:29:00Z,"[""WP-0029-R2""]",Packaging and Assembly Materials,Bonding; Interconnect Materials - Wire; Ribbon; Tape; Capillaries & Tools,SEMICON Europa | SEMICON Europa | SEMICON India | SEMICON India | SEMICON West,200.27;300.02;202.03;200.01;200.08;301.10;300.01
d:bossard.com,LPS Bossard,lps bossard,"[""lps bossard"", ""lps bossard pvt"", ""l p s bossard pvt""]","[""LPS Bossard Pvt. Ltd."", ""L.P.S. Bossard Pvt. Ltd.""]",LPS Bossard Private Limited,https://www.bossard.com/in-en/,bossard.com,,,Rohtak,IN,APAC,[],1998,unknown,subsidiary,Bossard Group,,400,400.07,distributor,"[""industrial fasteners"", ""stainless steel fasteners"", ""Nord-Lock washers"", ""C-parts management"", ""automatic inventory management""]","[""electronics"", ""automotive"", ""aerospace"", ""industrial""]","Indian fastener and C-parts company in Rohtak (est. 1998), the Bossard Group's India operation, supplying screws, nuts, bolts, locking washers, application engineering and smart inventory-management logistics.",complete,0.75,"[""https://www.bossard.com/in-en/about-us/contact/"", ""https://www.dnb.com/business-directory/company-profiles.lps_bossard_private_limited.facee1d7ebdc8254183fe2f74f08c440.html"", ""https://www.indiamart.com/lps-bossardltd/aboutus.html""]",Joint venture of LPS (India) with Switzerland's Bossard Group; carried on bossard.com so it folds into the Bossard group record.,2026-09-30T12:29:00Z,2026-09-30T12:29:00Z,"[""WP-0029-R2""]","Components, Parts & Accessories",Fasteners; General Hardware,SEMICON India,400.07;400.05;801.03;804.13
d:luckydeep.com,Lucky Deep Cleanroom,lucky deep cleanroom,"[""lucky deep cleanroom"", ""lucky deep cleanroom pvt"", ""lucky deep cleanroom private"", ""lucky deep air conditioning""]","[""Lucky Deep Cleanroom Pvt. Ltd."", ""Lucky Deep Cleanroom Private Limited"", ""Lucky Deep Air Conditioning""]",Lucky Deep Cleanroom Private Limited,https://www.luckydeep.com,luckydeep.com,https://in.linkedin.com/company/cleanroompanel,cleanroompanel,Nashik,IN,APAC,[],2021,51-200,private,,,501,501.01,oem,"[""modular cleanroom panels"", ""cleanroom doors"", ""HVAC turnkey"", ""contamination control""]","[""pharmaceutical"", ""biotechnology"", ""electronics"", ""food""]","Nashik-based manufacturer of modular cleanroom panels and doors, delivering turnkey HVAC cleanroom projects for pharma, biotech, electronics and food industries.",complete,0.85,"[""https://www.luckydeep.com"", ""https://in.linkedin.com/company/cleanroompanel"", ""https://www.zaubacorp.com/LUCKY-DEEP-CLEANROOM-PRIVATE-LIMITED-U29309MH2021PTC368719""]",founded_year 2021 is the Pvt Ltd incorporation year (CIN U29309MH2021PTC368719); predecessor firm Lucky Deep Air Conditioning dates to ~2007.,2026-09-30T12:27:00Z,2026-09-30T12:27:00Z,"[""WP-0030-R2""]","HVAC, Temperature, Humidity, Contamination Control",Clean Rooms,SEMICON India,501.01;501.02;501.03;701.05
d:macdermidalpha.com,MacDermid Alpha Electronics Solutions,macdermid alpha electronics solutions,"[""macdermid alpha electronics solutions"", ""macdermid alpha"", ""alpha assembly solutions""]","[""MacDermid Alpha Electronics Solutions"", ""MacDermid Alpha"", ""Alpha Assembly Solutions""]",,https://www.macdermidalpha.com,macdermidalpha.com,https://www.linkedin.com/company/macdermid-alpha-electronics-solutions,macdermid-alpha-electronics-solutions,Waterbury,US,Americas,[],,unknown,subsidiary,Element Solutions Inc,,300,300.13,materials,"[""solder materials"", ""solder paste"", ""electroplating chemistry"", ""die attach"", ""underfill"", ""PCB fabrication chemistry""]","[""semiconductor packaging"", ""PCB"", ""automotive"", ""power""]","Specialty chemicals and assembly materials business of Element Solutions Inc, supplying solder, plating chemistry, die attach and circuitry materials for semiconductor assembly and PCB fabrication.",complete,0.88,"[""https://www.macdermidalpha.com/about-us"", ""https://www.linkedin.com/company/macdermid-alpha-electronics-solutions"", ""https://en.wikipedia.org/wiki/Element_Solutions""]",Parent Element Solutions Inc trades as NYSE: ESI; ticker left null because this record is the subsidiary.,2026-09-30T12:27:00Z,2026-09-30T12:27:00Z,"[""WP-0030-R2""]",Packaging and Assembly Materials,Solder; Solder Balls and other Soldering Materials,SEMICON India,300.13;300.01;300.05;301.06;307.07
d:antivibrations.com,Machine House (India),machine house,"[""machine house"", ""machine house pvt"", ""machine house india pvt""]","[""Machine House (India) Pvt. Ltd."", ""MACHINE HOUSE (INDIA) PVT LTD"", ""Machine House India Pvt Ltd""]",Machine House (India) Private Limited,https://www.antivibrations.com,antivibrations.com,https://in.linkedin.com/company/machine-house-india-pvt-ltd,machine-house-india-pvt-ltd,Nashik,IN,APAC,[],1986,51-200,private,,,202,202.08,component_supplier,"[""anti-vibration mounts"", ""vibration isolation"", ""air spring systems"", ""Bilz""]","[""semiconductor"", ""metrology"", ""machine tools"", ""automotive""]","Nashik manufacturer of anti-vibration mounts, pads and air-spring isolation systems in technical collaboration with Bilz Vibration Technology of Germany; supplies vibration isolation for sensitive semiconductor equipment.",complete,0.85,"[""https://www.antivibrations.com/company-profile/"", ""https://in.linkedin.com/company/machine-house-india-pvt-ltd""]",,2026-09-30T12:27:00Z,2026-09-30T12:27:00Z,"[""WP-0030-R2""]",Other Equipment,Vibration Isolation Systems,SEMICON India,202.08;400.11;401.12
d:mascot-systems.com,Mascot Systems,mascot systems,"[""mascot systems"", ""mascot systems private"", ""mascot systems pvt""]","[""MASCOT SYSTEMS PRIVATE LIMITED"", ""Mascot Systems Private Limited"", ""Mascot Systems Pvt Ltd""]",Mascot Systems Private Limited,https://mascot-systems.com,mascot-systems.com,https://in.linkedin.com/company/mascot-systems-pvt-ltd,mascot-systems-pvt-ltd,Navi Mumbai,IN,APAC,[],2011,51-200,private,,,401,401.15,distributor,"[""pumping"", ""mechanical seals"", ""compression"", ""safety technologies"", ""engineered solutions""]","[""oil and gas"", ""petrochemical"", ""pharmaceutical"", ""power"", ""photovoltaic"", ""semiconductor""]","Navi Mumbai engineering-solutions company distributing specialty pumping, sealing, compression and safety products to process industries including photovoltaic and semiconductor manufacturers.",complete,0.82,"[""https://mascot-systems.com/about/"", ""https://in.linkedin.com/company/mascot-systems-pvt-ltd"", ""https://www.zaubacorp.com/company/MASCOT-SYSTEMS-PRIVATE-LIMITED/U29119MH2011PTC222475""]","employee_range inferred from revenue scale and company profile, not a confirmed LinkedIn bucket.",2026-09-30T12:31:00Z,2026-09-30T12:31:00Z,"[""WP-0030-R2""]",Sub-systems,"Pumps, for Fluids",SEMICON India,401.15;400.10;400.11;401.16;804.14
d:matterwave.in,MatterWave Technologies,matterwave technologies,"[""matterwave technologies"", ""matterwave technologies private""]","[""MatterWave Technologies Private Limited"", ""MATTERWAVE TECHNOLOGIES PRIVATE LIMITED""]",MatterWave Technologies Private Limited,https://www.matterwave.in,matterwave.in,,,Mumbai,IN,APAC,[],2024,1-10,private,,,903,903.10,component_supplier,"[""gallium nitride"", ""GaN"", ""RF devices"", ""compound semiconductor""]","[""communications"", ""RF"", ""power""]","Early-stage gallium nitride semiconductor developer incubated at SINE, IIT Bombay, working on GaN devices for communication applications.",complete,0.7,"[""https://www.matterwave.in/"", ""https://www.tofler.in/matterwave-technologies-private-limited/company/U72100MH2024PTC429967""]","Incorporated 2024-08-02 (CIN U72100MH2024PTC429967); registered at SINE, IIT Bombay. No LinkedIn company page found. Website matterwave.in matched by name but not cross-confirmed against the exhibitor listing.",2026-09-30T12:31:00Z,2026-09-30T12:31:00Z,"[""WP-0030-R2""]",Electronic Components,Design: Fabless,SEMICON India,903.10;903.04;904.04;701.13
n:maverick engineering,Maverick Engineering Company,maverick engineering,"[""maverick engineering""]","[""Maverick Engineering Company""]",,,,,,Chennai,IN,APAC,[],,unknown,private,,,307,307.01,materials,"[""lapping plates"", ""lapping powder"", ""diamond powder"", ""abrasives"", ""polishing""]","[""automotive"", ""seals and valves"", ""aerospace"", ""machinery""]","Chennai manufacturer of MM Series poli-lapping plates, lapping and diamond powders and abrasives, also offering machining, lapping and polishing services.",partial,0.45,"[""https://www.indiamart.com/sasiclarke-engineeri-chennai/aboutus.html""]","No corporate website or LinkedIn page found; only an IndiaMART trade listing whose URL slug does not match the company name. Identity match to the SEMICON India exhibitor is unconfirmed. Not to be confused with Maverick Semiconductor Pvt Ltd (Bengaluru, IC design).",2026-09-30T12:34:00Z,2026-09-30T12:34:00Z,"[""WP-0030-R2""]",Process Materials,CMP; Grind; Lap; Polish; Abrasive materials,SEMICON India,307.01;700.20;200.01
d:maxell.co.jp,Maxell,maxell,"[""maxell"", ""maxell asia"", ""sliontec""]","[""Maxell Asia, Ltd"", ""Maxell, Ltd."", ""Maxell Holdings, Ltd."", ""SLIONTEC""]","Maxell, Ltd.",https://www.maxell.co.jp,maxell.co.jp,,,Tokyo,JP,APAC,"[{""city"": ""Hong Kong"", ""country"": ""HK"", ""type"": ""sales""}, {""city"": ""Singapore"", ""country"": ""SG"", ""type"": ""sales""}]",1960,1001-5000,public,,TYO:6810,300,300.12,materials,"[""dicing tape"", ""back grinding tape"", ""SLIONTEC"", ""Electro-Fine-Forming"", ""lead frames"", ""FOWLP"", ""WLCSP""]","[""semiconductor packaging"", ""batteries"", ""optics"", ""automotive""]","Japanese materials and devices maker supplying SLIONTEC dicing and back-grinding tapes, Electro-Fine-Forming lead frames and FOWLP/WLCSP package foundry services alongside its battery and optics businesses.",complete,0.82,"[""https://www2.maxell.co.jp/corporate/exhibition.html"", ""https://expo.semi.org/india2025/Public/eBooth.aspx?BoothID=643956"", ""https://finance.yahoo.com/quote/6810.T/profile/""]","Exhibitor 'Maxell Asia, Ltd' is the Hong Kong regional entity (Cheung Sha Wan, Kowloon); folded into the Maxell, Ltd group record per the subsidiary rule. Maxell Asia (Singapore) Pte Ltd is a sibling entity.",2026-09-30T12:31:00Z,2026-09-30T12:31:00Z,"[""WP-0030-R2""]",Packaging and Assembly Materials,Scribe Tools; Saw or Dicing Blades and Accessories,SEMICON India,300.12;300.02;300.03;307.01;301.10
d:maximsmt.com,Maxim SMT Technologies,maxim smt technologies,"[""maxim smt technologies"", ""maxim smt technologies pvt"", ""maxim smt technologies private""]","[""MAXIM SMT TECHNOLOGIES PVT LTD"", ""Maxim SMT Technologies Pvt. Ltd."", ""MAXIM SMT TECHNOLOGIES PRIVATE LIMITED""]",Maxim SMT Technologies Private Limited,https://www.maximsmt.com,maximsmt.com,https://in.linkedin.com/company/maxim-smt-technologies-pvt-ltd,maxim-smt-technologies-pvt-ltd,Manesar,IN,APAC,"[{""city"": ""Noida"", ""country"": ""IN"", ""type"": ""sales""}, {""city"": ""Mumbai"", ""country"": ""IN"", ""type"": ""sales""}, {""city"": ""Pune"", ""country"": ""IN"", ""type"": ""sales""}, {""city"": ""Bengaluru"", ""country"": ""IN"", ""type"": ""sales""}, {""city"": ""Chennai"", ""country"": ""IN"", ""type"": ""sales""}, {""city"": ""Hyderabad"", ""country"": ""IN"", ""type"": ""sales""}]",2008,201-500,private,,,300,300.11,distributor,"[""SMT stencils"", ""solder paste printers"", ""pick and place"", ""reflow ovens"", ""laser marking"", ""AOI"", ""tooling and fixtures""]","[""PCB assembly"", ""EMS"", ""photovoltaic"", ""lithium-ion"", ""wiring harness""]","Manesar-based distributor of electronics manufacturing equipment and precision manufacturer of SMT stencils, tooling and fixtures, with four manufacturing units and nationwide sales and service sites in India.",complete,0.85,"[""https://www.maximsmt.com/about-us"", ""https://in.linkedin.com/company/maxim-smt-technologies-pvt-ltd"", ""https://www.zaubacorp.com/MAXIM-SMT-TECHNOLOGIES-PRIVATE-LIMITED-U32109HR2008PTC037828""]",223 employees as of Aug 2025 per company profile data.,2026-09-30T12:31:00Z,2026-09-30T12:31:00Z,"[""WP-0030-R2""]",Packaging and Assembly Materials,Printing Masks; Screens,SEMICON India,300.11;200.24;202.09;309.03;804.14
d:maxvytech.com,MAXVY Technologies,maxvy technologies,"[""maxvy technologies"", ""maxvy technologies pvt"", ""maxvy tech""]","[""MAXVY Technologies Pvt Ltd"", ""Maxvy Tech""]",MAXVY Technologies Private Limited,https://maxvytech.com,maxvytech.com,https://www.linkedin.com/company/maxvytech,maxvytech,Bengaluru,IN,APAC,[],2016,51-200,private,,,903,903.11,software,"[""design IP"", ""verification IP"", ""RISC-V"", ""MIPI I3C"", ""UCIe"", ""USB4"", ""JESD204B""]","[""logic"", ""communications"", ""automotive""]","Bengaluru-based semiconductor design and verification IP vendor supplying interface and connectivity IP for SoC, ASIC and FPGA projects, plus RTL, analog/mixed-signal and physical design services.",complete,0.9,"[""https://maxvytech.com/"", ""https://in.linkedin.com/company/maxvytech"", ""https://www.design-reuse.com/sip/supplier/1368/maxvy-technologies/""]",,2026-09-30T12:27:00Z,2026-09-30T12:27:00Z,"[""WP-0031-R2""]",Electronic Components,Design: IP vendors,SEMICON India,903.11;903.09;903.10;701.04
d:mayairgroup.com,MayAir Group,mayair,"[""mayair"", ""mayair singapore""]","[""MayAir Singapore Pte. Ltd."", ""MayAir Group"", ""MayAir""]",,https://mayairgroup.com,mayairgroup.com,,,Semenyih,MY,APAC,"[{""city"": ""Singapore"", ""country"": ""SG"", ""type"": ""sales""}]",2001,201-500,private,,,501,501.02,component_supplier,"[""HEPA filters"", ""fan filter unit"", ""FFU"", ""chemical filtration"", ""air filtration"", ""cleanroom""]","[""semiconductor fabs"", ""pharmaceutical"", ""electronics""]","Malaysian air filtration group making HEPA/ULPA filters, fan filter units and chemical filtration for semiconductor and electronics cleanrooms; MayAir Singapore is its Singapore sales and service entity.",complete,0.82,"[""https://mayairgroup.com/about-us-air-filtration-company-mayair/"", ""https://mayair.com.my/semiconductor-air-pollution-control-solutions/"", ""https://www.bloomberg.com/profile/company/MAYA:LN""]",Exhibitor is the Singapore subsidiary; folded into MayAir Group parent record. Group was formerly listed on London AIM (MAYA:LN).,2026-09-30T12:27:00Z,2026-09-30T12:27:00Z,"[""WP-0031-R2""]","HVAC, Temperature, Humidity, Contamination Control",Contamination Control; HEPA Filtering Systems,SEMICON India,501.02;501.01;501.03;400.09
d:mbitwireless.com,MBit Wireless,mbit wireless,"[""mbit wireless"", ""mbit wireless pvt"", ""mbit wireless private""]","[""MBit Wireless Pvt. Ltd"", ""MBIT Wireless Private Limited"", ""MBit Wireless Inc.""]","MBit Wireless, Inc.",https://www.mbitwireless.com,mbitwireless.com,https://www.linkedin.com/company/mbit-wireless-private-limited,mbit-wireless-private-limited,Newport Beach,US,Americas,"[{""city"": ""Chennai"", ""country"": ""IN"", ""type"": ""rnd""}]",2005,51-200,private,,,903,903.10,component_supplier,"[""4G LTE SoC"", ""5G modem"", ""edge computing chipset"", ""protocol stack software"", ""Skylark"", ""Sunlark"", ""IoT""]","[""mobile broadband"", ""IoT"", ""automotive"", ""logic""]","Fabless semiconductor company developing 4G/5G connectivity and edge-computing SoCs plus protocol-stack software for mobile broadband, IoT and EV applications; its India R&D entity is in Chennai.",complete,0.85,"[""https://www.mbitwireless.com"", ""https://in.linkedin.com/company/mbit-wireless-private-limited"", ""https://www.crunchbase.com/organization/mbit-wireless""]","Exhibitor is the Indian R&D subsidiary (Chennai, incorporated 2007); folded into the US parent record.",2026-09-30T12:29:00Z,2026-09-30T12:29:00Z,"[""WP-0031-R2""]",Electronic Components,Design: Fabless,SEMICON India,903.10;903.04;903.01;904.03
d:mechmaark.in,Mechmaark Filtech India,mechmaark filtech india,"[""mechmaark filtech india"", ""mechmaark filters india pvt"", ""mechmaark filtech india pvt"", ""mechmaark equipments pvt""]","[""Mechmaark filters india pvt Ltd"", ""Mechmaark Filtech India Pvt. Ltd."", ""Mechmaark Equipments Pvt. Ltd.""]",Mechmaark Filtech India Private Limited,https://www.mechmaark.in,mechmaark.in,,,New Delhi,IN,APAC,"[{""city"": ""Bahadurgarh"", ""country"": ""IN"", ""type"": ""manufacturing""}]",2009,51-200,private,,,501,501.02,component_supplier,"[""HEPA filters"", ""bag filters"", ""pre-filters"", ""fine filters"", ""chemical filters"", ""pre-insulated duct""]","[""HVAC"", ""cleanroom"", ""pharmaceutical"", ""semiconductor fabs""]","Indian manufacturer of industrial air and chemical filters - HEPA, bag, fine and pre-filters - plus pre-insulated ducting and insulation for HVAC and cleanroom applications, with a plant in Bahadurgarh, Haryana.",complete,0.8,"[""https://www.indiamart.com/mechmaark-filtech-indiadelhi/"", ""https://www.tradeindia.com/mechmaark-filtech-india-pvt-ltd-40710978/"", ""https://www.zoominfo.com/c/mechmaark-filtech-india-pvt-ltd/426002721""]",Printed exhibitor name 'Mechmaark filters india pvt Ltd' matches Mechmaark Filtech India Pvt. Ltd.,2026-09-30T12:29:00Z,2026-09-30T12:29:00Z,"[""WP-0031-R2""]","HVAC, Temperature, Humidity, Contamination Control",Contamination Control; HEPA Filtering Systems,SEMICON India,501.02;501.03;400.08;400.09
d:mediamac.com.sg,MediaMac,mediamac,"[""mediamac""]","[""MediaMac Pte Ltd"", ""MEDIAMAC PTE LTD""]",MediaMac Pte Ltd,https://www.mediamac.com.sg,mediamac.com.sg,,,Singapore,SG,APAC,[],1997,unknown,private,,,207,207.03,oem,"[""wet process bench"", ""wet bench"", ""acid bench"", ""solvent bench"", ""electroplating line"", ""acid exhaust scrubber"", ""DI water system""]","[""semiconductor fabs"", ""research labs"", ""disk media""]","Singapore OEM of customizable engineering-plastic wet process benches and turnkey wet chemical processing and plating lines for semiconductor fabs, plus acid exhaust scrubbers, DI water and wastewater treatment systems.",complete,0.85,"[""https://www.semi.org/en/resources/member-directory/mediamac-pte-ltd"", ""https://www.sgpbusiness.com/company/Mediamac-Pte-Ltd"", ""https://search.rsc.a-star.edu.sg/equipment/chemical-processing-auto-acid-bench-mediamac-imre""]","Singapore UEN 199708058K, incorporated 26 Nov 1997. Employee count not found in any source.",2026-09-30T12:31:00Z,2026-09-30T12:31:00Z,"[""WP-0031-R2""]",Process Equipment,"Cleaning; Washing; Drying Equipment for Substrate, Fab Processing",SEMICON India,207.03;207.14;500.13;500.01;500.02
d:meinhardtgroup.com,Meinhardt Group,meinhardt,"[""meinhardt"", ""meinhardt epcm private"", ""meinhardt epcm""]","[""MEINHARDT EPCM (INDIA) PRIVATE LIMITED"", ""Meinhardt EPCM (India) Private Limited"", ""Meinhardt EPCM"", ""Meinhardt (Singapore) Pte. Ltd.""]",Meinhardt EPCM (India) Private Limited,https://meinhardtgroup.com,meinhardtgroup.com,https://www.linkedin.com/company/meinhardt-epcm,meinhardt-epcm,Singapore,SG,APAC,"[{""city"": ""Bengaluru"", ""country"": ""IN"", ""type"": ""engineering""}, {""city"": ""Kuala Lumpur"", ""country"": ""MY"", ""type"": ""office""}, {""city"": ""Jakarta"", ""country"": ""ID"", ""type"": ""office""}, {""city"": ""Dubai"", ""country"": ""AE"", ""type"": ""office""}]",,unknown,subsidiary,Meinhardt Group,,701,701.09,service,"[""EPCM"", ""engineering procurement construction management"", ""facility design"", ""mission critical facilities"", ""project management""]","[""semiconductor fabs"", ""industrial manufacturing"", ""oil and gas"", ""infrastructure""]","Engineering, procurement and construction management arm of Singapore-headquartered engineering consultancy Meinhardt Group, delivering industrial and mission-critical facility design and build management across South and Southeast Asia.",complete,0.8,"[""https://meinhardtgroup.com/services/epcm/"", ""https://in.linkedin.com/company/meinhardt-epcm"", ""https://www.dnb.com/business-directory/company-profiles.meinhardt_epcm_(india)_private_limited.862aa88c953e83cefcf0f0da2179bbdf.html""]","Exhibitor is the Indian subsidiary (incorporated 2016, Bengaluru, ~457 staff) of Meinhardt (Singapore) Pte. Ltd.; folded into the Meinhardt Group record. Group founding year not confirmed in sources.",2026-09-30T12:31:00Z,2026-09-30T12:31:00Z,"[""WP-0031-R2""]",Manufacturing Services or Consulting,Facility Design; Construction; Architectural,SEMICON India,701.09;701.08;701.07;701.21;701.10
d:melss.com,MELSS,melss,"[""melss"", ""mel systems and services""]","[""Mel Systems and Services Limited"", ""MEL Systems and Services Ltd."", ""MELSS""]",MEL Systems and Services Ltd,https://www.melss.com,melss.com,https://www.linkedin.com/company/melss,melss,Chennai,IN,APAC,[],1990,51-200,public,,,701,701.02,service,"[""industrial automation"", ""turnkey automation"", ""ATE"", ""functional test systems"", ""electronics assembly"", ""SMT"", ""Industry 4.0"", ""test fixtures""]","[""electronics manufacturing"", ""aerospace and defence"", ""automotive"", ""semiconductor""]","Chennai engineering and technology solutions provider delivering turnkey industrial automation, electronics assembly and test lines, and custom functional ATE systems for electronics, aerospace and defence manufacturers in India.",complete,0.85,"[""https://www.melss.com/about/"", ""https://in.linkedin.com/company/melss"", ""https://www.zaubacorp.com/MEL-SYSTEMS-AND-SERVICES-LTD-U30006TN1990PLC019611""]","CIN U30006TN1990PLC019611 (public limited, incorporated 1990); LinkedIn states 1995. Stock listing not confirmed, so ticker left null. Formerly a division of the Murugappa Group.",2026-09-30T12:34:00Z,2026-09-30T12:34:00Z,"[""WP-0031-R2""]",Manufacturing Services or Consulting,Automation & Robotics,SEMICON India,701.02;208.09;701.07;804.14;202.09
d:membranegroupindia.com,Membrane Group India,membrane india,"[""membrane india"", ""membrane india pvt"", ""membrane india private"", ""membrane""]","[""Membrane Group India Pvt Ltd"", ""Membrane Group India Private Limited"", ""Membrane Group""]",Membrane Group India Private Limited,http://www.membranegroupindia.com,membranegroupindia.com,https://www.linkedin.com/company/membrane-group-india-pvt-ltd-,membrane-group-india-pvt-ltd-,Gurugram,IN,APAC,[],1984,unknown,private,,,500,500.01,oem,"[""ultrapure water"", ""UPW systems"", ""reverse osmosis"", ""membrane filtration"", ""effluent treatment"", ""zero liquid discharge"", ""water reclamation""]","[""semiconductor fabs"", ""electronics manufacturing"", ""municipal"", ""industrial""]","Gurugram-based process water and wastewater treatment company building ultrapure water, effluent treatment, reclamation and zero-liquid-discharge systems; formed a JV with Japan's Kurita Water Industries (Kurita Membrane India) to serve India's semiconductor industry.",complete,0.85,"[""https://www.kurita-water.com/en/news/20260630-01/"", ""https://in.linkedin.com/company/membrane-group-india-pvt-ltd-"", ""https://www.zaubacorp.com/MEMBRANE-GROUP-INDIA-PRIVATE-LIMITED-U41000DL2013PTC256569""]",Founded year 1984 per Tracxn and the group's '30+ years' claim; the current Indian legal entity CIN U41000DL2013PTC256569 dates from 2013. Kurita holds 51% of the separate JV entity Kurita Membrane India Pvt. Ltd.,2026-09-30T12:34:00Z,2026-09-30T12:34:00Z,"[""WP-0031-R2""]",Factory Monitoring & Control Systems (FMCS),Chemical; Pure Water; Fluid Handling; Storage; Supply Systems,SEMICON India,500.01;500.02;500.13;301.04;701.23
d:membrane-solutions.com,Membrane Solutions,membrane solutions,"[""membrane solutions""]","[""Membrane Solutions Corp."", ""Membrane Solutions, LLC"", ""Membrane Solutions(Nantong) Co.,Ltd.""]","Membrane Solutions, LLC",https://www.membrane-solutions.com,membrane-solutions.com,https://www.linkedin.com/company/membrane-solutions-llc,membrane-solutions-llc,Auburn,US,Americas,"[{""city"": ""Shanghai"", ""country"": ""CN"", ""type"": ""headquarters""}, {""city"": ""Nantong"", ""country"": ""CN"", ""type"": ""manufacturing""}, {""city"": ""Chongqing"", ""country"": ""CN"", ""type"": ""manufacturing""}, {""city"": ""Jiaxing"", ""country"": ""CN"", ""type"": ""manufacturing""}]",2006,unknown,private,,,400,400.08,component_supplier,"[""membrane filtration"", ""PTFE membrane"", ""PES membrane"", ""syringe filters"", ""filter cartridges"", ""capsule filters"", ""microelectronics filtration""]","[""microelectronics"", ""semiconductor fabs"", ""life sciences"", ""laboratory"", ""water treatment""]","Membrane filtration supplier founded in Seattle in 2006, making PTFE, PES and nylon membranes, cartridges and capsule filters for microelectronics, laboratory, life-science and water-treatment use, with Chinese R&D and production in Nantong, Chongqing and Jiaxing.",complete,0.8,"[""https://www.membrane-solutions.com/"", ""https://www.membrane-solutions.com/contact_us.htm"", ""https://www.linkedin.com/company/membrane-solutions-llc""]","Sources give two head offices: the US entity Membrane Solutions, LLC in Auburn, Washington and a Shanghai headquarters for the Chinese operations. US address used as the primary HQ; employee count not found.",2026-09-30T12:37:00Z,2026-09-30T12:37:00Z,"[""WP-0031-R2""]","Components, Parts & Accessories",Filters for Liquid; Oil,SEMICON Europa | SEMICON India | SEMICON West,400.08;400.09;500.01;900.06;500.02
d:metkorp.com,Metkorp Equipments,metkorp equipments,"[""metkorp equipments"", ""metkorp equipments pvt"", ""metkorp equipments private""]","[""Metkorp Equipments Pvt Ltd."", ""Metkorp Equipments Private Limited""]",Metkorp Equipments Private Limited,https://www.metkorp.com,metkorp.com,,,New Delhi,IN,APAC,[],,11-50,private,,,203,203.16,oem,"[""metallography equipment"", ""metallurgical microscopes"", ""specimen cutting machines"", ""polishing machines"", ""hardness testers""]","[""materials analysis"", ""metallurgy"", ""laboratory""]","Indian manufacturer and supplier of metallography and metallurgical laboratory equipment, including specimen cutting and polishing machines, metallurgical microscopes and image analysis systems.",complete,0.7,"[""https://www.metkorp.com/"", ""https://www.metkorp.com/about-us.html"", ""https://www.tradeindia.com/metkorp-equipments-pvt-ltd-7378126/""]","No LinkedIn company page found. Founding year conflicting across directories (1985 claimed vs MCA CIN U29299DL2017PTC321947), left null. Also operates metallography.co.in and metallurgymicroscope.com.",2026-09-30T12:31:00Z,2026-09-30T12:31:00Z,"[""WP-0032-R2""]",Inspection & Measurement Products,Microscopes: Optical Microscopes,SEMICON India,203.16;200.01;900.06;203.15
d:mt.com,Mettler-Toledo,mettler toledo,"[""mettler toledo"", ""mettler toledo india pvt"", ""mettler toledo international""]","[""Mettler-Toledo India Pvt. Ltd"", ""Mettler-Toledo International, Inc"", ""METTLER TOLEDO""]","Mettler-Toledo International, Inc.",https://www.mt.com,mt.com,https://www.linkedin.com/company/mettlertoledo,mettlertoledo,Greifensee,CH,EMEA,"[{""city"": ""Mumbai"", ""country"": ""IN"", ""type"": ""sales""}, {""city"": ""Columbus"", ""country"": ""US"", ""type"": ""office""}]",,10001+,public,,MTD,203,203.27,oem,"[""precision balances"", ""weighing instruments"", ""analytical instruments"", ""process analytics"", ""product inspection""]","[""laboratory"", ""chemical"", ""food and beverage"", ""pharmaceutical"", ""industrial""]","Global manufacturer of precision instruments and services, including laboratory balances, analytical instruments, industrial weighing and product inspection systems; about 17,300 employees in 40 countries.",complete,0.85,"[""https://www.linkedin.com/company/mettlertoledo"", ""https://www.mt.com""]",Exhibitor is the Indian subsidiary (Mumbai); folded into the Mettler-Toledo group record.,2026-09-30T12:31:00Z,2026-09-30T12:31:00Z,"[""WP-0032-R2""]",Inspection & Measurement Products,Weight measurement; precision scales,SEMICON India,203.27;203.11;203.03;203.23;900.06
d:mi-technovation.com,Mi Equipment,mi equipment,"[""mi equipment"", ""mi technovation berhad""]","[""Mi Equipment Pte. Ltd."", ""Mi Equipment (M) Sdn. Bhd."", ""Mi Technovation Berhad""]",MI EQUIPMENT PTE. LTD.,https://mi-technovation.com,mi-technovation.com,https://www.linkedin.com/company/mi-equipment-m-sdn-bhd,mi-equipment-m-sdn-bhd,Penang,MY,APAC,"[{""city"": ""Singapore"", ""country"": ""SG"", ""type"": ""office""}]",,unknown,subsidiary,Mi Technovation Berhad,,200,200.11,oem,"[""wafer level packaging equipment"", ""die sorter"", ""flip chip bonder"", ""semiconductor assembly equipment"", ""inspection""]","[""advanced packaging"", ""logic"", ""memory"", ""optoelectronics""]","Singapore entity of Malaysia-based Mi Technovation, a manufacturer of semiconductor assembly and test equipment, notably wafer-level packaging die sorters and bonders.",complete,0.72,"[""https://www.sgpbusiness.com/company/Mi-Equipment-Pte-Ltd"", ""https://www.semi.org/en/resources/member-directory/mi-equipment-m-sdn-bhd"", ""https://mi-technovation.com/about-us/"", ""https://sg.linkedin.com/company/mi-equipment-m-sdn-bhd""]",Exhibiting entity is the Singapore arm; group parent is Bursa Malaysia-listed Mi Technovation Berhad. Ticker not verified.,2026-09-30T12:31:00Z,2026-09-30T12:31:00Z,"[""WP-0032-R2""]",Packaging and Assembly Equipment,Die Sorter; Pick & Place; Flip Chip Placement Systems,SEMICON India,200.11;200.09;200.26;203.05
d:micro-eng.co.jp,Micro Engineering,micro engineering,"[""micro engineering""]","[""Micro Engineering Inc."", ""Micro Engineering, Inc.""]","Micro Engineering, Inc.",https://www.micro-eng.co.jp,micro-eng.co.jp,,,Tokyo,JP,APAC,[],1976,51-200,private,,,207,207.03,oem,"[""cleaning machines"", ""spin coaters"", ""developing machines"", ""etching machines"", ""grinding machines"", ""roll-to-roll""]","[""semiconductor"", ""flat panel display"", ""photomask"", ""biochips""]","Japanese builder of manufacturing equipment for semiconductors, FPDs and photomasks, including cleaning, grinding, spin-coating, developing and etching machines; about 155 employees, founded 1976.",complete,0.72,"[""https://www.micro-eng.co.jp/english/"", ""https://www.micro-eng.co.jp/english/about/profile.html"", ""https://www.theworldfolio.com/company/micro-engineering-inc/1707/""]","Name is ambiguous - a same-named US firm exists in Apopka, FL. Matched the Tokyo semiconductor-equipment maker as the plausible SEMICON India exhibitor; no LinkedIn page found.",2026-09-30T12:33:00Z,2026-09-30T12:33:00Z,"[""WP-0032-R2""]",Process Equipment,"Cleaning; Washing; Drying Equipment for Substrate, Fab Processing",SEMICON India,207.03;207.04;207.10;200.01;202.01
d:micro-epsilon.com,Micro-Epsilon,micro epsilon,"[""micro epsilon"", ""micro epsilon india private"", ""micro epsilon messtechnik and""]","[""Micro Epsilon India Private Limited"", ""Micro-Epsilon India Private Limited"", ""MICRO-EPSILON Messtechnik GmbH & Co. KG""]",MICRO-EPSILON Messtechnik GmbH & Co. KG,https://www.micro-epsilon.com,micro-epsilon.com,https://www.linkedin.com/company/micro-epsilon-india,micro-epsilon-india,Ortenburg,DE,EMEA,"[{""city"": ""Pune"", ""country"": ""IN"", ""type"": ""sales""}]",,unknown,private,MICRO-EPSILON Messtechnik GmbH & Co. KG,,400,400.23,component_supplier,"[""laser displacement sensors"", ""eddy current sensors"", ""2D/3D profile sensors"", ""thermal imagers"", ""color sensors""]","[""automotive"", ""semiconductor"", ""machine building"", ""metal processing""]","German precision-sensor and measurement-systems group; its Indian subsidiary in Pune (registered 2017) supplies laser displacement, eddy current and 2D/3D inspection sensors.",complete,0.8,"[""https://www.micro-epsilon.com/company/company-group/micro-epsilon-india/?sLang=en"", ""https://in.linkedin.com/company/micro-epsilon-india"", ""https://www.micro-epsilon.in/""]",Exhibitor is the Pune subsidiary; folded into the MICRO-EPSILON group record. LinkedIn URL is the India page (group page not confirmed).,2026-09-30T12:33:00Z,2026-09-30T12:33:00Z,"[""WP-0032-R2""]","Components, Parts & Accessories",Sensors,SEMICON India,400.23;203.09;203.25;202.09;203.26
d:micron.com,Micron Technology,micron technology,"[""micron technology"", ""micron technology operations india"", ""micron technology india""]","[""Micron Technology Operations India LLP"", ""Micron Technology, Inc."", ""Micron Technology India""]","Micron Technology, Inc.",https://www.micron.com,micron.com,https://www.linkedin.com/company/micron-technology,micron-technology,Boise,US,Americas,"[{""city"": ""Hyderabad"", ""country"": ""IN"", ""type"": ""engineering""}, {""city"": ""Bengaluru"", ""country"": ""IN"", ""type"": ""engineering""}, {""city"": ""Sanand"", ""country"": ""IN"", ""type"": ""manufacturing""}]",1978,10001+,public,,MU,903,903.05,fab_idm,"[""DRAM"", ""NAND flash"", ""NOR flash"", ""SSD"", ""HBM"", ""memory modules""]","[""data center"", ""mobile"", ""automotive"", ""client computing"", ""industrial""]","US memory and storage IDM producing DRAM, NAND flash and SSDs. The Indian LLP (incorporated 2018) runs Hyderabad and Bengaluru engineering and operations centres with over 5,000 staff.",complete,0.85,"[""https://www.zaubacorp.com/MICRON-TECHNOLOGY-OPERATIONS-INDIA-LLP-AAM-8742"", ""https://in.linkedin.com/showcase/micron-technology-india"", ""https://www.tofler.in/micron-technology-operations-india-llp/company/AAM-8742""]","Exhibitor is the Indian LLP; folded into the Micron Technology group record. Group LinkedIn URL is the standard company slug, not directly verified in results (the India showcase page was).",2026-09-30T12:38:00Z,2026-09-30T12:38:00Z,"[""WP-0032-R2""]",Electronic Components,Components: IDM / Foundries,SEMICON India,903.05;903.04;903.01
d:midcindia.org,MIDC,midc,"[""midc"", ""maharashtra industrial development""]","[""Maharashtra Industrial Development Corporation"", ""MIDC""]",Maharashtra Industrial Development Corporation,https://www.midcindia.org,midcindia.org,https://in.linkedin.com/company/midc,midc,Mumbai,IN,APAC,[],,unknown,government,Government of Maharashtra,,804,804.01,other,"[""industrial land allotment"", ""industrial parks"", ""single-window clearance"", ""infrastructure""]","[""government"", ""industrial real estate"", ""manufacturing investment""]","Investment-promotion and industrial infrastructure agency of the Government of Maharashtra, allotting industrial land and providing utilities and single-window clearances across MIDC industrial areas.",complete,0.85,"[""https://www.midcindia.org/en/about-midc/"", ""https://in.linkedin.com/company/midc"", ""https://en.wikipedia.org/wiki/Maharashtra_Industrial_Development_Corporation""]",founded_year left null: sources disagree between 1962 and 1964.,2026-09-30T12:27:00Z,2026-09-30T12:27:00Z,"[""WP-0030-R2""]",Professional Services,Government Advocacy; Regulation; Economic Development Agencies,SEMICON India,804.01;804.10;701.09
d:mihamaindia.com,Mihama India,mihama india,"[""mihama india"", ""mihama india pvt"", ""mihama india private""]","[""Mihama India Pvt Ltd"", ""Mihama India Private Limited""]",MIHAMA INDIA PRIVATE LIMITED,https://mihamaindia.com,mihamaindia.com,,,Noida,IN,APAC,"[{""city"": ""Gurgaon"", ""country"": ""IN"", ""type"": ""office""}]",2014,11-50,subsidiary,Mihama Group (Japan),,804,804.14,distributor,"[""refrigerant gases"", ""AC tools"", ""semiconductor test equipment"", ""differential pressure gauges"", ""high reflecting coating"", ""fine chemicals""]","[""semiconductor"", ""telecommunications"", ""electronics"", ""HVAC""]","Indian sales arm of the Japanese Mihama Group (incorporated 2014, Noida), distributing refrigerant gases, AC tools, semiconductor test equipment, pressure gauges and fine chemicals; about 21 employees.",complete,0.72,"[""https://mihamaindia.com/about-us/"", ""https://www.zaubacorp.com/company/MIHAMA-INDIA-PRIVATE-LIMITED/U74140HR2014FTC053636"", ""https://expo.semi.org/india2025/Public/eBooth.aspx?IndexInList=202&ListByBooth=true&BoothID=654515&Nav=False""]",Kept as its own record: the Japanese Mihama Group parent's corporate domain was not identified within budget. No LinkedIn company page found.,2026-09-30T12:38:00Z,2026-09-30T12:38:00Z,"[""WP-0032-R2""]",Professional Services,Sales; Manufacturers Representation or Distributors,SEMICON India,804.14;303.07;303.08;208.09;301.06
d:millice.com.sg,Millice,millice,"[""millice"", ""millice private""]","[""Millice PTE LTD"", ""Millice Pte Ltd"", ""Millice Private Limited"", ""Millice Group""]",MILLICE PTE. LTD.,https://www.millice.com.sg,millice.com.sg,https://www.linkedin.com/company/millice,millice,Singapore,SG,APAC,[],1979,11-50,private,,,804,804.14,distributor,"[""scribe and break systems"", ""wafer bonders"", ""capillaries"", ""crystal growing equipment"", ""wafer handling"", ""failure analysis tools""]","[""semiconductor fab"", ""OSAT"", ""photovoltaics"", ""data storage"", ""PCB assembly""]","Singapore-headquartered distributor of process materials and capital equipment to the ASEAN semiconductor, photovoltaic and data-storage markets, with sales and applications support across the region.",complete,0.8,"[""https://www.millice.com.sg/"", ""https://www.semi.org/en/resources/member-directory/millice-pte-ltd"", ""https://www.linkedin.com/company/millice"", ""https://sg.kompass.com/c/millice-pte-ltd/sg026175/""]",,2026-09-30T12:38:00Z,2026-09-30T12:38:00Z,"[""WP-0032-R2""]",Professional Services,Sales; Manufacturers Representation or Distributors,SEMICON India,804.14;200.26;300.02;203.05;201.12
d:mindgrovetech.in,Mindgrove Technologies,mindgrove technologies,"[""mindgrove technologies"", ""mindgrove technologies pvt"", ""mindgrove""]","[""Mindgrove Technologies"", ""Mindgrove Technologies Pvt Ltd"", ""Mindgrove""]",Mindgrove Technologies Private Limited,https://www.mindgrovetech.in,mindgrovetech.in,https://www.linkedin.com/company/mindgrovetech,mindgrovetech,Chennai,IN,APAC,[],2021,11-50,private,,,903,903.10,component_supplier,"[""RISC-V"", ""SoC"", ""microcontroller"", ""Shakti core"", ""edge computing"", ""secure IoT""]","[""IoT"", ""industrial automation"", ""automotive"", ""consumer electronics"", ""defense""]","Fabless Indian chip-design startup incubated at IIT Madras, designing RISC-V system-on-chips; launched an indigenously designed 64-bit RISC-V MCU on TSMC 28nm HPC+ and has raised about USD 10 million.",complete,0.82,"[""https://in.linkedin.com/company/mindgrovetech"", ""https://www.design-reuse.com/news/16043-fabless-semiconductor-startup-mindgrove-launches-india-s-first-indigenously-designed-commercial-high-performance-mcu-chip/"", ""https://www.crunchbase.com/organization/mindgrove""]","Backed by Peak XV Partners, Speciale Invest, Whiteboard Capital and Mela Ventures; second SoC supported by MeitY DLI scheme.",2026-09-30T12:38:00Z,2026-09-30T12:38:00Z,"[""WP-0032-R2""]",Electronic Components,Design: Fabless,SEMICON India,903.10;903.04;903.01;904.03
d:mindoxtechno.com,Mindox Techno,mindox techno,"[""mindox techno"", ""mindox techno singapore""]","[""Mindox Techno Pte. Ltd."", ""MINDOX TECHNO SINGAPORE PTE. LTD.""]",MINDOX TECHNO PTE. LTD.,https://mindoxtechno.com,mindoxtechno.com,https://www.linkedin.com/company/mindoxtechno,mindoxtechno,Singapore,SG,APAC,[],2020,unknown,private,,,207,207.18,oem,"[""EFEM"", ""equipment front end module"", ""barcode readers"", ""wafer ID"", ""metrology"", ""inspection""]","[""semiconductor front-end"", ""back-end assembly"", ""advanced packaging""]","Singapore designer and builder of semiconductor equipment for front-end, back-end and advanced packaging fabs, including universal equipment front-end modules (EFEM), wafer barcode readers and inspection/metrology tools.",complete,0.8,"[""https://www.semi.org/en/resources/member-directory/mindox-techno-pte-ltd"", ""https://www.sgpbusiness.com/company/Mindox-Techno-Singapore-Pte-Ltd"", ""https://sg.linkedin.com/company/mindoxtechno"", ""https://www.crunchbase.com/organization/mindox-techno""]",Related entity MINDOX TECHNO SINGAPORE PTE. LTD. (202328567M) registered 2023; treated as the same group.,2026-09-30T12:38:00Z,2026-09-30T12:38:00Z,"[""WP-0032-R2""]",Process Equipment,Transfer Systems for Wafer; Reticles or FPD's,SEMICON India,207.18;203.05;202.09;502.02;901.14
d:mirafra.com,Mirafra Technologies,mirafra technologies,"[""mirafra technologies"", ""mirafra software technologies pvt"", ""mirafra""]","[""Mirafra Software Technologies Pvt. Ltd."", ""Mirafra Technologies"", ""Mirafra""]",Mirafra Software Technologies Private Limited,https://mirafra.com,mirafra.com,https://www.linkedin.com/company/mirafra-technologies,mirafra-technologies,Bengaluru,IN,APAC,"[{""city"": ""Hyderabad"", ""country"": ""IN"", ""type"": ""office""}, {""city"": ""Chennai"", ""country"": ""IN"", ""type"": ""office""}, {""city"": ""Pune"", ""country"": ""IN"", ""type"": ""office""}, {""city"": ""Singapore"", ""country"": ""SG"", ""type"": ""office""}]",2004,1001-5000,private,,,701,701.04,service,"[""SoC design"", ""RTL design"", ""physical design"", ""DFT"", ""verification"", ""analog mixed-signal""]","[""logic"", ""automotive"", ""consumer""]","Bengaluru-based semiconductor and embedded engineering services firm offering end-to-end SoC design, RTL and analog design, verification, DFT and silicon validation.",complete,0.85,"[""https://mirafra.com/"", ""https://mirafra.com/semiconductor/"", ""https://www.linkedin.com/company/mirafra-technologies""]",,2026-09-30T12:29:00Z,2026-09-30T12:29:00Z,"[""WP-0033-R2""]",Manufacturing Services or Consulting,Circuit Design; Electronic Design Services (EDS); System Level Design (SLD),SEMICON India,701.04;701.16;701.17;903.09
d:misumi.co.jp,MISUMI Group,misumi,"[""misumi"", ""misumi india private"", ""misumi india""]","[""Misumi India Private Limited"", ""MISUMI India"", ""MISUMI Group Inc.""]",MISUMI Group Inc.,https://www.misumi.co.jp,misumi.co.jp,https://www.linkedin.com/company/misumiindia,misumiindia,Tokyo,JP,APAC,"[{""city"": ""Gurgaon"", ""country"": ""IN"", ""type"": ""sales""}, {""city"": ""Pune"", ""country"": ""IN"", ""type"": ""sales""}]",1963,10001+,public,,TSE:9962,400,400.07,component_supplier,"[""configurable components"", ""factory automation components"", ""linear motion"", ""press die components"", ""plastic mold components"", ""pneumatics""]","[""automotive"", ""electronics"", ""medical"", ""aerospace""]","Japanese supplier of configurable and standard mechanical components for factory automation, press dies and plastic molds, sold via catalog and e-commerce; MISUMI India (est. 2009) is the Indian sales arm.",complete,0.82,"[""https://www.misumi.co.jp/english/about/company/summary"", ""https://in.misumi-ec.com/contents/company/"", ""https://in.linkedin.com/company/misumiindia""]","Exhibitor is the Indian subsidiary MISUMI India Private Limited (Gurgaon, incorporated 2009); folded into the MISUMI Group Inc. record. LinkedIn URL is the India entity page.",2026-09-30T12:36:00Z,2026-09-30T12:36:00Z,"[""WP-0033-R2""]","Components, Parts & Accessories",Fasteners; General Hardware,SEMICON India,400.07;400.01;401.09;401.12;400.21
d:mitsuichemicals.com,Mitsui Chemicals,mitsui chemicals,"[""mitsui chemicals"", ""mitsui chemicals india pvt""]","[""Mitsui Chemicals India Pvt. Ltd."", ""Mitsui Chemicals, Inc."", ""Mitsui Chemicals Group""]","Mitsui Chemicals, Inc.",https://jp.mitsuichemicals.com/en/,mitsuichemicals.com,,,Tokyo,JP,APAC,"[{""city"": null, ""country"": ""IN"", ""type"": ""sales""}, {""city"": null, ""country"": ""TW"", ""type"": ""manufacturing""}, {""city"": null, ""country"": ""US"", ""type"": ""sales""}]",,10001+,public,,,301,301.10,materials,"[""ICROS tape"", ""back grinding tape"", ""wafer surface protection tape"", ""functional materials"", ""IC processing tape""]","[""logic"", ""memory"", ""packaging""]","Japanese chemicals group supplying semiconductor functional materials, notably ICROS back-grinding and wafer surface protection tapes; Mitsui Chemicals India is its Indian arm.",complete,0.8,"[""https://in.mitsuichemicals.com/service/product/icrostape/index.htm"", ""https://jp.mitsuichemicals.com/en/service/product/icrostape/index.htm"", ""https://in.mitsuichemicals.com/corporate/message/index.htm""]",Exhibitor is the Indian subsidiary; folded into the Mitsui Chemicals group record. LinkedIn page and founding year not verified within call budget.,2026-09-30T12:36:00Z,2026-09-30T12:36:00Z,"[""WP-0033-R2""]",Chemicals & Solids,Surface protection material; coatings,SEMICON India,301.10;300.02;300.17;301.06
d:mitutoyo.co.jp,Mitutoyo,mitutoyo,"[""mitutoyo"", ""mitutoyo south asia private"", ""mitutoyo south asia pvt""]","[""Mitutoyo South Asia Private Limited"", ""Mitutoyo South Asia Pvt. Ltd."", ""Mitutoyo Corporation""]",Mitutoyo Corporation,https://www.mitutoyo.co.jp,mitutoyo.co.jp,https://www.linkedin.com/company/mitutoyo-south-asia-pvt.-ltd.,mitutoyo-south-asia-pvt.-ltd.,Kawasaki,JP,APAC,"[{""city"": ""New Delhi"", ""country"": ""IN"", ""type"": ""regional_hq""}]",1934,unknown,private,,,203,203.26,oem,"[""coordinate measuring machines"", ""micrometers"", ""calipers"", ""dimensional metrology"", ""optical measuring"", ""form testing"", ""calibration""]","[""automotive"", ""general manufacturing"", ""electronics""]","Japanese manufacturer of precision dimensional metrology instruments - CMMs, micrometers, calipers, optical and form measuring systems. Mitutoyo South Asia (est. 1996, New Delhi) is its South Asia arm with 9 sales and service sites in India.",complete,0.82,"[""https://mitutoyoindia.com/about/"", ""https://www2.mitutoyo.co.jp/eng/corporate/network/overseas/list.html"", ""https://in.linkedin.com/company/mitutoyo-south-asia-pvt.-ltd.""]",Exhibitor is the regional subsidiary Mitutoyo South Asia Pvt. Ltd.; folded into the Mitutoyo Corporation record. Employee count not verified.,2026-09-30T12:38:00Z,2026-09-30T12:38:00Z,"[""WP-0033-R2""]",Inspection & Measurement Products,Wafer; Substrate Metrology; Topology; Nanotopography; Flatness Measurement; Crystalline Orientation,SEMICON India,203.26;203.15;203.16;203.09;700.03
d:modutek.com,Modutek,modutek,"[""modutek""]","[""Modutek Corporation""]",Modutek Corporation,https://www.modutek.com,modutek.com,https://www.linkedin.com/company/modutek-corporation,modutek-corporation,San Jose,US,Americas,[],1980,11-50,private,,,207,207.03,oem,"[""wet bench"", ""wet process station"", ""IPA vapor dryer"", ""megasonic cleaning"", ""rotary wafer etcher"", ""quartz tube cleaning""]","[""logic"", ""MEMS"", ""research""]","San Jose manufacturer of semiconductor wet bench and wet processing equipment, from manual to fully automated wet process stations, etchers and dryers, built in-house since 1980.",complete,0.88,"[""https://www.modutek.com/"", ""https://www.modutek.com/wet-bench-equipment/"", ""https://www.linkedin.com/company/modutek-corporation""]",,2026-09-30T12:29:00Z,2026-09-30T12:29:00Z,"[""WP-0033-R2""]",Process Equipment,"Cleaning; Washing; Drying Equipment for Substrate, Fab Processing",SEMICON India | SEMICON West,207.03;207.10;200.04
d:moldex3d.com,Moldex3D,moldex3d,"[""moldex3d"", ""coretech system""]","[""CoreTech System (Moldex3D) Co., Ltd.""]","CoreTech System Co., Ltd.",https://www.moldex3d.com,moldex3d.com,https://www.linkedin.com/company/moldex3d/,moldex3d,,,,[],,unknown,unknown,,,603,603.02,software,"[""CAE"", ""injection molding simulation"", ""IC packaging simulation"", ""electronics potting""]","[""plastics"", ""IC packaging"", ""electronics""]","Developer of Moldex3D CAE simulation software for plastic injection molding, with IC packaging and electronics potting simulation modules.",partial,0.8,"[""https://www.moldex3d.com/"", ""https://www.linkedin.com/company/moldex3d/""]",HQ not confirmed in fetched sources.,2026-09-30T12:14:33Z,2026-09-30T12:14:33Z,"[""WP-0011""]","Simulation, Analysis; Modeling Software",Simulation; Characterization; Verification Software,SEMICON India,603.02;701.15
d:morimura.co.jp,Morimura Bros.,morimura bros,"[""morimura bros"", ""morimura brothers trading india pvt"", ""morimura brothers trading india private""]","[""Morimura Brothers Trading India Pvt Ltd"", ""MORIMURA BROS., INC."", ""Morimura Brothers Trading India Private Limited""]","MORIMURA BROS., INC.",https://www.morimura.co.jp,morimura.co.jp,,,Tokyo,JP,APAC,"[{""city"": ""Chennai"", ""country"": ""IN"", ""type"": ""sales""}]",,unknown,private,,,804,804.14,distributor,"[""electronics materials"", ""ceramics"", ""semiconductor materials"", ""industrial minerals"", ""refractory raw materials"", ""functional chemicals"", ""silica""]","[""semiconductor"", ""ceramics"", ""plastics""]","Japanese trading house distributing electronics and semiconductor materials, ceramics, industrial minerals, functional chemicals and plastics; its Chennai subsidiary (incorporated 2010) serves India.",complete,0.8,"[""https://www.morimura.co.jp/english/products/electornics.html"", ""https://morimurabros.com/india/"", ""https://www.zaubacorp.com/MORIMURA-BROTHERS-TRADING-INDIA-PRIVATE-LIMITED-U51103TN2010FTC077881""]","Exhibitor is the Indian subsidiary (Chennai, CIN U51103TN2010FTC077881, incorporated 2010-10-29); folded into the Morimura Bros., Inc. record. Group traces roots to Morimura Gumi (1876); incorporation year of the current entity not verified. Joint venture Chettinad Morimura Semiconductor Material Pvt Ltd supplies silica products.",2026-09-30T12:38:00Z,2026-09-30T12:38:00Z,"[""WP-0033-R2""]",Professional Services,Sales; Manufacturers Representation or Distributors,SEMICON India,804.14;801.03;307.10;301.06;300.17
d:morphing.in,Morphing Machines,morphing machines,"[""morphing machines"", ""morphing machines private"", ""morphing machines pvt""]","[""Morphing Machines Private Limited"", ""Morphing Machines Pvt. Ltd.""]",Morphing Machines Private Limited,https://morphing.in,morphing.in,https://www.linkedin.com/company/morphing-machines,morphing-machines,Bengaluru,IN,APAC,[],2005,11-50,private,,,903,903.10,component_supplier,"[""REDEFINE"", ""CGRA"", ""runtime reconfigurable many-core"", ""MuDRA-1"", ""SoC platform"", ""domain specific architecture""]","[""data center"", ""HPC"", ""AI"", ""avionics"", ""automotive"", ""telecom""]","Bengaluru fabless semiconductor startup spun out of IISc, developing the patented REDEFINE runtime-reconfigurable many-core SoC architecture and its first silicon, MuDRA-1, for AI, HPC and data-center workloads.",complete,0.85,"[""https://in.linkedin.com/company/morphing-machines"", ""https://www.crunchbase.com/organization/morphing-machines"", ""https://circuitdigest.com/news/morphing-machines-unveils-mudra-1-first-silicon-for-an-architecture-aiming-for-asic-performance-fpga-flexibility""]","Website morphing.in taken from the company LinkedIn profile; not fetched directly. Employee range estimated from startup funding-stage profiles, not confirmed on LinkedIn.",2026-09-30T12:42:00Z,2026-09-30T12:42:00Z,"[""WP-0033-R2""]",Electronic Components,Design: Fabless,SEMICON India,903.10;903.11;903.04;903.01;701.13
d:moschip.com,MosChip Technologies,moschip technologies,"[""moschip technologies"", ""moschip""]","[""MOSCHIP"", ""MosChip Technologies Limited"", ""MosChip""]",MosChip Technologies Limited,https://moschip.com,moschip.com,https://www.linkedin.com/company/moschiptech,moschiptech,Hyderabad,IN,APAC,"[{""city"": null, ""country"": ""US"", ""type"": ""office""}]",1999,1001-5000,public,,NSE:MOSCHIP,903,903.10,service,"[""turnkey ASIC"", ""mixed-signal IP"", ""RTL verification"", ""DFT"", ""physical design"", ""post-silicon validation"", ""IoT""]","[""aerospace and defence"", ""automotive"", ""consumer"", ""medical"", ""networking""]","Hyderabad-based fabless semiconductor and system design company, publicly listed in India, providing turnkey digital and mixed-signal ASIC execution, mixed-signal IP, product engineering and IoT solutions.",complete,0.88,"[""https://moschip.com/contact-us/"", ""https://in.linkedin.com/company/moschiptech"", ""https://www.screener.in/company/MOSCHIP/consolidated/""]",,2026-09-30T12:38:00Z,2026-09-30T12:38:00Z,"[""WP-0033-R2""]",Electronic Components,Design: Fabless,SEMICON India,903.10;701.04;903.02;903.09;903.11
d:mtu-solutions.com,MTU (Rolls-Royce Power Systems),mtu,"[""mtu"", ""mtu india private"", ""rolls royce power systems"", ""mtu friedrichshafen""]","[""MTU India Private Limited"", ""MTU India Private Ltd."", ""Rolls-Royce Power Systems AG"", ""MTU Friedrichshafen""]",Rolls-Royce Power Systems AG,https://www.mtu-solutions.com,mtu-solutions.com,,,Friedrichshafen,DE,EMEA,"[{""city"": ""Pune"", ""country"": ""IN"", ""type"": ""regional_hq""}]",,10001+,subsidiary,Rolls-Royce plc,,500,500.04,oem,"[""diesel engines"", ""generating sets"", ""Series 1600"", ""MTU Onsite Energy"", ""backup power"", ""microgrid""]","[""power generation"", ""rail"", ""industrial facilities""]","MTU is the power-systems brand of Rolls-Royce Power Systems AG, supplying diesel engines, generating sets and backup power/microgrid systems; MTU India Private Ltd (Pune) is its Indian arm.",partial,0.65,"[""https://www.mtu-solutions.com/cn/en/about-us/global-presence/mtu-india-pune-headquarters.html"", ""https://www.rolls-royce.com/country-sites/india/products-and-services/power-systems.aspx"", ""https://en.wikipedia.org/wiki/Rolls-Royce_Power_Systems""]","Ambiguity: sources describe MTU India Private Limited both as the Rolls-Royce Power Systems Indian subsidiary (Pune) and, commonly, as the Force Motors (51%) / Rolls-Royce Power Systems (49%) joint venture Force MTU Power Systems Pvt Ltd. Recorded under the Rolls-Royce Power Systems / MTU group; the exhibiting legal entity was not confirmed. LinkedIn page for the group entity not verified.",2026-09-30T12:42:00Z,2026-09-30T12:42:00Z,"[""WP-0033-R2""]",Factory Monitoring & Control Systems (FMCS),Electrical; Power Distribution,SEMICON India,500.04;500.06;401.13;500.03
d:multinanosense.com,Multi Nano Sense Technologies,multi nano sense technologies,"[""multi nano sense technologies"", ""multi nano sense technologies private"", ""multi nano sense""]","[""Multi Nano Sense Technologies Private Limited"", ""Multi Nano Sense""]",Multi Nano Sense Technologies Private Limited,https://www.multinanosense.com,multinanosense.com,,,Thane,IN,APAC,"[{""city"": ""Nagpur"", ""country"": ""IN"", ""type"": ""office""}]",2017,11-50,private,,,400,400.23,component_supplier,"[""hydrogen gas detector"", ""platform gas sensors"", ""selective gas detection"", ""fixed gas detector"", ""nanomaterial sensors""]","[""industrial safety"", ""semiconductor fabs"", ""energy""]","Indian sensor developer and manufacturer of patented selective gas sensing technology, including fixed hydrogen gas detectors and platform gas sensors; incorporated 2017 in Maharashtra.",complete,0.8,"[""https://www.multinanosense.com/"", ""https://www.indiamart.com/multinanosensetechnologies/profile.html"", ""https://www.zaubacorp.com/MULTI-NANO-SENSE-TECHNOLOGIES-PRIVATE-LIMITED-U74999MH2017PTC293374""]","CIN U74999MH2017PTC293374, incorporated 2017-04-03. Registered office Thane, operating address Wadi, Nagpur. LinkedIn page not found within call budget; employee range estimated from company-profile aggregators.",2026-09-30T12:42:00Z,2026-09-30T12:42:00Z,"[""WP-0033-R2""]","Components, Parts & Accessories",Sensors,SEMICON India,400.23;500.10;903.07;203.01;900.07
d:mumbaisemi.com,MumbaiSemi,mumbaisemi,"[""mumbaisemi"", ""mumbai semi""]","[""MumbaiSemi"", ""Mumbai Semi""]",,https://mumbaisemi.com,mumbaisemi.com,,,Mumbai,IN,APAC,[],2024,1-10,private,,,903,903.10,component_supplier,"[""GNSS RFIC"", ""RF receiver"", ""analog mixed-signal"", ""NavIC""]","[""communications"", ""automotive"", ""consumer""]","Mumbai fabless semiconductor startup (founded 2024, incubated at SINE/IIT Bombay) designing reconfigurable GNSS RFIC receivers supporting NavIC, GPS, Galileo and BeiDou.",complete,0.72,"[""https://bharatinnovates.in/startups/mumbaisemi"", ""https://inc42.com/company/mumbaisemi/""]",LinkedIn company page not confirmed in search results.,2026-09-30T12:31:00Z,2026-09-30T12:31:00Z,"[""WP-0034-R2""]",Electronic Components,Design: Fabless,SEMICON India,903.10;903.04;903.09
d:mycae.com.my,MyCAE,mycae,"[""mycae"", ""mycae india pvt"", ""mycae technologies""]","[""MyCAE India Pvt Ltd"", ""MyCAE Technologies Sdn Bhd""]",MyCAE Technologies Sdn Bhd,https://www.mycae.com.my,mycae.com.my,https://www.linkedin.com/company/mycaetech,mycaetech,Kuala Lumpur,MY,APAC,"[{""city"": ""Pune"", ""country"": ""IN"", ""type"": ""engineering""}]",2013,11-50,private,MyCAE Technologies Sdn Bhd,,701,701.07,service,"[""FEA"", ""CFD"", ""vibration isolation"", ""multiphysics simulation"", ""micro-vibration""]","[""semiconductor"", ""energy"", ""civil""]","Malaysian specialist engineering firm (founded 2013) providing FEA, CFD and vibration/acoustic design services; its Pune-based Indian arm focuses on micro-vibration control and active vibration isolation for semiconductor tools.",complete,0.78,"[""https://www.mycae.com.my/"", ""https://www.linkedin.com/company/mycaetech""]",Exhibitor is the Indian subsidiary MyCAE India Pvt Ltd (Pune); folded into the Malaysian parent group record. HQ city inferred from parent being a Malaysian Sdn Bhd; not confirmed.,2026-09-30T12:32:00Z,2026-09-30T12:32:00Z,"[""WP-0034-R2""]",Manufacturing Services or Consulting,"Equipment; Hardware; Product Design, Integration and Manufacturing",SEMICON India,701.07;603.02;202.08
d:nagase.com,Nagase,nagase,"[""nagase"", ""nagase india pvt"", ""nagase and"", ""nagase chemtex""]","[""Nagase India pvt ltd"", ""Nagase India Pvt. Ltd."", ""NAGASE & CO., LTD."", ""Nagase ChemteX""]","NAGASE & CO., LTD.",https://www.nagase.com,nagase.com,,,Osaka,JP,APAC,"[{""city"": ""Mumbai"", ""country"": ""IN"", ""type"": ""sales""}]",1832,5001-10000,public,,TSE:8012,301,301.06,distributor,"[""specialty chemicals"", ""electronic materials"", ""packaging materials"", ""photolithography materials"", ""epoxy""]","[""semiconductor"", ""automotive"", ""electronics"", ""agrochemicals""]","Japanese specialty chemicals trading and manufacturing group (est. 1832). Nagase India Pvt. Ltd., active in Mumbai since 1964, distributes electronic materials and semiconductor chemicals; Nagase ChemteX supplies packaging and photolithography materials.",complete,0.82,"[""https://www.nagase.com/company/global-network/india/nagase-india-pvt-ltd"", ""https://group.nagase.com/nagasechemtex/en/products/industry/semiconductors-electronics/"", ""https://www.semi.org/en/resources/member-directory/nagase-co-ltd""]",Exhibitor is the Indian subsidiary; folded into the Nagase group record. Group LinkedIn page not confirmed.,2026-09-30T12:33:00Z,2026-09-30T12:33:00Z,"[""WP-0034-R2""]",Chemicals & Solids,Other Specialty Chemicals,SEMICON India,301.06;300.05;301.07;304.01
d:nanocleantech.com,Nano Clean Technologies,nano clean technologies,"[""nano clean technologies"", ""nct"", ""nanoclean technologies""]","[""Nano Clean Technologies"", ""NCT"", ""Nanoclean Technologies""]",,https://nanocleantech.com,nanocleantech.com,,,Bengaluru,IN,APAC,[],,unknown,private,,,501,501.01,service,"[""turnkey cleanrooms"", ""gas distribution systems"", ""tool hookup"", ""wet benches"", ""effluent treatment""]","[""semiconductor"", ""solar"", ""aerospace"", ""pharma""]","Bengaluru provider of turnkey cleanrooms, high-purity gas distribution systems, tool hookups, wet chemistry benches and effluent treatment for semiconductor, solar, aerospace and pharma facilities.",complete,0.75,"[""https://nanocleantech.com/""]",Distinct from Nano Clean India (UK-owned) and from NanoClean Contamination Control Solutions; founded year and headcount not published. LinkedIn not confirmed.,2026-09-30T12:34:00Z,2026-09-30T12:34:00Z,"[""WP-0034-R2""]","HVAC, Temperature, Humidity, Contamination Control",Clean Rooms,SEMICON India,501.01;500.09;500.13;501.02
d:nasscom.in,nasscom,nasscom,"[""nasscom"", ""national association of software and service companies""]","[""Nasscom"", ""NASSCOM"", ""National Association of Software and Service Companies""]",National Association of Software and Service Companies,https://nasscom.in,nasscom.in,https://www.linkedin.com/company/nasscom-india,nasscom-india,Noida,IN,APAC,"[{""city"": ""New Delhi"", ""country"": ""IN"", ""type"": ""office""}]",1988,unknown,nonprofit,,,800,800.01,association,"[""industry advocacy"", ""policy"", ""skilling"", ""IT services association""]","[""IT services"", ""software"", ""semiconductor design"", ""GCC""]","Indian non-profit trade association for the technology and IT services industry, founded 1988 and headquartered in Noida, with over 3,200 member companies; runs policy advocacy, skilling and research programmes.",complete,0.85,"[""https://nasscom.in/press/shri-m-hamid-ansari-inaugurates-nasscoms-new-headquarters-noida"", ""https://en.wikipedia.org/wiki/NASSCOM"", ""https://in.linkedin.com/company/nasscom-india""]",,2026-09-30T12:39:00Z,2026-09-30T12:39:00Z,"[""WP-0034-R2""]",Associations,Associations; Trade or Industrial,SEMICON India,800.01;804.01;804.06
n:navin fluorine,Navin Fluorine,navin fluorine,"[""navin fluorine"", ""navin fluorine international"", ""nfil""]","[""Navin Fluorine International Limited"", ""Navin Fluorine International Ltd."", ""NFIL""]",Navin Fluorine International Limited,,,https://www.linkedin.com/company/navin-fluorine-international-ltd-,navin-fluorine-international-ltd-,Mumbai,IN,APAC,"[{""city"": ""Surat"", ""country"": ""IN"", ""type"": ""manufacturing""}, {""city"": ""Dahej"", ""country"": ""IN"", ""type"": ""manufacturing""}, {""city"": ""Dewas"", ""country"": ""IN"", ""type"": ""manufacturing""}]",1967,1001-5000,public,Arvind Mafatlal Group,NSE:NAVINFLUOR,301,301.06,materials,"[""specialty fluorochemicals"", ""inorganic fluorides"", ""refrigeration gases"", ""CRAMS"", ""fluorination""]","[""pharmaceuticals"", ""agrochemicals"", ""refrigerants"", ""semiconductor""]","Indian specialty fluorochemicals manufacturer founded in 1967, headquartered in Mumbai and part of the Arvind Mafatlal Group; four business units (refrigeration gases, inorganic fluorides, specialty fluorides, CRAMS) and over 60 fluorinated products, ~1,569 employees.",partial,0.78,"[""https://finance.yahoo.com/quote/NAVINFLUOR.NS/profile/"", ""https://stockanalysis.com/quote/nse/NAVINFLUOR/company/"", ""https://www.linkedin.com/company/navin-fluorine-international-ltd-""]","Corporate website URL did not appear in any search result, so it is left null rather than guessed; status therefore partial. Plant sites Surat, Dahej and Dewas and R&D centre NRIC (Surat) came from the search summary.",2026-09-30T12:42:00Z,2026-09-30T12:42:00Z,"[""WP-0034-R2""]",Chemicals & Solids,Other Specialty Chemicals,SEMICON India,301.06;301.01;303.07;301.03
d:neevsemi.com,NeevSemi,neevsemi,"[""neevsemi"", ""neevsemi india private""]","[""NeevSemi India Private limited"", ""NeevSemi""]",NeevSemi India Private Limited,https://neevsemi.com,neevsemi.com,,,Bengaluru,IN,APAC,[],,1-10,private,,,601,601.02,software,"[""AI agents"", ""design automation"", ""verification workflows"", ""EDA infrastructure""]","[""semiconductor design""]","Bengaluru software startup building closed-loop AI agents that automate semiconductor design, validation and deployment workflows for chip design teams.",partial,0.65,"[""https://neevsemi.com/""]","Early-stage company; founded year, headcount and LinkedIn page not confirmed. Shares booth H4511 with MumbaiSemi in the exhibitor list.",2026-09-30T12:35:00Z,2026-09-30T12:35:00Z,"[""WP-0034-R2""]",Design Software,EDA - Electronic Design Automation; Circuit Design,SEMICON India,601.02;602.06;603.02
n:netherlands pavilion,Netherlands Pavilion,netherlands pavilion,"[""netherlands pavilion""]","[""Netherlands Pavilion""]",,,,,,,NL,EMEA,[],,unknown,unknown,,,804,804.01,association,"[""country pavilion"", ""trade delegation""]","[""semiconductor""]",Country pavilion grouping Dutch semiconductor companies at SEMICON India; an exhibition stand rather than an operating company.,not_found,0.4,"[""https://investinholland.com/event/semicon-india-2025/"", ""https://www.pib.gov.in/PressReleasePage.aspx?PRID=2143965""]","Not a company. SEMICON India confirms a Netherlands country pavilion, but the organising body (likely NFIA / Holland High Tech) was not confirmed, so no website or legal entity is asserted. Candidate for exclusion from the company database.",2026-09-30T12:43:00Z,2026-09-30T12:43:00Z,"[""WP-0034-R2""]",Professional Services,Government Advocacy; Regulation; Economic Development Agencies,SEMICON India,804.01;804.15
d:netrasemi.com,Netrasemi,netrasemi,"[""netrasemi"", ""netrasemi private""]","[""Netrasemi Private Limited""]",Netrasemi Private Limited,https://www.netrasemi.com,netrasemi.com,https://www.linkedin.com/company/netrasemi,netrasemi,Thiruvananthapuram,IN,APAC,[],2020,unknown,private,,,903,903.10,component_supplier,"[""fabless SoC"", ""AI/ML SoC"", ""edge AI"", ""semiconductor IP"", ""SDK""]","[""surveillance"", ""robotics"", ""smart cities"", ""industrial""]","Kerala-based fabless semiconductor startup founded in 2020, designing domain-specific AI/ML capable SoCs, IP and SDKs for surveillance, robotics and smart infrastructure.",complete,0.88,"[""https://www.netrasemi.com/news"", ""https://in.linkedin.com/company/netrasemi"", ""https://www.zaubacorp.com/NETRASEMI-PRIVATE-LIMITED-U31900KL2020PTC063707""]",,2026-09-30T12:30:00Z,2026-09-30T12:30:00Z,"[""WP-0035-R2""]",Electronic Components,Design: Fabless,SEMICON India,903.10;903.04;903.01
d:netwebindia.com,Netweb Technologies,netweb technologies,"[""netweb technologies"", ""netweb technologies india""]","[""NETWEB TECHNOLOGIES INDIA LIMITED"", ""Netweb Technologies India Ltd.""]",Netweb Technologies India Limited,https://www.netwebindia.com,netwebindia.com,https://www.linkedin.com/company/netweb-technologies,netweb-technologies,Faridabad,IN,APAC,"[{""city"": ""New Delhi"", ""country"": ""IN"", ""type"": ""office""}, {""city"": ""Hyderabad"", ""country"": ""IN"", ""type"": ""sales""}]",,unknown,public,,NSE:NETWEB,401,401.02,oem,"[""high performance computing"", ""servers"", ""storage"", ""AI systems"", ""private cloud""]","[""HPC"", ""AI"", ""data center"", ""enterprise IT""]","Indian high-end computing OEM listed on NSE/BSE, designing and manufacturing servers, storage and HPC/AI systems, with 500+ HPC installations and 18 offices across India.",complete,0.88,"[""https://www.netwebindia.com/about.php"", ""https://www.linkedin.com/company/netweb-technologies"", ""https://finance.yahoo.com/quote/NETWEB.NS/profile/""]",,2026-09-30T12:30:00Z,2026-09-30T12:30:00Z,"[""WP-0035-R2""]",Sub-systems,Computer; Control; Communication; Data Acquisition Systems,SEMICON India,401.02;804.03
d:newageins.in,New Age Instruments & Materials,new age instruments and materials,"[""new age instruments and materials"", ""new age insutruments and materials private""]","[""NEW AGE INSUTRUMENTS AND MATERIALS PRIVATE LIMITED"", ""NEW AGE INSTRUMENTS & MATERIALS (P) LTD""]",New Age Instruments and Materials Private Limited,https://www.newageins.in,newageins.in,https://in.linkedin.com/company/new-age-instruments-&-materials-p-ltd,new-age-instruments-&-materials-p-ltd,Gurgaon,IN,APAC,[],2003,unknown,private,,,900,900.06,distributor,"[""optics"", ""non-linear optics"", ""laser rods"", ""beam profilers"", ""spectrometers"", ""detectors"", ""high purity materials""]","[""defence"", ""atomic energy"", ""space"", ""academic research""]","Gurgaon-based trader and distributor of optics, lasers, detectors, spectrometers, high-purity materials and semiconductor processing equipment, serving defence, atomic energy, space and academic customers.",complete,0.82,"[""https://www.newageins.in/about-us.html"", ""https://in.linkedin.com/company/new-age-instruments-&-materials-p-ltd"", ""https://www.zaubacorp.com/NEW-AGE-INSTRUMENTS-AND-MATERIALS-PRIVATE-LIMITED-U51507DL2003PTC120950""]",Input name has a typo (INSUTRUMENTS). Company states it has served the laser industry since 1999; CIN incorporation date is 2003.,2026-09-30T12:30:00Z,2026-09-30T12:30:00Z,"[""WP-0035-R2""]",Support Products,Laboratory Apparatus and Supplies,SEMICON India,900.06;401.10;401.04;203.23
n:nexgen power,NexGen Power,nexgen power,"[""nexgen power""]","[""NEXGEN POWER""]",,,,,,,,,[],,unknown,unknown,,,,,other,[],[],,not_found,0.2,"[""https://www.linkedin.com/company/nexgen-power-systems"", ""https://www.crunchbase.com/organization/nexgen-power-systems""]","Could not confirm the exhibitor. Closest candidate is NexGen Power Systems (Santa Clara CA, Vertical GaN, Bengaluru centre of excellence, nexgenpowersystems.com), but Crunchbase lists that company as closed and the exhibitor name lacks the 'Systems' suffix, so the match was not asserted. Possibly a separate Indian company.",2026-09-30T12:36:00Z,2026-09-30T12:36:00Z,"[""WP-0035-R2""]",,,SEMICON India,
d:nhkspg.co.jp,NHK Spring,nhk spring,"[""nhk spring""]","[""NHK Spring Co., Ltd."", ""NHK SPRING CO., LTD.""]","NHK Spring Co., Ltd.",https://www.nhkspg.co.jp/en/,nhkspg.co.jp,https://www.linkedin.com/company/nhk-spring-co-ltd-nhk-,nhk-spring-co-ltd-nhk-,Yokohama,JP,APAC,[],1939,10001+,public,,TSE:5991,309,309.02,component_supplier,"[""semiconductor test probe units"", ""precision springs"", ""HDD suspensions"", ""ceramic products"", ""integrated metal substrates""]","[""semiconductor test"", ""data storage"", ""automotive"", ""industrial machinery""]","Japanese precision components maker listed on the Tokyo Stock Exchange, founded 1939, whose precision spring and DDS businesses supply semiconductor test probe units, HDD suspensions, ceramic parts and integrated metal substrates alongside automotive springs and seating.",complete,0.85,"[""https://www.nhkspg.co.jp/en/company/outline"", ""https://www.linkedin.com/company/nhk-spring-co-ltd-nhk-"", ""https://en.wikipedia.org/wiki/NHK_Spring_Company""]","Group record for the Japanese parent, which is the exhibitor name as printed.",2026-09-30T12:36:00Z,2026-09-30T12:36:00Z,"[""WP-0035-R2""]",Test Materials,Probe Cards; DUT boards and other probing accessories (incl Ceramic and Special Purpose Probe Cards),SEMICON India,309.02;307.10;400.11;203.28
d:taikisha-cleanrooms.com,Nicomac Taikisha Clean Rooms,nicomac taikisha clean rooms,"[""nicomac taikisha clean rooms"", ""nicomac taikisha cleanrooms pvt"", ""nicomac taikisha clean rooms private""]","[""Nicomac Taikisha Cleanrooms Pvt. Ltd"", ""NICOMAC TAIKISHA CLEAN ROOMS PRIVATE LIMITED""]",Nicomac Taikisha Clean Rooms Private Limited,https://www.taikisha-cleanrooms.com,taikisha-cleanrooms.com,,,Hyderabad,IN,APAC,[],2021,unknown,subsidiary,Taikisha Ltd.,,501,501.01,service,"[""modular cleanrooms"", ""cleanroom panels"", ""cleanroom doors and ceilings"", ""HVAC"", ""turnkey projects"", ""validation""]","[""pharmaceutical"", ""healthcare"", ""biotechnology"", ""semiconductor""]","Hyderabad-based Indian joint venture of Italy's Nicomac and Japan's Taikisha, incorporated in 2021, delivering turnkey modular cleanroom design, manufacture, installation and validation for pharma, biotech and semiconductor customers.",complete,0.8,"[""https://www.zaubacorp.com/NICOMAC-TAIKISHA-CLEAN-ROOMS-PRIVATE-LIMITED-U28999TG2021PTC148008"", ""https://www.cphi-online.com/company/nicomac-taikisha-clean-rooms-pvt-ltd/""]","Registered office/plant at IDA Bollaram, Sangareddy district, Telangana. No dedicated LinkedIn company page found.",2026-09-30T12:36:00Z,2026-09-30T12:36:00Z,"[""WP-0035-R2""]","HVAC, Temperature, Humidity, Contamination Control",Clean Rooms,SEMICON India,501.01;501.02;501.03;701.05;701.09
d:nidec.com,Nidec Advance Technology,nidec advance technology,"[""nidec advance technology""]","[""NIDEC ADVANCE TECHNOLOGY CORPORATION""]",Nidec Advance Technology Corporation,https://www.nidec.com/en/nidec-advancetechnology/,nidec.com,,,Muko,JP,APAC,[],1991,unknown,subsidiary,Nidec Corporation,,203,203.19,oem,"[""semiconductor package inspection"", ""printed circuit board inspection"", ""energization test systems"", ""optical visual inspection"", ""FPD inspection""]","[""semiconductor packaging"", ""PCB"", ""flat panel display"", ""LED"", ""solar""]","Nidec group company in Muko, Kyoto, founded 1991, developing and manufacturing energization and optical inspection systems for semiconductor packages, printed circuit boards, flat panel displays, touch panels, LEDs and solar cells.",complete,0.88,"[""https://www.nidec.com/en/nidec-advancetechnology/corporate/about/outline/"", ""https://www.nidec.com/en/nidec-advancetechnology/corporate/about/business/"", ""https://www.semi.org/en/resources/member-directory/nidec-advance-technology-corporation""]",Subsidiary of Nidec Corporation; no separate LinkedIn company page found.,2026-09-30T12:44:00Z,2026-09-30T12:44:00Z,"[""WP-0035-R2""]",Inspection & Measurement Products,Package Inspection; Lead Scanners,SEMICON India,203.19;208.17;203.05;208.08;202.09
d:nipponexpress.com,Nippon Express,nippon express,"[""nippon express"", ""nx""]","[""NIPPON EXPRESS \uff08SOUTH ASIA & OCEANIA\uff09 PTE. LTD."", ""Nippon Express (South Asia & Oceania) Pte. Ltd."", ""NX Group"", ""Nippon Express Holdings, Inc.""]","Nippon Express Holdings, Inc.",https://www.nipponexpress.com,nipponexpress.com,https://www.linkedin.com/company/nippon-express-group,nippon-express-group,Tokyo,JP,APAC,"[{""city"": ""Singapore"", ""country"": ""SG"", ""type"": ""regional_hq""}]",,10001+,public,,TSE:9147,801,801.03,service,"[""freight forwarding"", ""air and ocean forwarding"", ""heavy haulage"", ""warehousing"", ""3PL"", ""supply chain management""]","[""semiconductor"", ""electronics"", ""automotive"", ""pharmaceutical"", ""general industry""]","Japanese global logistics group (NX Group) offering air, ocean and road forwarding, heavy haulage and warehousing; its Singapore entity Nippon Express (South Asia & Oceania) Pte. Ltd. is the regional headquarters covering 13 countries and is the exhibiting entity.",complete,0.85,"[""https://www.nipponexpress.com/location/southasia-oceania/singapore/"", ""https://www.nipponexpress.com/about/corporate/"", ""https://www.nipponexpress-holdings.com/en/""]","Exhibitor is the Singapore regional-HQ subsidiary (5C Toh Guan Road East, Singapore 608828), folded into the NX Group parent record per dedupe rules. The Singapore entity was established in 1973.",2026-09-30T12:44:00Z,2026-09-30T12:44:00Z,"[""WP-0035-R2""]",Distribution and Logistics,"Distribution, Warehousing, 3rd Party Logistics Providers (3PL)",SEMICON India,801.03;801.02;801.04;801.01
d:nipponfusso.com,Nippon Fusso,nippon fusso,"[""nippon fusso"", ""nippon fusso india pvt"", ""nippon fusso india""]","[""Nippon Fusso India Pvt. Ltd."", ""Nippon Fusso Co., Ltd."", ""Nippon Fusso India""]","Nippon Fusso Co., Ltd.",https://www.nipponfusso.com,nipponfusso.com,,,Sakai,JP,APAC,"[{""city"": ""New Delhi"", ""country"": ""IN"", ""type"": ""subsidiary""}, {""city"": ""Tokyo"", ""country"": ""JP"", ""type"": ""branch""}, {""city"": ""Saitama"", ""country"": ""JP"", ""type"": ""plant""}]",1964,unknown,private,,,700,700.17,service,"[""fluoropolymer coating"", ""PTFE lining"", ""anti-corrosion coating"", ""non-stick coating"", ""surface treatment""]","[""semiconductor"", ""pharmaceutical"", ""chemical"", ""food processing"", ""precision manufacturing""]","Japanese bake-type fluoropolymer coating and lining specialist founded in 1964 in Sakai, Osaka, with affiliates in India, Thailand and Korea; Nippon Fusso India (New Delhi) supplies anti-corrosion and non-stick coatings for tanks, reactors and process equipment.",complete,0.85,"[""https://nipponfusso.com/about/outline/"", ""https://nipponfusso.in/"", ""https://www.nipponfusso.com/about/locations/""]","Exhibitor is the Indian subsidiary (nipponfusso.in, New Delhi), folded into the Japanese parent group record per dedupe rules.",2026-09-30T12:44:00Z,2026-09-30T12:44:00Z,"[""WP-0035-R2""]",Manufacturing Services,Plating; Electro Polishing; Coating; Surface Treatment,SEMICON India,700.17;301.10;400.11;701.07
d:nippon-sanso-hd.co.jp,Nippon Sanso Holdings,nippon sanso,"[""nippon sanso"", ""nippon sanso india private"", ""taiyo nippon sanso india pvt"", ""tnsi""]","[""NIPPON SANSO INDIA PRIVATE LIMITED"", ""Taiyo Nippon Sanso India Pvt. Ltd."", ""Nippon Sanso Holdings Corporation"", ""TNSI""]",Nippon Sanso Holdings Corporation,https://www.nippon-sanso-hd.co.jp/en/,nippon-sanso-hd.co.jp,https://www.linkedin.com/company/nippon-sanso-holdings-corporation/,nippon-sanso-holdings-corporation,Tokyo,JP,APAC,"[{""city"": ""Pune"", ""country"": ""IN"", ""type"": ""subsidiary""}]",,10001+,public,,TSE:4091,303,303.08,materials,"[""industrial gases"", ""electronic specialty gases"", ""helium"", ""nitrogen"", ""oxygen"", ""argon"", ""air separation units""]","[""semiconductor"", ""electronics"", ""medical"", ""steel"", ""food and beverage""]","Japanese industrial and electronic gas group, the world's fourth-largest gas supplier, operating across Japan, the US, Europe and Asia/Oceania; its wholly owned Indian arm Taiyo Nippon Sanso India supplies bulk and specialty gases and leads the Indian helium business.",complete,0.82,"[""https://in.linkedin.com/company/nippon-sanso-india"", ""https://en.wikipedia.org/wiki/Nippon_Sanso_Holdings_Corporation"", ""https://www.gasworld.com/story/taiyo-nippon-sanso-renames-indian-subsidiary-and-makes-it-direct-affiliate/2081047.article/""]","Exhibitor is the Indian subsidiary (renamed Taiyo Nippon Sanso India, Pune), folded into the Nippon Sanso Holdings group record per dedupe rules. Group founding year not confirmed from sources read.",2026-09-30T12:48:00Z,2026-09-30T12:48:00Z,"[""WP-0035-R2""]",Gases,Pure & Bulk Gases,SEMICON India,303.08;303.07;303.09;303.10;500.08
d:nisseicorp.co.jp,Nissei Corporation,nissei,"[""nissei""]","[""NISSEI CORPORATION""]",Nissei Corporation,https://www.nisseicorp.co.jp/eng/,nisseicorp.co.jp,https://www.linkedin.com/company/nissei-corporation,nissei-corporation,Tokyo,JP,APAC,"[{""city"": ""Delhi"", ""country"": ""IN"", ""type"": ""office""}, {""city"": ""Shanghai"", ""country"": ""CN"", ""type"": ""office""}, {""city"": ""Singapore"", ""country"": ""SG"", ""type"": ""office""}, {""city"": ""Bangkok"", ""country"": ""TH"", ""type"": ""office""}, {""city"": ""Ho Chi Minh City"", ""country"": ""VN"", ""type"": ""office""}, {""city"": ""Taipei"", ""country"": ""TW"", ""type"": ""office""}]",1947,201-500,subsidiary,Nissan Chemical Corporation,,301,301.06,distributor,"[""chemical products trading"", ""specialty chemicals"", ""overseas procurement""]","[""semiconductor"", ""chemicals"", ""general industry""]","Tokyo-based specialized trading company founded in 1947 with a core business in chemical products and related materials; wholly owned by Nissan Chemical Corporation, with 235 staff and offices across Asia including India.",complete,0.8,"[""https://www.nisseicorp.co.jp/eng/corp/"", ""https://www.nisseicorp.co.jp/eng/network/"", ""https://expo.semi.org/india2025/public/exhibitors.aspx""]",LinkedIn page found in results but not opened to confirm it is this Nissei; several unrelated Japanese firms share the name.,2026-09-30T12:40:00Z,2026-09-30T12:40:00Z,"[""WP-0036-R2""]",Chemicals & Solids,Other Specialty Chemicals,SEMICON India,301.06;804.14;801.03;307.02
d:nittagroup.com,Nitta Corporation,nitta,"[""nitta"", ""nitta india pvt""]","[""Nitta Corporation India Pvt Ltd""]",Nitta Corporation,https://www.nittagroup.com/en/,nittagroup.com,,,Osaka,JP,APAC,"[{""city"": ""Pune"", ""country"": ""IN"", ""type"": ""subsidiary""}, {""city"": ""Coimbatore"", ""country"": ""IN"", ""type"": ""branch""}]",1885,1001-5000,public,,,501,501.02,component_supplier,"[""industrial belts"", ""conveyor belts"", ""air filtration"", ""hose and tubing"", ""mechatronic sensors""]","[""semiconductor"", ""general industry"", ""food"", ""logistics""]","Osaka-based Nitta Corporation, founded 1885 as Japan's first power-transmission belt maker, supplies belting, conveyors, air filtration, hose/tubing and mechatronic sensors; its Pune-based Indian subsidiary exhibited.",complete,0.75,"[""https://www.nittacorporation.com/en/global-network/nitta-corporation-india-pvt-ltd.html"", ""https://nitta.co.in/about-us/"", ""https://www.nittagroup.com/en/company/history/""]","Exhibitor is the Indian subsidiary (est. 2012), folded into the parent group record. Group LinkedIn not verified.",2026-09-30T12:30:00Z,2026-09-30T12:30:00Z,"[""WP-0036-R2""]","HVAC, Temperature, Humidity, Contamination Control",Contamination Control; HEPA Filtering Systems,SEMICON India,501.02;400.23;502.01;400.19
d:nitto.com,Nitto (Nitto Denko),nitto,"[""nitto"", ""nitto denko india pvt""]","[""Nitto Denko India Pvt Ltd""]",Nitto Denko Corporation,https://www.nitto.com/,nitto.com,https://www.linkedin.com/company/nittodenko-corporation/,nittodenko-corporation,Osaka,JP,APAC,"[{""city"": null, ""country"": ""IN"", ""type"": ""sales""}]",1918,10001+,public,,,301,301.10,materials,"[""surface protective film"", ""dicing tape"", ""backgrinding tape"", ""adhesive tapes"", ""optical films""]","[""semiconductor"", ""display"", ""automotive"", ""medical""]","Osaka-headquartered materials maker founded in 1918, producing industrial and semiconductor tapes, surface protective films, optical films, circuits and membrane products across its Industrial Tape, Optronics and Human Life segments.",complete,0.85,"[""https://www.nitto.com/us/en/about_us/corporate/history/"", ""https://www.nitto.com/us/en/about_us/access/japan/head_office/"", ""https://www.linkedin.com/company/nittodenko-corporation/""]",Exhibitor is the Indian subsidiary; folded into the parent group record. India office city not confirmed.,2026-09-30T12:32:00Z,2026-09-30T12:32:00Z,"[""WP-0036-R2""]",Chemicals & Solids,Surface protection material; coatings,SEMICON India,301.10;300.01;300.17;900.03
d:nitto-kohki.co.jp,Nitto Kohki,nitto kohki,"[""nitto kohki"", ""nitto kohki india pvt""]","[""NITTO KOHKI India Pvt Ltd""]","NITTO KOHKI CO., LTD.",https://www.nitto-kohki.co.jp/e/,nitto-kohki.co.jp,,,Tokyo,JP,APAC,"[{""city"": null, ""country"": ""IN"", ""type"": ""sales""}]",1956,unknown,public,,,400,400.19,component_supplier,"[""CUPLA quick connect couplings"", ""vacuum pumps"", ""compressors"", ""delvo electric screwdrivers"", ""power tools""]","[""semiconductor"", ""automotive"", ""medical"", ""data centers""]","Tokyo-based manufacturer founded in 1956 of CUPLA quick-connect couplings, pumps and compressors, electric screwdrivers and power tools, used in semiconductor and general manufacturing plants.",complete,0.75,"[""https://www.nitto-kohki.co.jp/e/prd/cupla/"", ""https://www.nitto-kohki.eu/en/about-us/nitto-kohki-group.html"", ""http://www.nitto-kohki.eu/en/contact-en/nitto-offices/headquarters-in-japan.html""]",Exhibitor is the Indian subsidiary; folded into the parent record. LinkedIn and headcount not verified.,2026-09-30T12:32:00Z,2026-09-30T12:32:00Z,"[""WP-0036-R2""]","Components, Parts & Accessories",Pipe; Tubing; Hose; Flanges; Connectors; Couplings; Plumbing Fittings,SEMICON India,400.19;401.16;401.15;900.08
d:nmtronics.com,NMTronics,nmtronics,"[""nmtronics"", ""nmtronics india pvt"", ""nmtronics pvt"", ""nmtronics india private""]","[""NMTronics India Pvt. Limited"", ""NMTronics (India) Pvt Ltd"", ""Nmtronics India Private Limited""]",Nmtronics India Private Limited,https://www.nmtronics.com/,nmtronics.com,https://in.linkedin.com/company/nmtronics,nmtronics,Noida,IN,APAC,"[{""city"": ""Bengaluru"", ""country"": ""IN"", ""type"": ""office""}]",1999,unknown,subsidiary,Sojitz Corporation,,200,200.11,distributor,"[""SMT pick-and-place"", ""Fuji placement machines"", ""electronics assembly lines"", ""solar energy systems"", ""semiconductor assembly""]","[""electronics manufacturing"", ""semiconductor assembly"", ""solar"", ""EV""]","Noida-based supplier of SMT, automation, solar and semiconductor assembly equipment to Indian electronics manufacturers; founded 1999, exclusive Fuji distributor and a wholly owned subsidiary of Japan's Sojitz Corporation.",complete,0.85,"[""https://in.linkedin.com/company/nmtronics"", ""https://www.careratings.com/upload/CompanyFiles/PR/202512121216_Nmtronics_India_Private_Limited.pdf"", ""https://www.indiamart.com/nmtronics-india-limited/aboutus.html""]",Headcount not confirmed from a primary source.,2026-09-30T12:36:00Z,2026-09-30T12:36:00Z,"[""WP-0036-R2""]",Packaging and Assembly Equipment,Die Sorter; Pick & Place; Flip Chip Placement Systems,SEMICON India,200.11;200.24;804.14;206.03
d:nswautomation.com,NSW Automation,nsw automation,"[""nsw automation""]","[""NSW Automation Sdn Bhd""]",NSW Automation Sdn. Bhd.,https://nswautomation.com/,nswautomation.com,https://www.linkedin.com/company/nswautomation/,nswautomation,"Simpang Ampat, Penang",MY,APAC,"[{""city"": null, ""country"": ""US"", ""type"": ""rnd""}, {""city"": null, ""country"": ""TH"", ""type"": ""subsidiary""}]",2004,51-200,private,,,200,200.12,oem,"[""micro-volume liquid dispensing"", ""precision fluid dispensing systems"", ""dispensing valves"", ""automation""]","[""semiconductor"", ""microelectronics"", ""SMD LED"", ""automotive"", ""medical""]","Penang-based maker of high-precision micro-volume liquid dispensing systems for microelectronics and semiconductor assembly; founded 2004, with sales and service partners across Asia, Europe and the USA.",complete,0.85,"[""https://nswautomation.com/NSW/about-us-nsw-dispensing-systems/"", ""https://www.linkedin.com/company/nswautomation/"", ""https://investpenang.gov.my/nsw-automation-sdn-bhd/""]",US R&D centre and a Thailand entity reported; exact cities not confirmed.,2026-09-30T12:36:00Z,2026-09-30T12:36:00Z,"[""WP-0036-R2""]",Packaging and Assembly Equipment,Dispensing Systems,SEMICON India | SEMICON West,200.12;200.09;701.02
n:numelo technologies,Numelo Technologies,numelo technologies,"[""numelo technologies"", ""numelo technologies private""]","[""Numelo Technologies"", ""NUMELO TECHNOLOGIES PRIVATE LIMITED""]",Numelo Technologies Private Limited,,,,,Mumbai,IN,APAC,[],2021,1-10,private,,,903,903.10,component_supplier,"[""neuromorphic chips"", ""spiking neural networks"", ""SOI-CMOS"", ""quantum tunnelling devices"", ""edge AI memory""]","[""edge AI"", ""low-power electronics"", ""semiconductor memory""]","Mumbai deep-tech startup commercialising IIT Bombay research on neuromorphic and spiking-neural-network chips built on SOI-CMOS, plus memory technology targeted at Indian fabs such as SCL Chandigarh; about 5 staff.",partial,0.6,"[""https://tracxn.com/d/companies/numelotechnologies/__5VQu_ihAVwb813l6dHGjUdt8IGmUfHlnxZwXRfWP9UM"", ""https://inc42.com/company/numelo-technologies/"", ""https://www.zaubacorp.com/company/NUMELO-TECHNOLOGIES-PRIVATE-LIMITED/U31100MH2021PTC371149""]",No official website or LinkedIn URL confirmed in results. Incorporation year from CIN U31100MH2021PTC371149 is 2021; some profiles say founded 2022.,2026-09-30T12:44:00Z,2026-09-30T12:44:00Z,"[""WP-0036-R2""]",Electronic Components,Design: Fabless,SEMICON India,903.10;903.01;903.04;701.13
n:nyxses india,NYXSES India,nyxses india,"[""nyxses india"", ""nyxses india private""]","[""NYXSES INDIA PRIVATE LIMITED""]",NYXSES India Private Limited,,,,,Bengaluru,IN,APAC,[],2016,11-50,private,,,701,701.04,service,"[""VLSI design services"", ""FPGA prototyping"", ""pre and post silicon validation"", ""embedded firmware"", ""IoT""]","[""semiconductor design"", ""IoT"", ""enterprise IT""]","Bengaluru engineering-services firm incorporated in 2016, offering VLSI and embedded design, FPGA prototyping, pre- and post-silicon validation, firmware and cloud/AI application development, with roots in IT networking and IoT products.",partial,0.6,"[""https://www.zaubacorp.com/company/NYXSES-INDIA-PRIVATE-LIMITED/U74999KA2016PTC096796"", ""https://inc42.com/company/nyxses-india-private-limited/"", ""https://www.crunchbase.com/organization/nyxses-india-private-limited""]",No official corporate website or LinkedIn URL confirmed in results; profile data from registry and startup databases only.,2026-09-30T12:44:00Z,2026-09-30T12:44:00Z,"[""WP-0036-R2""]",Manufacturing Services or Consulting,Circuit Design; Electronic Design Services (EDS); System Level Design (SLD),SEMICON India,701.04;701.16;701.17;903.09
d:ocac.in,Odisha Computer Application Centre,odisha computer application centre,"[""odisha computer application centre"", ""orissa computer application centre"", ""ocac""]","[""ORISSA COMPUTER APPLICATION CENTRE"", ""Odisha Computer Application Centre"", ""OCAC""]",Odisha Computer Application Centre,https://www.ocac.in,ocac.in,https://www.linkedin.com/company/orissa-computer-application-centre,orissa-computer-application-centre,Bhubaneswar,IN,APAC,[],1985,unknown,government,"Electronics & IT Department, Government of Odisha",,804,804.01,other,"[""e-governance"", ""IT project implementation"", ""state IT policy"", ""data centre services""]","[""government"", ""public sector IT""]","Technical directorate of the Electronics & IT Department of the Government of Odisha, registered in 1985, implementing state e-governance and IT infrastructure projects from Bhubaneswar.",complete,0.85,"[""https://www.ocac.in/en/rti"", ""https://en.wikipedia.org/wiki/Odisha_Computer_Application_Centre"", ""https://in.linkedin.com/company/orissa-computer-application-centre""]",Exhibits as the state's nodal IT agency promoting Odisha's semiconductor/ESDM investment policy.,2026-09-30T12:42:00Z,2026-09-30T12:42:00Z,"[""WP-0037-R2""]",Professional Services,Government Advocacy; Regulation; Economic Development Agencies,SEMICON India,804.01;804.03;802.01;701.17
d:ohara-inc.co.jp,Ohara,ohara,"[""ohara"", ""ohara optical""]","[""Ohara Optical (M) Sdn Bhd"", ""OHARA OPTICAL (M) SDN. BHD.""]",Ohara Inc.,https://www.ohara-inc.co.jp/en/,ohara-inc.co.jp,,,Sagamihara,JP,APAC,"[{""city"": ""Merlimau, Melaka"", ""country"": ""MY"", ""type"": ""manufacturing""}]",1935,501-1000,public,,,401,401.10,materials,"[""optical glass"", ""lens blanks"", ""low-expansion glass ceramics"", ""precision glass""]","[""semiconductor lithography"", ""optics"", ""imaging"", ""astronomy""]","Ohara Inc., founded 1935 and headquartered in Sagamihara, Japan, manufactures optical glass and low-expansion glass materials; its Malaysian subsidiary Ohara Optical (M) Sdn Bhd in Merlimau, Melaka makes optical lens blanks.",complete,0.75,"[""https://oharacorp.com/about-us/ohara-group/"", ""https://www.ohara-inc.co.jp/en/company/history/"", ""https://en.wikipedia.org/wiki/Ohara_Corporation""]","Exhibitor is the Malaysian subsidiary (incorporated 1990, listed as established 1991 by the group), folded into the parent record. Headcount and ticker not verified.",2026-09-30T12:44:00Z,2026-09-30T12:44:00Z,"[""WP-0036-R2""]",Sub-systems,Optics; Lens Products; Auto-Focus Systems,SEMICON India,401.10;304.02;307.10;400.25
d:okamoto.co.jp,Okamoto,okamoto,"[""okamoto"", ""okamoto india private"", ""okamoto machine tool works""]","[""OKAMOTO INDIA PRIVATE LIMITED"", ""Okamoto Machine Tool Works, Ltd.""]","Okamoto Machine Tool Works, Ltd.",https://www.okamoto.co.jp,okamoto.co.jp,,,Annaka,JP,APAC,"[{""city"": null, ""country"": ""IN"", ""type"": ""sales""}]",1926,1001-5000,public,,TSE:6125,207,207.02,oem,"[""surface grinding machines"", ""wafer back grinder"", ""wafer polisher"", ""lapping"", ""CMP""]","[""logic"", ""memory"", ""MEMS"", ""compound semiconductor""]","Japanese machine tool maker producing surface and cylindrical grinders plus semiconductor wafer back-grinding, polishing and lapping equipment. Okamoto India Private Limited is its Indian sales arm.",complete,0.85,"[""https://www.okamoto.co.jp/en/company/"", ""https://okamotoindia.com/company/"", ""https://www.okamotocorp.com/semiconductor-grinders-and-polishers/""]",Folded into Japanese parent Okamoto Machine Tool Works; the LinkedIn page found belongs to the US entity Okamoto Corporation.,2026-09-30T12:28:00Z,2026-09-30T12:28:00Z,"[""WP-0037-R2""]",Process Equipment,"Chemical Mechanical Polishing (CMP); Electro Polishing, Mechanical Polishing Equipment",SEMICON India,207.02;200.01;207.05
d:okins.co.kr,OKins Electronics,okins electronics,"[""okins electronics""]","[""Okins Electronics Co., Ltd"", ""OKins Electronics Co., Ltd.""]","OKins Electronics Co., Ltd.",https://www.okins.co.kr,okins.co.kr,https://www.linkedin.com/company/okins-electronics-co-ltd,okins-electronics-co-ltd,Uiwang-si,KR,APAC,[],1998,201-500,public,,KOSDAQ:080580,309,309.04,component_supplier,"[""test socket"", ""burn-in socket"", ""spring probe pin"", ""memory module test socket"", ""SSD module socket""]","[""memory"", ""logic"", ""SSD""]","Korean maker of IC test and burn-in sockets, spring probe pins and memory/SSD module test sockets, supplying Samsung and SK Hynix among others.",complete,0.85,"[""https://www.semi.org/en/resources/member-directory/okins-electronics"", ""https://stockanalysis.com/quote/kosdaq/080580/company/"", ""https://www.linkedin.com/company/okins-electronics-co-ltd""]",Registered headcount reported as 169; LinkedIn bucket 201-500 used.,2026-09-30T12:30:00Z,2026-09-30T12:30:00Z,"[""WP-0037-R2""]",Test Materials,Test Sockets; Contactors and Contact accessories,SEMICON India,309.04;309.02;208.01;208.02
d:omlogistics.co.in,Om Logistics,om logistics,"[""om logistics"", ""om logistics supply chain private india"", ""om logistics supply chain pvt""]","[""Om Logistics Supply Chain Private Limited India"", ""Om Logistics Supply Chain Pvt. Ltd."", ""Om Logistics Limited""]",Om Logistics Supply Chain Pvt. Ltd.,https://omlogistics.co.in,omlogistics.co.in,https://www.linkedin.com/company/om-logsitcs-limited/,om-logsitcs-limited,New Delhi,IN,APAC,[],1991,5001-10000,private,,,801,801.03,service,"[""3PL"", ""warehousing"", ""air cargo"", ""freight forwarding"", ""supply chain management""]","[""automotive"", ""electronics"", ""general industry""]","Indian third-party logistics and supply chain company founded in 1991, providing warehousing, road, rail, air and sea cargo, and import/export services nationwide.",complete,0.82,"[""https://omlogistics.co.in/3pl"", ""https://omlogisticssupplychain.com/"", ""https://www.linkedin.com/company/om-logsitcs-limited/""]",,2026-09-30T12:30:00Z,2026-09-30T12:30:00Z,"[""WP-0037-R2""]",Distribution and Logistics,"Distribution, Warehousing, 3rd Party Logistics Providers (3PL)",SEMICON India,801.03;801.04;801.02;801.01
d:onesystemstech.com.sg,OneSystems Technologies,onesystems technologies,"[""onesystems technologies""]","[""OneSystems Technologies Pte. Ltd."", ""ONESYSTEMS TECHNOLOGIES PTE. LTD.""]",ONESYSTEMS TECHNOLOGIES PTE. LTD.,https://www.onesystemstech.com.sg,onesystemstech.com.sg,https://www.linkedin.com/company/onesystemstech,onesystemstech,Singapore,SG,APAC,[],2005,unknown,private,,,500,500.05,service,"[""PSIM"", ""access control"", ""video surveillance"", ""intrusion detection"", ""OT/IT systems integration""]","[""semiconductor"", ""pharmaceutical"", ""data centre""]","Singapore security and communication systems integrator founded in 2005, delivering turnkey PSIM, access control and surveillance projects for semiconductor, pharmaceutical and data centre customers.",complete,0.82,"[""https://www.onesystemstech.com.sg/"", ""https://www.sgpbusiness.com/company/Onesystems-Technologies-Pte-Ltd"", ""https://sg.linkedin.com/company/onesystemstech""]",Incorporated 30 March 2005 (UEN 200504143Z).,2026-09-30T12:38:00Z,2026-09-30T12:38:00Z,"[""WP-0037-R2""]",Factory Monitoring & Control Systems (FMCS),Emergency (fire) & Security Control Systems,SEMICON India,500.05;500.03;804.16;701.10
d:ontoinnovation.com,Onto Innovation,onto innovation,"[""onto innovation""]","[""Onto Innovation"", ""Onto Innovation Inc.""]",Onto Innovation Inc.,https://ontoinnovation.com,ontoinnovation.com,https://www.linkedin.com/company/onto-innovation,onto-innovation,Wilmington,US,Americas,[],2019,1001-5000,public,,NYSE:ONTO,203,203.05,oem,"[""macro defect inspection"", ""3D metrology"", ""unpatterned wafer quality"", ""advanced packaging lithography"", ""yield analytics software""]","[""logic"", ""memory"", ""advanced packaging"", ""compound semiconductor""]","US process control supplier formed in 2019 from the Rudolph Technologies and Nanometrics merger, making wafer and package inspection, 3D metrology, factory analytics software and advanced-packaging lithography systems.",complete,0.9,"[""https://ontoinnovation.com/about-us/"", ""https://en.wikipedia.org/wiki/Onto_Innovation"", ""https://www.linkedin.com/company/onto-innovation""]",,2026-09-30T12:38:00Z,2026-09-30T12:38:00Z,"[""WP-0037-R2""]",Inspection & Measurement Products,"Defect; Particle; Bump; Contamination Detection, Review or Inspection",SEMICON Europa | SEMICON India,203.05;203.26;203.09;203.13;602.06;200.16
d:onyxprecision.com,Onyx Robotic and Automation,onyx robotic and automation,"[""onyx robotic and automation"", ""onyx robotic and automation pvt"", ""onyx robotic and automation private"", ""onyx precision""]","[""Onyx Robotic and Automation Pvt Ltd"", ""ONYX ROBOTIC AND AUTOMATION PRIVATE LIMITED"", ""Onyx Precision""]",ONYX ROBOTIC AND AUTOMATION PRIVATE LIMITED,https://onyxprecision.com,onyxprecision.com,,,Pune,IN,APAC,"[{""city"": ""Saswad"", ""country"": ""IN"", ""type"": ""manufacturing""}, {""city"": ""Jejuri"", ""country"": ""IN"", ""type"": ""manufacturing""}]",2023,unknown,private,,,502,502.02,oem,"[""inspection automation"", ""test and measurement equipment"", ""robotics"", ""contract manufacturing""]","[""3C electronics"", ""general manufacturing""]","Pune-based automation firm incorporated in 2023 building inspection automation and test-and-measurement systems and offering contract manufacturing, with facilities at Saswad and Jejuri.",complete,0.75,"[""https://onyxprecision.com/about/"", ""https://www.instafinancials.com/company/onyx-robotic-and-automation-private-limited-U26109PN2023PTC224706"", ""https://tracxn.com/d/companies/onyx-robotic-and-automation/__fMJyqBHSMNtoeow__N_TCJuhqSsdR12DfYPcjgmoSvs""]",CIN U26109PN2023PTC224706. No LinkedIn company page confirmed.,2026-09-30T12:40:00Z,2026-09-30T12:40:00Z,"[""WP-0037-R2""]",Material Handling Systems,Robotics; Transfer Systems,SEMICON India,502.02;701.02;202.09;701.07
d:orientalmotor.com,Oriental Motor,oriental motor,"[""oriental motor"", ""oriental motor private india"", ""oriental motor private""]","[""Oriental Motor (India) Private Limited India"", ""ORIENTAL MOTOR (INDIA) PRIVATE LIMITED"", ""ORIENTAL MOTOR CO., LTD.""]","ORIENTAL MOTOR CO., LTD.",https://www.orientalmotor.com,orientalmotor.com,,,Tokyo,JP,APAC,"[{""city"": ""Bengaluru"", ""country"": ""IN"", ""type"": ""sales""}]",1885,unknown,unknown,,,400,400.17,component_supplier,"[""stepper motors"", ""servo motors"", ""brushless DC motors"", ""motorized actuators"", ""cooling fans""]","[""factory automation"", ""semiconductor equipment"", ""medical"", ""packaging""]","Japanese maker of small precision motors, stepping and servo motors, linear/rotary actuators, controllers and cooling fans. Oriental Motor (India) Private Limited, incorporated 2011, is its Bengaluru sales subsidiary.",complete,0.82,"[""http://www.orientalmotor.com/company/about_us.htm"", ""https://www.zaubacorp.com/ORIENTAL-MOTOR-INDIA-PRIVATE-LIMITED-U29253KA2011FTC061426"", ""https://www.indiamart.com/oriental-motor-india/about-the-company.html""]","Folded into Japanese parent Oriental Motor Co., Ltd. (Taito-ku, Tokyo). Listing status not confirmed.",2026-09-30T12:42:00Z,2026-09-30T12:42:00Z,"[""WP-0037-R2""]","Components, Parts & Accessories",Motors; Fans; Electric Rotary Spindles,SEMICON India,400.17;401.09;401.07;502.02
d:oxinst.com,Oxford Instruments,oxford instruments,"[""oxford instruments"", ""oxford instruments india pvt""]","[""Oxford Instruments INDIA Pvt. Ltd."", ""Oxford Instruments plc""]",Oxford Instruments plc,https://www.oxinst.com,oxinst.com,https://www.linkedin.com/company/oxford-instruments,oxford-instruments,Abingdon,GB,EMEA,"[{""city"": ""Bristol"", ""country"": ""GB"", ""type"": ""manufacturing""}, {""city"": ""High Wycombe"", ""country"": ""GB"", ""type"": ""manufacturing""}, {""city"": null, ""country"": ""IN"", ""type"": ""sales""}]",1959,1001-5000,public,,LSE:OXIG,207,207.10,oem,"[""ICP etch"", ""ICPCVD"", ""ALD"", ""PECVD"", ""EDS nanoanalysis""]","[""compound semiconductor"", ""MEMS"", ""photonics"", ""power"", ""research""]","UK public company supplying plasma etch and deposition systems (Plasma Technology, Bristol) and SEM/TEM/FIB nanoanalysis tools (NanoAnalysis, High Wycombe). Oxford Instruments India Pvt. Ltd. is its Indian arm.",complete,0.85,"[""https://www.oxinst.com/about-us/business-overview"", ""https://plasma.oxinst.com/"", ""https://nano.oxinst.com/""]",Folded into UK parent Oxford Instruments plc.,2026-09-30T12:44:00Z,2026-09-30T12:44:00Z,"[""WP-0037-R2""]",Process Equipment,Etching; Stripping; Ashing - Dry and Wet Equipment,SEMICON India,207.10;207.06;207.07;203.17;203.23
d:padmini.co.in,Padmini Innovative Marketing Solutions,padmini innovative marketing solutions,"[""padmini innovative marketing solutions"", ""padmini innovative marketing solutions pvt""]","[""PADMINI INNOVATIVE MARKETING SOLUTIONS PVT.LTD""]",Padmini Innovative Marketing Solutions Private Limited,https://www.padmini.co.in,padmini.co.in,,,Mumbai,IN,APAC,[],2013,unknown,private,,,400,400.21,distributor,"[""engineering polymers"", ""fibers"", ""films"", ""coatings"", ""yarns""]","[""automotive"", ""industrial"", ""consumer electronics"", ""defense""]","Mumbai-based distributor of engineering and super-engineering polymers, fibers, yarns, films and coatings, with technical consultation alongside supplier materials.",complete,0.65,"[""https://www.padmini.co.in/"", ""https://www.padmini.co.in/about-the-company.html"", ""https://www.tofler.in/padmini-innovative-marketing-solutions-private-limited/company/U74120MH2013PTC239249""]",No LinkedIn company page found. Polymer distributor rather than a semiconductor-specific supplier.,2026-09-30T12:31:00Z,2026-09-30T12:31:00Z,"[""WP-0038-R2""]","Components, Parts & Accessories",Raw Material & Custom components; Plastic,SEMICON India,400.21;804.14
d:panam.in,Panam Engineers,panam engineers,"[""panam engineers""]","[""Panam Engineers Limited"", ""PANAM ENGINEERS LTD.""]",Panam Engineers Limited,https://panam.in,panam.in,https://www.linkedin.com/company/panam-engineers-ltd,panam-engineers-ltd,Mumbai,IN,APAC,"[{""city"": ""Navi Mumbai"", ""country"": ""IN"", ""type"": ""manufacturing""}, {""city"": ""Prantij"", ""country"": ""IN"", ""type"": ""manufacturing""}]",1998,51-200,private,,,400,400.10,component_supplier,"[""instrumentation fittings"", ""precision tube fittings"", ""instrumentation valves"", ""stainless steel"", ""monel""]","[""oil and gas"", ""industrial"", ""semiconductor""]","Indian manufacturer of precision instrumentation tube fittings and valves in brass, stainless steel and monel, exporting to over 50 countries from plants in Navi Mumbai and Prantij.",complete,0.85,"[""https://panam.in/contact-us/"", ""https://www.linkedin.com/company/panam-engineers-ltd"", ""https://www.tofler.in/panam-engineers-limited/company/U29120MH2004PLC147195""]",Registered as an unlisted public limited company (CIN U29120MH2004PLC147195); LinkedIn cites a 1998 founding legacy.,2026-09-30T12:31:00Z,2026-09-30T12:31:00Z,"[""WP-0038-R2""]","Components, Parts & Accessories",Flow Control Components - Valves; Meters; Gauges; Regulators; MFC's,SEMICON India,400.10;400.19;400.11
d:parksystems.com,Park Systems,park systems,"[""park systems"", ""park systems india pvt"", ""psia""]","[""Park Systems India Pvt Ltd"", ""Park Systems Corp."", ""PSIA""]",Park Systems Corp.,https://www.parksystems.com,parksystems.com,https://www.linkedin.com/company/park-systems-afm,park-systems-afm,Suwon,KR,APAC,"[{""city"": ""Gwacheon-si"", ""country"": ""KR"", ""type"": ""office""}, {""city"": ""Santa Clara"", ""country"": ""US"", ""type"": ""sales""}, {""city"": ""Tokyo"", ""country"": ""JP"", ""type"": ""sales""}, {""city"": ""Singapore"", ""country"": ""SG"", ""type"": ""sales""}, {""city"": ""Hsinchu"", ""country"": ""TW"", ""type"": ""sales""}]",1997,201-500,public,,,203,203.14,oem,"[""atomic force microscopy"", ""AFM"", ""nanoscale metrology"", ""white light interferometry"", ""surface roughness""]","[""semiconductor"", ""data storage"", ""materials science"", ""life sciences"", ""academia""]","South Korean manufacturer of atomic force microscopes and nanoscale metrology systems, founded 1997 as PSIA and KOSDAQ-listed since 2015, with around 16 global offices.",complete,0.85,"[""https://www.parksystems.com/"", ""https://www.linkedin.com/company/park-systems-afm"", ""https://en.wikipedia.org/wiki/Park_Systems""]","Exhibitor is the Indian sales subsidiary; folded into the Korean parent record. Wikipedia lists HQ as Suwon while LinkedIn lists a Gwacheon-si address. KOSDAQ ticker not verified, so left null.",2026-09-30T12:41:00Z,2026-09-30T12:41:00Z,"[""WP-0038-R2""]",Inspection & Measurement Products,Microscopes: Atomic Force Microscopes (AFM),SEMICON India,203.14;203.09;203.26;203.05;205.01
d:parker.com,Parker Hannifin,parker hannifin,"[""parker hannifin"", ""parker hannifin india pvt"", ""parker hannifin india private"", ""parker""]","[""Parker Hannifin India Pvt Ltd"", ""Parker Hannifin India Private Limited"", ""Parker""]",Parker-Hannifin Corporation,https://www.parker.com,parker.com,,,Cleveland,US,Americas,"[{""city"": ""Navi Mumbai"", ""country"": ""IN"", ""type"": ""subsidiary""}, {""city"": ""New Delhi"", ""country"": ""IN"", ""type"": ""sales""}]",1917,10001+,public,,NYSE:PH,400,400.10,component_supplier,"[""motion and control"", ""filtration"", ""hydraulics"", ""pneumatics"", ""seals"", ""fluid connectors""]","[""industrial"", ""aerospace"", ""semiconductor"", ""oil and gas"", ""life sciences""]","Global manufacturer of motion and control technologies - hydraulics, pneumatics, filtration, sealing and fluid connectors - serving semiconductor fabs among many industrial markets.",complete,0.8,"[""https://www.parker.com/in/en/home.html"", ""https://www.tofler.in/parker-hannifin-india-private-limited/company/U29119MH1989PTC050377"", ""https://in.linkedin.com/company/parker-hannifin-indai-private-limited""]","Exhibitor is Parker Hannifin India Private Limited (CIN U29119MH1989PTC050377), Navi Mumbai; folded into the US parent record. Only the India LinkedIn page was seen (in.linkedin.com/company/parker-hannifin-indai-private-limited), so the group page URL is left null. Parent founding year, ticker and employee band come from general knowledge, not a source read in this run.",2026-09-30T12:41:00Z,2026-09-30T12:41:00Z,"[""WP-0038-R2""]","Components, Parts & Accessories",Flow Control Components - Valves; Meters; Gauges; Regulators; MFC's,SEMICON India,400.10;400.11;400.08;400.09;401.12;401.08
d:pemtron.com,PEMTRON,pemtron,"[""pemtron""]","[""PEMTRON Corporation""]",PEMTRON Corporation,https://www.pemtron.com,pemtron.com,https://www.linkedin.com/company/pemtron,pemtron,Seoul,KR,APAC,[],2002,51-200,public,,KOSDAQ:168360,203,203.05,oem,"[""3D SPI"", ""3D AOI"", ""wafer bump inspection"", ""wire bonding inspection"", ""X-ray inspection""]","[""semiconductor"", ""SMT electronics"", ""mobile"", ""display""]","Korean maker of 3D solder paste inspection, 3D automated optical inspection, wafer bump and wire bonding inspection and X-ray systems for semiconductor and electronics assembly.",complete,0.85,"[""https://www.linkedin.com/company/pemtron"", ""https://www.semi.org/en/resources/member-directory/pemtron-corporation"", ""https://ca.finance.yahoo.com/quote/168360.KQ/profile/""]",Listed on KOSDAQ as 168360.,2026-09-30T12:41:00Z,2026-09-30T12:41:00Z,"[""WP-0038-R2""]",Inspection & Measurement Products,"Defect; Particle; Bump; Contamination Detection, Review or Inspection",SEMICON India | SEMICON West,203.05;203.19;203.28;203.29;202.09
d:pfeiffer-vacuum.com,Pfeiffer Vacuum+Fab Solutions,pfeiffer vacuum fab solutions,"[""pfeiffer vacuum fab solutions"", ""pfeiffer vacuum private"", ""pfeiffer vacuum""]","[""Pfeiffer Vacuum (India) Private Limited"", ""Pfeiffer Vacuum GmbH"", ""Pfeiffer Vacuum""]",Pfeiffer Vacuum GmbH,https://www.pfeiffer-vacuum.com,pfeiffer-vacuum.com,https://www.linkedin.com/company/pfeiffer-vacuum,pfeiffer-vacuum,Asslar,DE,EMEA,"[{""city"": ""Gurugram"", ""country"": ""IN"", ""type"": ""sales""}]",1890,5001-10000,subsidiary,Busch Group,,401,401.16,component_supplier,"[""turbopumps"", ""vacuum pumps"", ""leak detection"", ""vacuum gauges"", ""abatement""]","[""semiconductor"", ""analytics"", ""coating"", ""research"", ""industrial""]","German vacuum technology maker of turbopumps, backing pumps, measurement and leak detection equipment, operating in 47 countries as the Pfeiffer Vacuum+Fab Solutions brand of the Busch Group.",complete,0.8,"[""https://www.pfeiffer-vacuum.com/global/en/"", ""https://www.linkedin.com/company/pfeiffer-vacuum"", ""https://www.buschvacuum.com/global/en/news-media/pfeiffer-vacuum-becomes-pfeiffer-vacuum-fab-solutions.html""]","Indian presence runs through Busch Vacuum India Pvt Ltd at IMT Manesar, Gurugram. No ticker after the Busch takeover. The 1890 founding year comes from general knowledge, not a source read in this run.",2026-09-30T12:41:00Z,2026-09-30T12:41:00Z,"[""WP-0038-R2""]",Sub-systems,"Pumps, Vacuum",SEMICON India,401.16;400.24;203.12;500.13;202.06
d:pico-tech.sg,Picotech Solutions,picotech solutions,"[""picotech solutions"", ""pts""]","[""Picotech Solutions Pte Ltd"", ""PICOTECH SOLUTIONS PTE. LTD."", ""PTS""]",Picotech Solutions Pte. Ltd.,https://pico-tech.sg,pico-tech.sg,https://www.linkedin.com/company/picotech-solutions-pte-ltd,picotech-solutions-pte-ltd,Singapore,SG,APAC,[],2017,unknown,private,,,701,701.08,service,"[""process systems"", ""M&E systems"", ""utility distribution"", ""turnkey engineering"", ""installation and maintenance""]","[""semiconductor"", ""oil and gas"", ""pharmaceutical"", ""research labs"", ""food and beverage""]","Singapore engineering firm designing and installing process and M&E systems and utility distribution for semiconductor, pharmaceutical and industrial clients; expanded into Southeast Asia and India in 2024.",complete,0.8,"[""https://pico-tech.sg/about-us/"", ""https://sg.linkedin.com/company/picotech-solutions-pte-ltd"", ""https://www.sgpbusiness.com/company/Picotech-Solutions-Pte-Ltd""]","Singapore UEN 201715225W, exempt private company limited by shares. Employee band not published.",2026-09-30T12:41:00Z,2026-09-30T12:41:00Z,"[""WP-0038-R2""]",Manufacturing Services or Consulting,Facilities; Building Environmental Systems Design & Monitoring; Alternative Energy Solutions,SEMICON India,701.08;500.01;701.09;701.07
d:pillar.co.jp,PILLAR Corporation,pillar,"[""pillar"", ""nippon pillar packing"", ""nippon pillar""]","[""PILLAR Corporation"", ""Nippon Pillar Packing Co., Ltd."", ""Nippon Pillar""]",PILLAR Corporation,https://www.pillar.co.jp,pillar.co.jp,,,Osaka,JP,APAC,[],1924,unknown,public,,TSE:6490,400,400.19,component_supplier,"[""PFA fittings"", ""fluoropolymer tubing"", ""bellows pumps"", ""mechanical seals"", ""heat exchangers"", ""gland packing""]","[""semiconductor"", ""LCD display"", ""medical"", ""industrial""]","Osaka fluid-control maker of PFA fittings, fluoropolymer bellows pumps and heat exchangers for semiconductor and LCD chemical circulation, plus industrial mechanical seals and gaskets; renamed from Nippon Pillar Packing in June 2024.",complete,0.8,"[""https://www.pillar.co.jp/en/about/history/"", ""https://www.semi.org/en/resources/member-directory/pillar-corporation"", ""https://finance.yahoo.com/quote/6490.T/""]","Formerly Nippon Pillar Packing Co., Ltd. The US arm is Nippon Pillar Corporation of America; only that subsidiary has a LinkedIn page, so the group URL is null. No employee band verified.",2026-09-30T12:48:00Z,2026-09-30T12:48:00Z,"[""WP-0038-R2""]","Components, Parts & Accessories",Pipe; Tubing; Hose; Flanges; Connectors; Couplings; Plumbing Fittings,SEMICON India | SEMICON West,400.19;401.15;400.11;401.17;500.01
d:plugandplaytechcenter.com,Plug and Play Japan,plug and play japan,"[""plug and play japan"", ""plug and play kyoto kyoto city"", ""plug and play kyoto""]","[""Plug and Play Kyoto / Kyoto City"", ""Plug and Play Kyoto"", ""Plug and Play Japan KK""]",Plug and Play Japan K.K.,https://japan.plugandplaytechcenter.com,plugandplaytechcenter.com,https://www.linkedin.com/company/plugandplayjapan,plugandplayjapan,Tokyo,JP,APAC,"[{""city"": ""Kyoto"", ""country"": ""JP"", ""type"": ""office""}, {""city"": ""Osaka"", ""country"": ""JP"", ""type"": ""office""}]",2017,51-200,subsidiary,Plug and Play Tech Center,,803,803.05,other,"[""startup accelerator"", ""corporate open innovation"", ""hardtech program"", ""venture investment""]","[""startups"", ""hardtech"", ""healthcare"", ""semiconductor"", ""smart cities""]","Japanese arm of Silicon Valley accelerator Plug and Play, opened in Tokyo in 2017; its Kyoto base, launched 2019 with Kyoto City and Kyoto Prefecture support, runs hardtech and health accelerator batches.",complete,0.7,"[""https://www.linkedin.com/company/plugandplayjapan/"", ""https://www.prnewswire.com/news-releases/plug-and-play-japan-to-open-its-new-base-plug-and-play-kyoto-300867151.html"", ""https://www.jetro.go.jp/en/invest/investment_environment/success_stories/plugandplay.html""]","Exhibitor is a joint Plug and Play Kyoto / Kyoto City booth, recorded against Plug and Play Japan. Kyoto City is a municipal government co-exhibitor, not a separate company record.",2026-09-30T12:48:00Z,2026-09-30T12:48:00Z,"[""WP-0038-R2""]",Financial Services,Venture Capital,SEMICON India,803.05;804.01;804.08
d:pophen.com,Pophen,pophen,"[""pophen"", ""pophen technology india pvt"", ""pophen technology india private"", ""pophen environmental technology""]","[""Pophen Technology India Pvt Ltd"", ""POPHEN TECHNOLOGY INDIA PRIVATE LIMITED"", ""Pophen Environmental Technology"", ""Pophen Group""]",Pophen Technology India Private Limited,https://www.pophen.com,pophen.com,,,Suzhou,CN,APAC,"[{""city"": ""Mumbai"", ""country"": ""IN"", ""type"": ""subsidiary""}, {""city"": ""Taizhou"", ""country"": ""CN"", ""type"": ""manufacturing""}, {""city"": ""Debrecen"", ""country"": ""HU"", ""type"": ""manufacturing""}]",2010,201-500,subsidiary,Pophen Group,,501,501.01,component_supplier,"[""cleanroom ceiling systems"", ""partition wall systems"", ""cleanroom panels"", ""modular cleanroom""]","[""semiconductor fabs"", ""OSAT"", ""pharmaceutical"", ""biotech""]","Cleanroom ceiling and partition-wall system maker founded 2010 with production bases in Suzhou, Taizhou and Debrecen; its Indian arm, incorporated in Mumbai in 2024, supplies cleanroom architectural systems to semiconductor fabs and ATMP facilities.",complete,0.75,"[""https://www.pophen.com/aboutus/4.html"", ""https://www.pophen.com/bdt.html"", ""https://cleanroomtechnology.com/semicon-fab-technologies-partners-with-globalfoundries-and-infineon"", ""https://www.zaubacorp.com/company/U25111MH2024PTC437125"", ""https://expo.semi.org/india2025/Public/eBooth.aspx?IndexInList=6&FromPage=Exhibitors.aspx&ParentBoothID=&ListByBooth=true&BoothID=643596""]","Folded into the Chinese Pophen group record (pophen.com); the India entity also runs pophen.in. Employee range estimated from 30,000 sq m of production bases. LinkedIn page not confirmed.",2026-09-30T12:38:00Z,2026-09-30T12:38:00Z,"[""WP-0039-R2""]","HVAC, Temperature, Humidity, Contamination Control",Clean Rooms,SEMICON India,501.01;501.02;701.05;701.09;400.21
d:powercubesemi.com,PowerCubeSemi,powercubesemi,"[""powercubesemi"", ""power cube semi""]","[""Power Cube Semi"", ""Power Cube Semi Co., Ltd."", ""PowerCubeSemi Inc""]","Power Cube Semi Co., Ltd.",http://powercubesemi.com,powercubesemi.com,,,Seongnam,KR,APAC,[],2013,11-50,private,,,904,904.04,component_supplier,"[""power semiconductor"", ""SiC"", ""MOSFET"", ""power IC"", ""heater solutions""]","[""power"", ""automotive"", ""industrial""]","Korean designer of high-efficiency power semiconductor devices (FETs, SiC, power ICs) plus sensor and heater solutions, founded 2013 in Seongnam.",complete,0.75,"[""http://powercubesemi.com/greeting/"", ""https://www.crunchbase.com/organization/power-cube-semi"", ""https://www.bloomberg.com/profile/company/2211024D:KS""]",LinkedIn company page not confirmed in search results; employee range estimated.,2026-09-30T12:34:00Z,2026-09-30T12:34:00Z,"[""WP-0039-R2""]",Electronic Applications,Energy Efficiency: Power electronics,SEMICON India,904.04;903.04;904.02;903.07
d:prajhipurity.net,Praj HiPurity Systems,praj hipurity systems,"[""praj hipurity systems"", ""neela systems""]","[""Praj HiPurity Systems Ltd"", ""Praj HiPurity Systems Limited"", ""Neela Systems""]",Praj HiPurity Systems Limited,https://www.prajhipurity.net,prajhipurity.net,,,Pune,IN,APAC,[],1989,201-500,subsidiary,Praj Industries Limited,,500,500.01,oem,"[""ultrapure water"", ""UPW"", ""purified water generation"", ""pure steam generator"", ""CIP/SIP""]","[""semiconductor fabs"", ""pharmaceutical"", ""biopharma"", ""electronics""]","Pune-based high-purity water and fluid systems builder, founded 1989 as Neela Systems and acquired by Praj Industries in 2012; supplies ultrapure water plants to semiconductor and pharma facilities.",complete,0.8,"[""https://www.prajhipurity.net/the-role-of-ultrapure-water-in-indias-semiconductor-industry/"", ""https://www.indiapharmaoutlook.com/manufacturing/vendor/praj-hipurity-systems-delivering-expertise-excellence-in-high-purity-water-systems-cid-1225.html"", ""https://expo.semi.org/india2025/public/eBooth.aspx?IndexInList=242&FromPage=Exhibitors.aspx&ParentBoothID=&ListByBooth=true&BoothID=655519""]",LinkedIn page not confirmed; employee range estimated from subsidiary scale.,2026-09-30T12:34:00Z,2026-09-30T12:34:00Z,"[""WP-0039-R2""]",Factory Monitoring & Control Systems (FMCS),Chemical; Pure Water; Fluid Handling; Storage; Supply Systems,SEMICON India,500.01;500.02;301.04;701.08
d:pramagroup.com,Prama Instruments,prama instruments,"[""prama instruments"", ""prama instruments pvt"", ""prama instruments private"", ""prama""]","[""Prama Instruments Pvt Ltd"", ""Prama Instruments Private Limited"", ""PRAMA Instruments Pvt. Ltd."", ""Prama Group""]",Prama Instruments Private Limited,https://www.pramagroup.com,pramagroup.com,https://in.linkedin.com/company/prama-instruments-pvt-ltd,prama-instruments-pvt-ltd,Navi Mumbai,IN,APAC,[],1990,51-200,private,,,400,400.10,distributor,"[""UHP fittings"", ""gas management systems"", ""mass flow controllers"", ""analytical instruments"", ""vacuum pumps"", ""gas generators""]","[""semiconductor"", ""pharmaceutical"", ""chemical"", ""hydrogen""]","Mumbai-region supplier of gas management systems, ultra-high-purity fittings and analytical laboratory instrumentation; authorised distributor for TK Fujikin UHP components used in semiconductor and LCD fabs.",complete,0.8,"[""https://pramagroup.com/about-us/"", ""https://in.linkedin.com/company/prama-instruments-pvt-ltd"", ""https://www.semi.org/en/resources/member-directory/prama-instruments-pvt-ltd""]",Company states founding 1990; MCA incorporation of the Pvt Ltd entity is 1996 (CIN U33100MH1996PTC104297).,2026-09-30T12:34:00Z,2026-09-30T12:34:00Z,"[""WP-0039-R2""]","Components, Parts & Accessories",Flow Control Components - Valves; Meters; Gauges; Regulators; MFC's,SEMICON India,400.10;203.11;804.14;400.19;401.16
d:primionics.com,Primionics,primionics,"[""primionics"", ""primionics pvt""]","[""Primionics Pvt. Ltd."", ""Primionics Pvt Ltd""]",,https://www.primionics.com,primionics.com,,,Mumbai,IN,APAC,[],,unknown,private,,,804,804.14,distributor,"[""hardware-in-the-loop"", ""embedded computing"", ""test automation"", ""cleanroom particle measurement"", ""filtration testing""]","[""semiconductor equipment"", ""industrial automation"", ""embedded systems""]","Mumbai-based engineering technology partner representing test, automation and embedded platforms across India and APAC, including HIL simulation, industrial edge computing and cleanroom particle-measurement systems.",partial,0.6,"[""https://www.primionics.com/"", ""https://www.automationindiaexpo.com/ShowPreview/primionics-pvt-ltd""]","An unrelated PRIMIONICS PRIVATE LIMITED (CIN U74909AP2026PTC123982, Nellore, inc. 2026) exists; the exhibitor is judged to be the Mumbai engineering-test firm at primionics.com. Founding year and LinkedIn page not confirmed.",2026-09-30T12:34:00Z,2026-09-30T12:34:00Z,"[""WP-0039-R2""]",Professional Services,Sales; Manufacturers Representation or Distributors,SEMICON India,804.14;203.11;203.20;701.07;602.05
d:ptwgroup.com,PTW Group,ptw,"[""ptw"", ""ptw semiconductor india private"", ""ptw semiconductor india pvt"", ""ptw asia""]","[""Ptw Semiconductor India Private Limited"", ""PTW Semiconductor India Pvt Ltd"", ""PTW GROUP"", ""PTW Asia Pte Ltd""]",PTW Semiconductor India Private Limited,https://ptwgroup.com,ptwgroup.com,https://www.linkedin.com/company/ptw-group/,ptw-group,Singapore,SG,APAC,"[{""city"": ""Bangalore"", ""country"": ""IN"", ""type"": ""subsidiary""}, {""city"": ""Taipei"", ""country"": ""TW"", ""type"": ""office""}, {""city"": ""Kuala Lumpur"", ""country"": ""MY"", ""type"": ""office""}]",2007,201-500,subsidiary,PTW Group,,700,700.19,service,"[""tool refurbishment"", ""legacy equipment upgrade"", ""spare parts manufacturing"", ""preventive maintenance""]","[""semiconductor fabs"", ""legacy nodes""]","Service group founded in Austria in 2007 and headquartered in Singapore that refurbishes, upgrades and services legacy semiconductor equipment (Hitachi, Semitool, SUSS, SEZ, ASM epi and furnace); the Indian entity was incorporated in Bangalore in 2025.",complete,0.8,"[""https://ptwgroup.com/about/"", ""https://tracxn.com/d/legal-entities/india/ptw-semiconductor-india-private-limited/__19A-50P02Zc6l44kGC0E6A52sN63G5mIH-O4IdcT_Mo"", ""https://www.linkedin.com/company/ptw-group/""]",Folded into the PTW Group parent record; India entity CIN U46521KA2025FTC205742. Employee range estimated.,2026-09-30T12:34:00Z,2026-09-30T12:34:00Z,"[""WP-0039-R2""]",Manufacturing Services,Repair; Rebuild; Install Equipment; Maintenance Services; Spare Parts,SEMICON India,700.19;700.21;701.07;700.12
d:puritech.co.kr,Puritech,puritech,"[""puritech"", ""puritech noida pvt"", ""puritech noida private"", ""dong yang""]","[""PURITECH NOIDA PVT LTD"", ""Puritech Noida Private Limited"", ""Puritech Co., Ltd."", ""Dong-yang Corporation""]","Puritech Co., Ltd.",http://www.puritech.co.kr,puritech.co.kr,https://www.linkedin.com/company/puritech-co-ltd-,puritech-co-ltd-,Pyeongtaek,KR,APAC,"[{""city"": ""Greater Noida"", ""country"": ""IN"", ""type"": ""subsidiary""}]",1974,51-200,private,"Puritech Co., Ltd.",,900,900.02,materials,"[""cleanroom wipers"", ""antistatic garments"", ""cleanroom gloves"", ""sticky mats"", ""ESD products""]","[""semiconductor"", ""display"", ""pharmaceutical""]","Korean cleanroom consumables maker (wipers, antistatic garments, gloves, mats, ESD products) founded 1974 as Dong-yang Corporation; established the Indian subsidiary Puritech Noida Pvt Ltd in Greater Noida in September 2024.",complete,0.75,"[""http://www.puritech.co.kr/eng/company/history.php"", ""https://www.semi.org/en/resources/member-directory/puritech"", ""https://tracxn.com/d/legal-entities/india/puritech-noida-private-limited/__kOI6rLf8CH1T6jc0W5900T-Ns_AVSjksGSGHvETiM88""]",Sources differ on Korean HQ city (Pyeongtaek vs Seoul). India entity CIN U14101UP2024FTC208841. Employee range estimated.,2026-09-30T12:34:00Z,2026-09-30T12:34:00Z,"[""WP-0039-R2""]",Support Products,Clean Room Supplies; Cleaning Supplies,SEMICON India,900.02;900.05;502.03;501.02
d:pvatepla.com,PVA TePla,pva tepla,"[""pva tepla"", ""pva tepla america"", ""pva crystal growing systems""]","[""PVA TePla AG"", ""PVA TePla America, LLC"", ""PVA Crystal Growing Systems""]",PVA TePla AG,https://www.pvatepla.com,pvatepla.com,https://www.linkedin.com/company/pva-tepla-ag,pva-tepla-ag,Wettenberg,DE,EMEA,"[{""city"": ""Corona"", ""country"": ""US"", ""type"": ""subsidiary""}]",1977,1001-5000,public,,XETR:TPE,207,207.05,oem,"[""crystal growing systems"", ""silicon carbide PVT"", ""plasma systems"", ""acoustic microscopy"", ""vacuum furnaces"", ""metrology""]","[""power"", ""SiC"", ""logic"", ""medical"", ""tooling""]","German listed supplier of high-temperature vacuum and crystal-growing systems, wafer metrology and plasma surface-treatment equipment, organised in Semiconductor Systems and Industrial Systems segments; about 1,000 employees.",complete,0.9,"[""https://www.pvatepla.com/en/pva-tepla-ag/about-pva-tepla/"", ""https://stockanalysis.com/quote/etr/TPE/"", ""https://en.wikipedia.org/wiki/PVA_TePla"", ""https://www.pvateplaamerica.com/about-us/""]",LinkedIn slug taken from a linkedin.com/company/pva-tepla-ag post URL in search results.,2026-09-30T12:34:00Z,2026-09-30T12:34:00Z,"[""WP-0039-R2""]",Process Equipment,Crystal Growing & Machining Equipment,SEMICON Europa | SEMICON Europa | SEMICON India | SEMICON West,207.05;203.07;203.26;207.03;202.02
d:qesnet.com,QES Group,qes,"[""qes"", ""qes mechatronic"", ""qes berhad""]","[""QES MECHATRONIC SDN BHD"", ""QES Mechatronic Sdn. Bhd."", ""QES Group Berhad"", ""QES (Asia-Pacific) Sdn Bhd""]",QES Mechatronic Sdn Bhd,https://www.qesnet.com,qesnet.com,https://www.linkedin.com/company/qes-mechatronic-sdn-bhd,qes-mechatronic-sdn-bhd,Shah Alam,MY,APAC,"[{""city"": ""Batu Kawan"", ""country"": ""MY"", ""type"": ""manufacturing""}, {""city"": ""Singapore"", ""country"": ""SG"", ""type"": ""sales""}]",1999,201-500,subsidiary,QES Group Berhad,KLSE:QES,203,203.05,oem,"[""automated optical inspection"", ""AOI"", ""wafer handling"", ""wafer sorter"", ""wafer metrology"", ""thickness measurement""]","[""semiconductor"", ""OSAT"", ""lead frames"", ""substrates""]","Malaysian manufacturing arm of QES Group Berhad, founded 1999, building optical inspection, AOI, automated wafer handling and wafer metrology systems with over 500 systems installed; new RM40m plant at Batu Kawan.",complete,0.85,"[""https://investpenang.gov.my/qes-mechatronic-sdn-bhd/"", ""https://www.linkedin.com/company/qes-mechatronic-sdn-bhd"", ""https://www.bursamalaysia.com/trade/trading_resources/listing_directory/company-profile?stock_code=0196"", ""https://www.businesstoday.com.my/2024/01/18/qes-group-invests-rm40-million-in-new-plant-doubling-manufacturing-capacity/""]","Website is the QES Group corporate domain (qesnet.com); parent QES Group Berhad founded 1991, listed on Bursa Malaysia (code 0196). Employee range estimated.",2026-09-30T12:34:00Z,2026-09-30T12:34:00Z,"[""WP-0039-R2""]",Inspection & Measurement Products,"Defect; Particle; Bump; Contamination Detection, Review or Inspection",SEMICON India,203.05;203.26;203.09;502.02;203.19
d:qvii.com,Quality Vision International,quality vision international,"[""quality vision international"", ""qvi india private"", ""qvi"", ""ogp"", ""view micro metrology""]","[""QVI India Private Limited"", ""QVI"", ""Quality Vision International Inc."", ""OGP"", ""View Micro Metrology""]","Quality Vision International, Inc.",https://www.qvii.com,qvii.com,https://www.linkedin.com/company/qviinc,qviinc,Rochester,US,Americas,"[{""city"": ""Bengaluru"", ""country"": ""IN"", ""type"": ""sales""}, {""city"": ""Pune"", ""country"": ""IN"", ""type"": ""sales""}]",1945,501-1000,private,,,203,203.16,oem,"[""multisensor metrology"", ""OGP SmartScope"", ""vision measuring systems"", ""dimensional measurement"", ""micro metrology""]","[""semiconductor"", ""automotive"", ""aerospace"", ""medical devices"", ""electronics""]","Quality Vision International designs optical, laser and multisensor dimensional measuring systems (OGP SmartScope, View Micro Metrology). QVI India, founded 2008, is its exclusive Indian sales and service arm.",complete,0.82,"[""https://www.qvii.com/about/"", ""https://www.ogpnet.com/qvi-india/"", ""https://www.linkedin.com/company/qviinc""]","Exhibitor is the Indian subsidiary QVI India Private Limited (Bengaluru HQ, Pune branch); folded into the QVI group record.",2026-09-30T12:21:00Z,2026-09-30T12:21:00Z,"[""WP-0040""]",Inspection & Measurement Products,Microscopes: Optical Microscopes,SEMICON India,203.16;203.15;203.26;202.09
d:quantel-global.com,Quantel,quantel,"[""quantel"", ""quantel global""]","[""Quantel Global Pte Ltd"", ""Quantel Pte Ltd"", ""Quantel Global""]",Quantel Pte Ltd,https://www.quantel-global.com,quantel-global.com,https://sg.linkedin.com/company/quantel-global,quantel-global,Singapore,SG,APAC,[],1989,51-200,subsidiary,Chroma ATE Inc.,,804,804.14,distributor,"[""test and measurement"", ""power electronics test"", ""battery test"", ""EV test"", ""system integration"", ""handlers""]","[""semiconductor"", ""photonics"", ""LED"", ""photovoltaics"", ""EV and battery""]","Singapore test-and-measurement distributor and solutions integrator founded 1989, part of Taiwan's Chroma Group since June 2016; serves semiconductor, photonics, LED, PV and battery test markets across South East Asia.",complete,0.85,"[""https://sg.linkedin.com/company/quantel-global"", ""https://www.semi.org/en/resources/member-directory/quantel-pte-ltd"", ""https://www.sgpbusiness.com/company/Quantel-Pte-Ltd"", ""https://www.chromaate.com/en/chroma/global/asia""]",Parent is Chroma ATE Inc. (Chroma Group); ticker left null since Quantel itself is not listed.,2026-09-30T12:38:00Z,2026-09-30T12:38:00Z,"[""WP-0039-R2""]",Professional Services,Sales; Manufacturers Representation or Distributors,SEMICON India,804.14;208.09;203.11;502.02;208.10
d:raana.in,Raana Semiconductors,raana semiconductors,"[""raana semiconductors"", ""raana semiconductors pvt"", ""raana semiconductors private"", ""rspl""]","[""Raana Semiconductors Pvt Ltd"", ""Raana Semiconductors Private Limited"", ""RSPL""]",Raana Semiconductors Private Limited,https://www.raana.in,raana.in,https://www.linkedin.com/company/raana-semiconductors-private-limited,raana-semiconductors-private-limited,Hosur,IN,APAC,[],2015,11-50,private,,,207,207.05,oem,"[""crystal growth systems"", ""Czochralski"", ""vacuum furnaces"", ""silicon ingots"", ""sapphire crystals"", ""Nd:YAG""]","[""semiconductor"", ""solar"", ""defence"", ""atomic energy"", ""photonics""]","Indian maker of indigenous crystal growth systems and vacuum furnaces for silicon and germanium single-crystal growth, plus laser and sapphire crystals; supplies BARC, IGCAR, RRCAT and DRDO.",complete,0.85,"[""https://www.raana.in"", ""https://in.linkedin.com/company/raana-semiconductors-private-limited"", ""https://inc42.com/company/raana-semiconductors/"", ""https://www.zaubacorp.com/RAANA-SEMICONDUCTORS-PRIVATE-LIMITED-U72300TZ2015PTC021060""]","Raised USD 3M seed (Equirus Innovatex, Artha Venture Fund); employee_range inferred from startup-stage profiles.",2026-09-30T12:21:00Z,2026-09-30T12:21:00Z,"[""WP-0040""]",Process Equipment,Crystal Growing & Machining Equipment,SEMICON India,207.05;202.02;308.01;202.06
d:rahulgroup.com,Rahul Ferromet & Engineering,rahul ferromet and engineering,"[""rahul ferromet and engineering"", ""rahul ferromet and engineering pvt"", ""rahul ferromet and engineering private"", ""rensa"", ""rahul""]","[""RAHUL FERROMET & ENGINEERING PVT. LTD."", ""Rahul Ferromet and Engineering Private Limited"", ""Rensa"", ""Rahul Group""]",Rahul Ferromet and Engineering Private Limited,https://www.rahulgroup.com,rahulgroup.com,,,Mumbai,IN,APAC,"[{""city"": ""Jhagadia, Bharuch"", ""country"": ""IN"", ""type"": ""manufacturing""}, {""city"": ""Vadodara"", ""country"": ""IN"", ""type"": ""office""}]",2003,201-500,private,Rahul Group,,400,400.19,component_supplier,"[""ultra high purity stainless steel tubes"", ""Rensa tubes"", ""seamless tubing"", ""fittings and flanges"", ""duplex and super duplex alloys""]","[""pharmaceutical"", ""semiconductor"", ""chemical process"", ""oil and gas"", ""power""]","Indian manufacturer of hygienic and ultra-high-purity stainless steel, titanium and nickel-alloy tubes, pipes, bars and fittings under the Rensa brand, from a 20,000 sq m plant at Jhagadia, Bharuch.",complete,0.72,"[""https://www.rahulgroup.com/about.php"", ""https://www.indiamart.com/rahul-steel/aboutus.html"", ""https://www.semi.org/en/resources/member-directory/rahul-ferromet-engineering-pvt-ltd"", ""https://www.instafinancials.com/company/rahul-ferromet-and-engineering-private-limited-U28999MH2003PTC139648""]",Product brand site is rensatubes.com; group site rahulgroup.com used as the corporate domain. No LinkedIn company page confirmed.,2026-09-30T12:26:00Z,2026-09-30T12:26:00Z,"[""WP-0040""]","Components, Parts & Accessories",Pipe; Tubing; Hose; Flanges; Connectors; Couplings; Plumbing Fittings,SEMICON India,400.19;400.20;500.01;400.11
d:rmscoindia.com,Rajasthan Metal Smelting Co.,rajasthan metal smelting,"[""rajasthan metal smelting"", ""rmsco""]","[""RAJASTHAN METAL SMELTING CO."", ""RMSCO"", ""Rajasthan Metal Smelting Company""]",Rajasthan Metal Smelting Co.,https://www.rmscoindia.com,rmscoindia.com,,,Jaipur,IN,APAC,[],,unknown,private,,,400,400.20,component_supplier,"[""non-ferrous castings"", ""copper alloy components"", ""earthing materials"", ""substation hardware"", ""structural fabrication""]","[""power"", ""infrastructure"", ""solar"", ""transportation""]","Jaipur-based partnership firm manufacturing non-ferrous metal castings, copper-alloy components, earthing materials, cable trays, substation hardware and power structures.",complete,0.7,"[""https://www.rmscoindia.com/"", ""https://ieema.org/member-directory/members/rajasthan-metal-smelting-company-(rmsco)"", ""https://www.globallinker.com/seller/rajasthan-metal-smelting-co""]",No LinkedIn company page found. Core business is power/infrastructure metalwork rather than semiconductor-specific products.,2026-09-30T12:21:00Z,2026-09-30T12:21:00Z,"[""WP-0040""]","Components, Parts & Accessories",Raw Material & Custom components; Metal,SEMICON India,400.20;500.04;700.12;403.02
n:ramaiah academy foundation,Ramaiah Academy Foundation,ramaiah academy foundation,"[""ramaiah academy foundation"", ""raf"", ""ramaiah institute of advanced skills and technology""]","[""Ramaiah Academy Foundation"", ""RAF"", ""Ramaiah Institute of Advanced Skills and Technology (RIASAT)""]",Ramaiah Academy Foundation,,,,,Bengaluru,IN,APAC,[],,unknown,nonprofit,Gokula Education Foundation (Medical),,802,802.02,research,"[""semiconductor skilling"", ""deep science translation"", ""workforce development"", ""translational research"", ""industry-academia collaboration""]","[""semiconductor"", ""aerospace and defence"", ""healthcare and medtech"", ""automotive""]","A Section 8 not-for-profit within the Gokula Education Foundation (Medical) ecosystem in Bengaluru, running semiconductor skilling and a Deep Science Translational Innovation Complex to move academic research toward manufacturing.",partial,0.6,"[""https://theprint.in/ani-press-releases/ramaiah-academy-foundation-collaborates-with-dassault-systemes-to-accelerate-deep-science-translation-in-india/2954225/"", ""https://www.aninews.in/news/business/ramaiah-academy-foundation-collaborates-with-dassault-systemes-to-accelerate-deep-science-translation-in-india20260608182239/"", ""https://www.albany.edu/news-center/news/2025-cnse-brings-semiconductor-workforce-programs-india""]","No dedicated website or LinkedIn page for the Foundation itself found within the call budget; related Ramaiah group sites (msrit.edu, rism.org.in) belong to sister institutions, so website left null. Status partial.",2026-09-30T12:26:00Z,2026-09-30T12:26:00Z,"[""WP-0040""]",Educational; Research Institutions,Education; Research Institutions (Non Profit); Academia; Schools,SEMICON India,802.02;701.13;804.01;701.12
d:raychemrpg.com,Raychem RPG,raychem rpg,"[""raychem rpg"", ""raychemrpg"", ""raychem rpg private""]","[""Raychemrpg"", ""Raychem RPG (P) Ltd."", ""Raychem RPG Private Limited""]",Raychem RPG Private Limited,https://www.raychemrpg.com,raychemrpg.com,https://www.linkedin.com/company/raychem-rpg-ltd-,raychem-rpg-ltd-,Mumbai,IN,APAC,[],1989,501-1000,private,TE Connectivity / RPG Enterprises (50:50 joint venture),,400,400.04,component_supplier,"[""cable accessories"", ""electrical insulation"", ""cable jointing kits"", ""transformers"", ""gas meters""]","[""power utilities"", ""energy infrastructure"", ""industrial"", ""oil and gas""]","A 50:50 joint venture between TE Connectivity (USA) and RPG Enterprises (India) formed in 1989, supplying cable accessories, electrical insulation and protection, transformers and gas metering for energy infrastructure.",complete,0.85,"[""https://www.raychemrpg.com/"", ""https://in.linkedin.com/company/raychem-rpg-ltd-"", ""https://www.rpggroup.com/business/raychem-rpg"", ""https://en.wikipedia.org/wiki/Raychem_RPG""]","Joint venture, not a wholly owned subsidiary; kept as its own record.",2026-09-30T12:21:00Z,2026-09-30T12:21:00Z,"[""WP-0040""]","Components, Parts & Accessories",Connectors; Plugs; Interconnects; Cable; Wire,SEMICON India,400.04;500.04;400.11;401.13
d:rayvector.com,Rayvector Technologies,rayvector technologies,"[""rayvector technologies"", ""rayvector technologies pvt"", ""rayvector technologies private"", ""rayvector""]","[""Rayvector Technologies Pvt Ltd"", ""Rayvector Technologies Private Limited"", ""RayVector""]",Rayvector Technologies Private Limited,https://rayvector.com,rayvector.com,https://www.linkedin.com/company/rayvector,rayvector,Bengaluru,IN,APAC,"[{""city"": ""Oregon"", ""country"": ""US"", ""type"": ""engineering""}]",2021,11-50,private,,,701,701.07,service,"[""AI computer vision"", ""synthetic data"", ""semiconductor inspection"", ""intelligent sensing"", ""contract manufacturing""]","[""semiconductor"", ""manufacturing"", ""healthcare"", ""education""]","Bengaluru R&D and engineering company combining AI computer vision, synthetic data, hardware engineering and contract manufacturing to help semiconductor equipment makers move from concept to deployable inspection and sensing systems.",complete,0.8,"[""https://rayvector.com/career/join-us/"", ""https://in.linkedin.com/company/rayvector"", ""https://www.semi.org/en/resources/member-directory/rayvector-technologies-pvt-ltd"", ""https://www.zaubacorp.com/company/RAYVECTOR-TECHNOLOGIES-PRIVATE-LIMITED/U72900KA2021PTC146419""]",Headcount 23 as of Oct 2024 per Tracxn. CIN U72900KA2021PTC146419.,2026-09-30T12:26:00Z,2026-09-30T12:26:00Z,"[""WP-0040""]",Manufacturing Services or Consulting,"Equipment; Hardware; Product Design, Integration and Manufacturing",SEMICON India,701.07;203.05;202.09;701.12;701.16
d:rcmpa.com,RCMPA Polishing Technologies,rcmpa polishing technologies,"[""rcmpa polishing technologies"", ""rcmpa polishing tech pvt"", ""rcmpa polishing technologies pvt"", ""rcmpa polishing technologies private""]","[""RCMPA POLISHING TECH PVT LTD"", ""RCMPA Polishing Technologies Pvt. Ltd."", ""RCMPA Polishing Technologies Private Limited""]",RCMPA Polishing Technologies Private Limited,https://www.rcmpa.com,rcmpa.com,https://www.linkedin.com/company/rcmpa-polishing-technologies-pvt-ltd-,rcmpa-polishing-technologies-pvt-ltd-,Badlapur,IN,APAC,[],2005,11-50,private,,,307,307.01,materials,"[""cerium oxide polishing powder"", ""cerium salts"", ""lanthanum compounds"", ""rare earth downstream processing"", ""glass polishing""]","[""optical glass"", ""display"", ""semiconductor"", ""precision optics""]","Maharashtra-based manufacturer of cerium-based glass polishing powders and a downstream processor of high-performance cerium and lanthanum rare-earth salts and compounds; ISO 9001 certified, plant at MIDC Badlapur.",complete,0.8,"[""https://www.rcmpa.com/"", ""https://in.linkedin.com/company/rcmpa-polishing-technologies-pvt-ltd-"", ""https://cleartax.in/f/company/rcmpa-polishing-technologies-private-limited/U24242MH2005PTC151748/"", ""https://www.indiamart.com/rcmpa-polishing-technologies-pvt-ltd/aboutus.html""]",CIN U24242MH2005PTC151748. Products are polishing powders/abrasives rather than CMP pads.,2026-09-30T12:26:00Z,2026-09-30T12:26:00Z,"[""WP-0040""]",Process Materials,CMP; Grind; Lap; Polish; Abrasive materials,SEMICON India,307.01;301.06;301.08;305.01
d:resonac.com,Resonac,resonac,"[""resonac"", ""showa denko k k"", ""showa denko materials""]","[""Resonac Corporation"", ""Resonac Holdings Corporation"", ""Showa Denko K.K."", ""Showa Denko Materials""]",Resonac Corporation,https://www.resonac.com,resonac.com,https://www.linkedin.com/company/resonac,resonac,Tokyo,JP,APAC,"[{""city"": ""Tokyo"", ""country"": ""JP"", ""type"": ""headquarters""}]",1939,10001+,subsidiary,Resonac Holdings Corporation,,300,300.05,materials,"[""semiconductor back-end materials"", ""die bonding film"", ""encapsulation resin"", ""CMP slurry"", ""specialty gases"", ""SiC epitaxial wafers""]","[""logic"", ""memory"", ""power"", ""automotive"", ""packaging""]","Japanese functional chemical company supplying materials for semiconductor front-end and back-end processes, with high market share in back-end packaging materials. Formed 1 Jan 2023 from the merger of Showa Denko K.K. and Showa Denko Materials.",complete,0.85,"[""https://www.resonac.com/corporate/outline.html"", ""https://www.resonac.com/corporate/semiconductorbackendmaterials.html"", ""https://www.resonac.com/news/2022/09/29/2250.html"", ""https://en.wikipedia.org/wiki/Resonac"", ""https://www.linkedin.com/company/resonac""]","Operating company under listed Resonac Holdings Corporation (Tokyo Stock Exchange 4004); ticker recorded on the holding company, not this entity. founded_year traces the Showa Denko lineage (1939); the Resonac entity itself dates from 2023.",2026-09-30T12:26:00Z,2026-09-30T12:26:00Z,"[""WP-0040""]",Packaging and Assembly Materials,Molding; Encapsulation; Potting; Resin Materials,SEMICON India,300.05;300.01;307.01;303.04;308.06
d:rgbsi.com,RGBSI,rgbsi,"[""rgbsi"", ""rapid global business solution pvt"", ""rapid global business solutions india private"", ""rapid global business solutions""]","[""Rapid Global Business Solution (I) Pvt Ltd."", ""Rapid Global Business Solutions India Private Limited"", ""Rapid Global Business Solutions, Inc."", ""RGBSI""]","Rapid Global Business Solutions, Inc.",https://www.rgbsi.com,rgbsi.com,https://www.linkedin.com/company/rgbsi,rgbsi,Troy,US,Americas,"[{""city"": ""Bengaluru"", ""country"": ""IN"", ""type"": ""delivery center""}]",1997,1001-5000,private,,,701,701.07,service,"[""engineering services"", ""workforce management"", ""staffing and recruiting"", ""quality lifecycle management"", ""IT solutions""]","[""automotive"", ""aerospace"", ""semiconductor"", ""industrial manufacturing""]","US engineering and business-solutions firm providing product design, simulation, manufacturing support, quality lifecycle management, IT services and workforce management; its Indian arm in Bengaluru was incorporated in 2003.",complete,0.8,"[""https://www.rgbsi.com"", ""https://blog.rgbsi.com/move-to-troy-michigan"", ""https://www.zaubacorp.com/RAPID-GLOBAL-BUSINESS-SOLUTIONS-INDIA-PRIVATE-LIMITED-U74210KA2003PTC032358"", ""https://www.crunchbase.com/organization/rgbsi""]","Exhibitor was the Indian subsidiary (CIN U74210KA2003PTC032358, Bengaluru, 1001-2500 staff); folded into the US parent group record.",2026-09-30T12:26:00Z,2026-09-30T12:26:00Z,"[""WP-0040""]",Manufacturing Services or Consulting,"Equipment; Hardware; Product Design, Integration and Manufacturing",SEMICON India,701.07;804.09;701.16;804.03;701.17
d:rieco.com,RIECO Industries,rieco industries,"[""rieco industries""]","[""Rieco Industries Ltd"", ""RIECO Industries Limited""]",RIECO Industries Limited,https://www.rieco.com,rieco.com,https://in.linkedin.com/company/rieco-industries-limited,rieco-industries-limited,Pune,IN,APAC,[],1975,201-500,private,,,502,502.01,oem,"[""pulverizers"", ""powder handling"", ""pneumatic conveying"", ""clean air technology"", ""blenders""]","[""chemicals"", ""food"", ""industrial""]","Indian process engineering company in Pune making grinding, powder and bulk-solids handling and clean air equipment for process industries.",complete,0.78,"[""https://www.riecoindustries.com/profile.html"", ""https://in.linkedin.com/company/rieco-industries-limited"", ""https://www.zaubacorp.com/RIECO-INDUSTRIES-LIMITED-U24118MH1975PLC018631""]",Not a semiconductor-native supplier; classified by nearest SEMI category (material handling / clean air).,2026-09-30T12:31:00Z,2026-09-30T12:31:00Z,"[""WP-0041""]",Material Handling Systems,Conveying; Material Handling Systems,SEMICON India,502.01;501.02;900.08
d:rikenkeiki.co.jp,RIKEN KEIKI,riken keiki,"[""riken keiki""]","[""RIKEN KEIKI Co., Ltd."", ""RIKEN KEIKI GmbH""]","RIKEN KEIKI Co., Ltd.",https://global.rikenkeiki.co.jp/,rikenkeiki.co.jp,,,Tokyo,JP,APAC,"[{""city"": null, ""country"": ""DE"", ""type"": ""sales""}]",1939,unknown,unknown,,,500,500.10,component_supplier,"[""gas detection"", ""fixed gas detectors"", ""portable gas monitors"", ""semiconductor gas sensors"", ""TLV monitoring""]","[""semiconductor"", ""oil and gas"", ""energy"", ""marine"", ""steel""]","Japanese gas detection specialist since 1939 with over 600 sensor types, supplying fixed and portable gas detectors for semiconductor fab safety.",complete,0.88,"[""https://global.rikenkeiki.co.jp/company"", ""https://global.rikenkeiki.co.jp/industries/semiconductors""]",RIKEN KEIKI GmbH is the German sales entity; folded into parent record.,2026-09-30T12:31:00Z,2026-09-30T12:31:00Z,"[""WP-0041""]",Factory Monitoring & Control Systems (FMCS),Gas Monitoring Equipment; RGA's; TGO compliance,SEMICON Europa | SEMICON India,500.10;400.23;203.12;701.06
d:rirpowersemi.com,RIR Power Electronics,rir power electronics,"[""rir power electronics"", ""ruttonsha international rectifier""]","[""RIR Power Electronics Limited"", ""Ruttonsha International Rectifier""]",RIR Power Electronics Limited,https://www.rirpowersemi.com,rirpowersemi.com,https://in.linkedin.com/company/rir-power-electronics-limited,rir-power-electronics-limited,Mumbai,IN,APAC,"[{""city"": ""Halol"", ""country"": ""IN"", ""type"": ""manufacturing""}, {""city"": ""Bhubaneswar"", ""country"": ""IN"", ""type"": ""manufacturing""}]",1969,unknown,public,,BSE:539503,903,903.05,fab_idm,"[""thyristors"", ""diodes"", ""bridge rectifiers"", ""IGBT modules"", ""silicon carbide"", ""SiC MOSFET""]","[""power"", ""railways"", ""defense"", ""automotive"", ""renewable energy""]","Indian high-power semiconductor manufacturer (formerly Ruttonsha) with a fab in Halol, Gujarat, building India's first silicon carbide device facility in Odisha.",complete,0.85,"[""https://in.linkedin.com/company/rir-power-electronics-limited"", ""https://www.techinsights.com/blog/india-enter-silicon-carbide-era-rir-power-electronics""]",,2026-09-30T12:31:00Z,2026-09-30T12:31:00Z,"[""WP-0041""]",Electronic Components,Components: IDM / Foundries,SEMICON India,903.05;903.04;904.04;904.02
n:rmm and associates,RMM and Associates,rmm and associates,"[""rmm and associates""]","[""RMM and ASSOCIATES"", ""RMM AND ASSOCIATES""]",,,,,,Nashik,IN,APAC,[],1988,unknown,private,,,400,400.22,distributor,"[""silicone sealant"", ""anti-friction coating spray"", ""thread paste"", ""industrial adhesives""]","[""industrial"", ""maintenance""]","Nashik-based partnership firm established 1988, manufacturing, trading and servicing silicone sealants, anti-friction coating sprays and thread pastes.",partial,0.45,"[""https://www.indiamart.com/rmmassociatesnashik/profile.html""]",Generic name; no own website or LinkedIn page found and no semiconductor-specific activity confirmed. Match to the SEMICON India exhibitor is unverified - the Nashik sealants firm is the only close candidate found.,2026-09-30T12:36:00Z,2026-09-30T12:36:00Z,"[""WP-0041""]","Components, Parts & Accessories",Sealants; Adhesives; Finishes,SEMICON India,400.22;300.01;804.14
d:rokkogroup.com,Rokko Group,rokko,"[""rokko"", ""rokko systems""]","[""ROKKO Systems Pte Ltd"", ""Rokko Holdings Ltd""]",ROKKO SYSTEMS PTE. LTD.,https://rokkogroup.com,rokkogroup.com,,,Singapore,SG,APAC,"[{""city"": ""Johor"", ""country"": ""MY"", ""type"": ""manufacturing""}]",1992,201-500,private,,,200,200.08,oem,"[""saw and sort systems"", ""pick and place"", ""lead frames"", ""auto vision"", ""precision engineering""]","[""semiconductor"", ""electronics""]",Singapore precision engineering group founded 1992 making semiconductor back-end saw-and-sort and pick-and-place equipment plus lead frames; plants in Singapore and Johor.,complete,0.82,"[""https://rokkogroup.com/"", ""https://www.semi.org/en/resources/member-directory/rokko-systems-pte-ltd"", ""https://www.sgpbusiness.com/company/Rokko-Systems-Pte-Ltd""]",,2026-09-30T12:31:00Z,2026-09-30T12:31:00Z,"[""WP-0041""]",Packaging and Assembly Equipment,Dicing; Sawing; Scribing; Separation Equipment,SEMICON India,200.08;200.11;200.07;300.03;202.09
d:rootsmaterials.com,ROOTS Materials,roots materials,"[""roots materials"", ""roots""]","[""ROOTS CO., LTD"", ""ROOTS CO., LTD."", ""Roots Materials""]","ROOTS CO., LTD.",https://www.rootsmaterials.com,rootsmaterials.com,,,Incheon,KR,APAC,[],,unknown,private,,,307,307.01,materials,"[""diamond polishing slurry"", ""TCB tools"", ""phosphor-in-glass"", ""dicing surfactant"", ""flux surfactant"", ""glass wafer processing""]","[""semiconductor"", ""HBM memory"", ""LED"", ""power modules"", ""flip chip packaging""]","South Korean materials supplier in Incheon making diamond polishing slurries, dicing and flux surfactants, phosphor-in-glass chips and ceramic thermal compression bonding tools for semiconductor and LED manufacturing.",complete,0.8,"[""https://www.rootsmaterials.com/"", ""https://www.rootsmaterials.com/polishing-diamond-slurry"", ""https://expo.semi.org/southeastasia2025/Public/eBooth.aspx?IndexInList=471&FromPage=Exhibitors.aspx&ParentBoothID=&ListByBooth=true&BoothID=632391""]",Not the Japanese Roots Co Ltd (ROOTSZ:JP) nor Roots Corporation (India); identified via SEMI exhibitor directory as the Korean materials firm.,2026-09-30T12:36:00Z,2026-09-30T12:36:00Z,"[""WP-0041""]",Process Materials,CMP; Grind; Lap; Polish; Abrasive materials,SEMICON India,307.01;301.03;300.02;307.10;305.01
d:rotarex.com,Rotarex,rotarex,"[""rotarex"", ""rotarex s a"", ""ceodeux""]","[""ROTAREX"", ""Rotarex s.a."", ""CEODEUX""]",Rotarex S.A.,https://rotarex.com,rotarex.com,https://www.linkedin.com/company/rotarex,rotarex,Lintgen,LU,EMEA,"[{""city"": ""Limburgerhof"", ""country"": ""DE"", ""type"": ""sales""}]",1922,1001-5000,private,,,400,400.10,component_supplier,"[""UHP valves"", ""pressure regulators"", ""cylinder valves"", ""gas distribution systems"", ""specialty gas control""]","[""semiconductor"", ""electronics"", ""laboratory"", ""industrial gas""]","Luxembourg gas control specialist founded 1922 as CEODEUX, making ultra-high-purity valves, regulators and gas distribution systems for semiconductor and electronics fabs.",complete,0.85,"[""https://rotarex.com/"", ""https://en.wikipedia.org/wiki/Rotarex"", ""https://www.semi.org/en/resources/member-directory/rotarex-sa""]",,2026-09-30T12:31:00Z,2026-09-30T12:31:00Z,"[""WP-0041""]","Components, Parts & Accessories",Flow Control Components - Valves; Meters; Gauges; Regulators; MFC's,SEMICON India,400.10;401.05;500.09;400.19
d:roxtec.com,Roxtec,roxtec,"[""roxtec"", ""roxtec india pvt"", ""roxtec international""]","[""Roxtec India Pvt. Ltd."", ""Roxtec International AB"", ""Roxtec Group""]",Roxtec International AB,https://www.roxtec.com,roxtec.com,https://www.linkedin.com/company/roxtec-group,roxtec-group,Karlskrona,SE,EMEA,"[{""city"": ""Gurgaon"", ""country"": ""IN"", ""type"": ""sales""}]",1990,unknown,private,,,400,400.11,component_supplier,"[""cable transits"", ""pipe seals"", ""EMC sealing"", ""fire seals"", ""modular sealing""]","[""semiconductor fabs"", ""marine"", ""power"", ""telecom"", ""process industry""]","Swedish maker of modular cable and pipe transit seals protecting penetrations against fire, water, gas, dust and EMC; Indian subsidiary in Gurgaon.",complete,0.82,"[""https://www.roxtec.com/en/about-us/about-roxtec/"", ""https://en.wikipedia.org/wiki/Roxtec"", ""https://www.indiamart.com/roxtec-india/aboutus.html""]",Indian subsidiary folded into the Roxtec group record.,2026-09-30T12:31:00Z,2026-09-30T12:31:00Z,"[""WP-0041""]","Components, Parts & Accessories",Gaskets; Seals; O rings; Elastomers; Resins,SEMICON India,400.11;400.19;400.04;501.01
d:roechling.com,Röchling Industrial,rochling industrial,"[""rochling industrial"", ""roechling industrial india private"", ""roechling industrial india pvt"", ""rochling""]","[""ROECHLING INDUSTRIAL INDIA PRIVATE LIMITED"", ""Roechling Industrial India Pvt. Ltd"", ""R\u00f6chling Group""]",Röchling SE & Co. KG,https://www.roechling.com,roechling.com,https://www.linkedin.com/company/roechling-industrial,roechling-industrial,Mannheim,DE,EMEA,"[{""city"": ""Vadodara"", ""country"": ""IN"", ""type"": ""manufacturing""}, {""city"": ""Mumbai"", ""country"": ""IN"", ""type"": ""sales""}]",1822,10001+,private,,,400,400.21,materials,"[""engineering thermoplastics"", ""semi-finished plastics"", ""FM4910 materials"", ""ESD plastics"", ""CNC machined parts""]","[""semiconductor"", ""cleanroom"", ""mining"", ""power"", ""medical""]","Industrial division of Germany's Röchling Group supplying engineering thermoplastics and composites, including FM4910 and ESD grades for semiconductor and cleanroom use; Indian plant in Vadodara.",complete,0.85,"[""https://www.roechling.com/in/industrial"", ""https://www.roechling.com/in/industrial/industries/plastics-for-semiconductor-industry"", ""https://en.wikipedia.org/wiki/R%C3%B6chling_Group""]",Indian subsidiary folded into the Röchling Group record.,2026-09-30T12:31:00Z,2026-09-30T12:31:00Z,"[""WP-0041""]","Components, Parts & Accessories",Raw Material & Custom components; Plastic,SEMICON India,400.21;307.09;400.11;901.28
d:sagarspecialitychemicals.com,Sagar Speciality Chemicals,sagar speciality chemicals,"[""sagar speciality chemicals"", ""sagar speciality chemicals private""]","[""Sagar Speciality Chemicals Private Limited""]",Sagar Speciality Chemicals Private Limited,https://www.sagarspecialitychemicals.com,sagarspecialitychemicals.com,https://in.linkedin.com/company/sagar-speciality-chemicals-private-limited,sagar-speciality-chemicals-private-limited,Mumbai,IN,APAC,[],1974,unknown,private,,,301,301.06,distributor,"[""speciality chemicals"", ""tailored chemicals"", ""oil and lube additives"", ""green chemistry"", ""chemical supply chain""]","[""chemicals"", ""lubricants"", ""industrial""]","Mumbai-based speciality chemicals trader, importer and manufacturer founded 1974 and incorporated as a private limited company in 1999; ISO 9001:2015 certified.",complete,0.7,"[""https://in.linkedin.com/company/sagar-speciality-chemicals-private-limited"", ""https://www.zaubacorp.com/SAGAR-SPECIALITY-CHEMICALS-PRIVATE-LIMITED-U27100MH1999PTC118276"", ""https://www.indiamart.com/sagarspecialitychemicals/profile.html""]",No semiconductor-specific product line confirmed; classified under other specialty chemicals.,2026-09-30T12:31:00Z,2026-09-30T12:31:00Z,"[""WP-0041""]",Chemicals & Solids,Other Specialty Chemicals,SEMICON India,301.06;301.03;804.13
d:sahasrasemi.com,Sahasra Semiconductors,sahasra semiconductors,"[""sahasra semiconductors"", ""sahasra semiconductor private"", ""sahasra semiconductors pvt"", ""sspl""]","[""Sahasra Semiconductor Private Limited"", ""Sahasra Semiconductors Pvt. Ltd."", ""SSPL""]",Sahasra Semiconductors Private Limited,https://www.sahasrasemi.com,sahasrasemi.com,https://in.linkedin.com/company/sahasra-semiconductor-private-limited,sahasra-semiconductor-private-limited,Bhiwadi,IN,APAC,[],2020,11-50,subsidiary,Sahasra Group,,701,701.01,service,"[""OSAT"", ""ATMP"", ""NAND Flash packaging"", ""memory packaging"", ""QFN"", ""DFN"", ""SOIC""]","[""memory"", ""consumer"", ""automotive""]","Indian OSAT/ATMP provider in Bhiwadi, Rajasthan, running India's first private NAND flash memory IC packaging and test line, plus QFN, DFN and SOIC packages.",complete,0.88,"[""https://www.sahasrasemi.com/"", ""https://in.linkedin.com/company/sahasra-semiconductor-private-limited"", ""https://www.digitimes.com/news/a20251016VL211/india-osat-packaging-exports-production.html""]",Part of Sahasra Group; plant commissioned March 2023 under MeitY SPECS scheme.,2026-09-30T12:30:00Z,2026-09-30T12:30:00Z,"[""WP-0042""]",Manufacturing Services or Consulting,Assembly,SEMICON India,701.01;701.20
d:sainorlaboratories.com,Sainor Laboratories,sainor laboratories,"[""sainor laboratories"", ""sainor labs"", ""sainor laboratories pvt""]","[""Sainor labs"", ""Sainor Laboratories Pvt Ltd""]",Sainor Laboratories Private Limited,https://sainorlaboratories.com,sainorlaboratories.com,https://in.linkedin.com/company/sainor-laboratories-pvt-ltd,sainor-laboratories-pvt-ltd,Hyderabad,IN,APAC,[],2002,51-200,private,,,301,301.06,materials,"[""organometallics"", ""n-butyl lithium"", ""dimethyl zinc"", ""Grignard reagents"", ""specialty chemicals""]","[""semiconductor"", ""pharmaceutical"", ""polymers"", ""agrochemical""]","Hyderabad specialty chemical maker of organometallics - lithium, sodium, potassium, borane and zinc chemistry - including n-butyl lithium and dimethyl zinc for semiconductor and pharma use.",complete,0.82,"[""https://sainorlaboratories.com/"", ""https://in.linkedin.com/company/sainor-laboratories-pvt-ltd"", ""https://www.zaubacorp.com/SAINOR-LABORATORIES-PRIVATE-LIMITED-U24239TG2004PTC044758""]",Founded year reported as 2002 (LinkedIn) vs 2005 (directories).,2026-09-30T12:30:00Z,2026-09-30T12:30:00Z,"[""WP-0042""]",Chemicals & Solids,Other Specialty Chemicals,SEMICON India,301.06;301.05;307.02
d:samproducts.in,Sam Products,sam products,"[""sam products"", ""sam products pvt"", ""sam products private""]","[""SAM PRODUCTS PVT LTD"", ""Sam Products Pvt. Ltd."", ""SAM PRODUCTS PRIVATE LIMITED""]",Sam Products Private Limited,https://www.samproducts.in,samproducts.in,,,Greater Noida,IN,APAC,[],2007,unknown,private,,,501,501.02,component_supplier,"[""air shower"", ""air curtain"", ""pass box"", ""fan filter unit"", ""HEPA terminal"", ""dispensing booth"", ""laminar flow bench""]","[""semiconductor"", ""pharmaceutical"", ""cleanroom""]","Greater Noida manufacturer of cleanroom and contamination-control equipment: air showers, air curtains, pass boxes, fan filter units, HEPA terminals, laminar flow benches and cleanroom furniture.",complete,0.78,"[""https://www.samproducts.in/"", ""https://www.zaubacorp.com/company/SAM-PRODUCTS-PRIVATE-LIMITED/U51101UP2007PTC055433"", ""https://www.tradeindia.com/sam-products-pvt-ltd-236992/""]","No LinkedIn company page found. CIN U51101UP2007PTC055433, incorporated 17 Jan 2007, Gautam Buddha Nagar UP.",2026-09-30T12:33:00Z,2026-09-30T12:33:00Z,"[""WP-0042""]","HVAC, Temperature, Humidity, Contamination Control",Contamination Control; HEPA Filtering Systems,SEMICON India,501.02;501.01;900.02;900.04
n:sam technologies,SAM Technologies,sam technologies,"[""sam technologies""]","[""SAM Technologies""]",,,,,,,IN,APAC,[],,unknown,private,,,208,208.05,distributor,"[""environmental test chambers"", ""HALT"", ""HASS"", ""thermal shock chambers"", ""humidity chambers""]","[""electronics"", ""reliability testing""]","Indian supplier and service provider of environmental and reliability test chambers (HALT/HASS, thermal shock, humidity). Exhibitor identity not conclusively resolved to a single registered entity.",partial,0.35,"[""https://www.tradeindia.com/sam-technologies-2581605/"", ""https://www.indiamart.com/sam-technologies-bengaluru/aboutus.html"", ""https://www.tradeindia.com/sam-technologies-7893334/""]","Ambiguous: at least three unrelated Indian firms trade as 'SAM Technologies' (Hyderabad, Delhi, Bengaluru), all in environmental test chambers. No corporate website or LinkedIn page confirmed for the SEMICON India exhibitor. Needs manual disambiguation.",2026-09-30T12:33:00Z,2026-09-30T12:33:00Z,"[""WP-0042""]",Test Equipment,Environmental Stress Systems - Temperature; Humidity; Pressure; HAST,SEMICON India,208.05;804.14
d:samco.co.jp,SAMCO,samco,"[""samco"", ""samco international""]","[""Samco Inc."", ""SAMCO Inc."", ""Samco International""]",Samco Inc.,https://www.samco.co.jp,samco.co.jp,https://www.linkedin.com/company/samco-inc.,samco-inc.,Kyoto,JP,APAC,"[{""city"": ""Sunnyvale"", ""country"": ""US"", ""type"": ""sales""}, {""city"": ""Iselin"", ""country"": ""US"", ""type"": ""sales""}, {""city"": ""Shanghai"", ""country"": ""CN"", ""type"": ""sales""}, {""city"": ""Beijing"", ""country"": ""CN"", ""type"": ""sales""}, {""city"": ""Singapore"", ""country"": ""SG"", ""type"": ""sales""}]",1979,51-200,public,,TSE:6387,207,207.06,oem,"[""PECVD"", ""LS-CVD"", ""ALD"", ""RIE"", ""ICP etching"", ""DRIE"", ""ALE"", ""plasma cleaner"", ""UV ozone cleaner""]","[""compound semiconductor"", ""MEMS"", ""photonics"", ""power""]","Kyoto-based maker of compact semiconductor process equipment: plasma deposition (PECVD, LS-CVD, ALD), plasma etching (RIE, ICP, DRIE, ALE) and surface treatment/cleaning systems. Listed on TSE Prime as 6387.",complete,0.92,"[""https://www.samco.co.jp/en/company/outline/"", ""https://www.linkedin.com/company/samco-inc."", ""https://www.samcointl.com/about/company-overview/"", ""https://en.wikipedia.org/wiki/SAMCO""]","US arm trades as Samco International (samcointl.com). About 191 employees, revenue JPY 9.34bn (Jul 2025). Also has Korea and Malaysia presence.",2026-09-30T12:33:00Z,2026-09-30T12:33:00Z,"[""WP-0042""]",Process Equipment,Deposition; Chemical Vapor (CVD); MOCVD; PECVD; LPCVD; ALD; REALD; MVD,SEMICON Europa | SEMICON India | SEMICON West,207.06;207.10;207.03;204.01;207.12
d:samiltech.com,Samil Tech,samil tech,"[""samil tech"", ""samiltech""]","[""Samil Tech Co., LTD."", ""Samiltech Co., Ltd.""]","Samil Tech Co., Ltd.",https://www.samiltech.com,samiltech.com,https://www.linkedin.com/company/samiltech-co.-ltd./,samiltech-co.-ltd.,Bucheon,KR,APAC,[],1993,unknown,private,,,200,200.05,oem,"[""trim and form"", ""laser deflash"", ""laser marking"", ""package inspection"", ""auto vision inspection"", ""automation equipment""]","[""semiconductor packaging"", ""automotive""]","Korean builder of semiconductor back-end and automation equipment in Bucheon: trim/form systems, laser deflash and marking, package and vision inspection, plus automotive sunroof and encoder assembly lines.",complete,0.8,"[""https://www.semi.org/en/resources/member-directory/samil-tech-co-ltd"", ""https://www.linkedin.com/company/samiltech-co.-ltd./"", ""https://kr.kompass.com/c/samil-tech-co-ltd/kr006819/""]",FY2019 revenue about KRW 8.04bn. Headcount not reliably reported.,2026-09-30T12:38:00Z,2026-09-30T12:38:00Z,"[""WP-0042""]",Packaging and Assembly Equipment,Cut & Down Set; Trim; Form Equipment,SEMICON India,200.05;200.17;200.06;203.19;202.01
d:samsact.com,Sams Advanced Climatic Technologies,sams advanced climatic technologies,"[""sams advanced climatic technologies"", ""sams advanced climatic technologies pvt"", ""samsact"", ""sams advanced climatic technologies private""]","[""Sams Advanced Climatic Technologies Pvt. Ltd"", ""SAMSACT"", ""SAMS ADVANCED CLIMATIC TECHNOLOGIES PRIVATE LIMITED""]",Sams Advanced Climatic Technologies Private Limited,https://www.samsact.com,samsact.com,,,Hyderabad,IN,APAC,[],1999,unknown,private,,,208,208.05,distributor,"[""environmental test chambers"", ""vibration test systems"", ""polymer testing"", ""ESPEC"", ""IMV"", ""Toyoseiki""]","[""electronics"", ""automotive"", ""polymers""]","Hyderabad-based channel partner for environmental, vibration and polymer test equipment in India, representing ESPEC test chambers, IMV vibration systems and Toyoseiki polymer testers; NABL-accredited test lab.",complete,0.8,"[""https://www.samsact.com/"", ""https://www.zaubacorp.com/SAMS-ADVANCED-CLIMATIC-TECHNOLOGIES-PRIVATE-LIMITED-U51101TG2011PTC074871"", ""https://www.crunchbase.com/organization/sams-advanced-climatic-technologies-private""]",Business established 1999; the private limited entity (CIN TG2011PTC074871) was incorporated in 2011. No LinkedIn company page found.,2026-09-30T12:38:00Z,2026-09-30T12:38:00Z,"[""WP-0042""]",Test Equipment,Environmental Stress Systems - Temperature; Humidity; Pressure; HAST,SEMICON India,208.05;804.14;700.14;700.04
d:sandisk.com,Sandisk,sandisk,"[""sandisk"", ""sandisk india device design centre private""]","[""Sandisk India Device Design Centre Private Limited"", ""SanDisk Corporation"", ""SanDisk""]",Sandisk Corporation,https://www.sandisk.com,sandisk.com,https://www.linkedin.com/company/sandisk,sandisk,Milpitas,US,Americas,"[{""city"": ""Bengaluru"", ""country"": ""IN"", ""type"": ""design""}]",1988,unknown,public,,NASDAQ:SNDK,903,903.04,fab_idm,"[""NAND flash"", ""SSD"", ""memory cards"", ""USB drives"", ""BiCS 3D NAND""]","[""memory"", ""data center"", ""consumer"", ""mobile""]","Flash memory maker spun off from Western Digital in February 2025 and listed on Nasdaq as SNDK. The exhibiting entity is its Bengaluru device design centre, incorporated in India in 2005.",complete,0.85,"[""https://www.sandisk.com/company/newsroom/press-releases/2025/sandisk-celebrates-nasdaq-listing-after-completing-separation"", ""https://www.sandisk.com/en-in/company/office-locations"", ""https://www.zaubacorp.com/SANDISK-INDIA-DEVICE-DESIGN-CENTRE-PRIVATE-LIMITED-U72300KA2005PTC035961"", ""https://en.wikipedia.org/wiki/Sandisk""]","Indian subsidiary folded into the group record per dedupe rule. Local entity CIN U72300KA2005PTC035961, incorporated 31 Mar 2005. Group headcount not verified.",2026-09-30T12:40:00Z,2026-09-30T12:40:00Z,"[""WP-0042""]",Electronic Components,Components: IC's,SEMICON India,903.04;903.05;903.09
d:sangirplastics.in,Sangir Plastics,sangir plastics,"[""sangir plastics"", ""sangir plastics private"", ""sangir plastics pvt"", ""sangir""]","[""Sangir Plastics Private Limited"", ""Sangir Plastics Pvt Ltd"", ""Sangir""]",Sangir Plastics Private Limited,https://www.sangirplastics.in,sangirplastics.in,https://in.linkedin.com/company/sangirplastics,sangirplastics,Mumbai,IN,APAC,[],1982,unknown,private,,,400,400.21,component_supplier,"[""HDPE pipes"", ""PP/PPH pipes"", ""PVDF piping"", ""Corzan CPVC sheets"", ""liner sheets"", ""roto moulding"", ""waste conveyance chutes""]","[""chemicals"", ""water treatment"", ""construction"", ""semiconductor""]","Mumbai manufacturer of thermoplastic piping, sheets and roto-moulded products in HDPE, PP/PPH, CPVC, PVDF and PVC for corrosive chemical, ultrapure fluid and waste-conveyance applications.",complete,0.8,"[""https://www.sangirplastics.in/company-profile.html"", ""https://in.linkedin.com/company/sangirplastics"", ""https://www.indiamart.com/sangir-plastics-pvtltd/profile.html""]",Also operates sangir.com. Not a semiconductor specialist; sells plastic fluid-handling components into fab chemical and water systems.,2026-09-30T12:40:00Z,2026-09-30T12:40:00Z,"[""WP-0042""]","Components, Parts & Accessories",Raw Material & Custom components; Plastic,SEMICON India,400.21;400.19;301.10
d:sartorius.com,Sartorius,sartorius,"[""sartorius"", ""sartorius india pvt"", ""sartorius india private"", ""sartorius stedim india""]","[""Sartorius India Pvt. Ltd."", ""Sartorius India Private Limited"", ""Sartorius AG"", ""Sartorius Stedim India""]",Sartorius AG,https://www.sartorius.com,sartorius.com,https://www.linkedin.com/company/sartorius,sartorius,Goettingen,DE,EMEA,"[{""city"": ""Bengaluru"", ""country"": ""IN"", ""type"": ""sales""}, {""city"": ""Nelamangala"", ""country"": ""IN"", ""type"": ""manufacturing""}]",1870,10001+,public,,ETR:SRT3,900,900.06,oem,"[""precision balances"", ""microbalances"", ""filtration"", ""ultrapure water"", ""lab instruments"", ""weighing technology""]","[""laboratory"", ""biopharma"", ""semiconductor"", ""industrial weighing""]","German laboratory and process technology group supplying precision weighing, filtration and fluid-handling equipment; the Indian arm exhibits from Bengaluru with manufacturing at Nelamangala.",complete,0.85,"[""https://www.sartorius.com/"", ""https://www.zaubacorp.com/SARTORIUS-INDIA-PRIVATE-LIMITED-U29100KA2011FTC058928"", ""https://www.indiamart.com/sartoriusweighingindia/about-us.html""]","Indian subsidiary folded into the group record per dedupe rule. Sartorius India Private Limited CIN U29100KA2011FTC058928, incorporated 02 Jun 2011; predecessor Sartorius Mechatronics India set up 2002.",2026-09-30T12:41:00Z,2026-09-30T12:41:00Z,"[""WP-0042""]",Support Products,Laboratory Apparatus and Supplies,SEMICON India,900.06;203.27;400.08;500.01;700.03
d:iitbombay.org,SemiX IIT Bombay,semix iit bombay,"[""semix iit bombay"", ""centre for semiconductor technologies iit bombay""]","[""Centre for Semiconductor Technologies (SemiX) IIT Bombay""]",,https://acr.iitbombay.org/semix/,iitbombay.org,,,Mumbai,IN,APAC,[],2022,unknown,academic,Indian Institute of Technology Bombay,,802,802.02,research,"[""semiconductor education"", ""R&D"", ""IITB Nanofab"", ""VLSI design"", ""industry affiliate program""]","[""research"", ""education""]","SemiX is IIT Bombay's interdisciplinary Centre for Semiconductor Technologies, established 2022 for industry-focused semiconductor research, education, entrepreneurship and policy studies.",complete,0.7,"[""https://acr.iitbombay.org/semix/"", ""https://timestech.in/iit-bombays-semix-summit-premiered-on-november-27-29-2023/""]",Website URL is a path on an IIT Bombay domain; no dedicated domain confirmed.,2026-09-30T12:13:37Z,2026-09-30T12:13:37Z,"[""WP-0010""]",Educational; Research Institutions,Education; Research Institutions (Non Profit); Academia; Schools,SEMICON India,802.02;805.04;805.01
d:sid.org,SID,sid,"[""sid"", ""society for information display""]","[""Society for Information Display""]",Society for Information Display,https://www.sid.org/,sid.org,https://www.linkedin.com/company/society-for-information-display,society-for-information-display,Campbell,US,Americas,[],1962,1-10,nonprofit,,,800,800.02,association,"[""display technology"", ""Display Week"", ""technical journals"", ""standards""]","[""display"", ""consumer electronics""]","Non-profit professional society for the electronic display industry, founded in 1962. Publishes technical journals and runs the annual Display Week conference and exhibition.",complete,0.9,"[""https://www.sid.org/About-Us/Company"", ""https://www.sid.org/About-Us/Contact"", ""https://en.wikipedia.org/wiki/Society_for_Information_Display""]",,2026-09-30T12:37:00Z,2026-09-30T12:37:00Z,"[""WP-0046""]",Associations,Professional Societies,SEMICON India,800.02;804.12;804.15
d:smcworld.com,SMC Corporation,smc,"[""smc"", ""smc pvt"", ""smc pneumatics pvt""]","[""SMC Corporation (India) Pvt. Ltd."", ""SMC Pneumatics (India) Pvt. Ltd.""]",SMC Corporation,https://www.smcworld.com/,smcworld.com,,,Tokyo,JP,APAC,"[{""city"": ""Noida"", ""country"": ""IN"", ""type"": ""subsidiary_hq""}, {""city"": ""Chennai"", ""country"": ""IN"", ""type"": ""manufacturing""}, {""city"": ""Ahmedabad"", ""country"": ""IN"", ""type"": ""manufacturing""}]",1959,10001+,public,,TYO:6273,400,400.10,component_supplier,"[""pneumatics"", ""directional control valves"", ""actuators"", ""air line equipment"", ""automation""]","[""semiconductor"", ""automotive"", ""industrial automation""]","Japanese maker of pneumatic and automation components including valves, actuators and air line equipment. Indian subsidiary incorporated 1995, headquartered in Noida with plants in Noida, Chennai and Ahmedabad.",complete,0.82,"[""https://www.smcworld.com/corporate/network/india.html"", ""https://en.wikipedia.org/wiki/SMC_Corporation"", ""https://in.linkedin.com/company/smc-corporation-india-pvt-ltd""]",Exhibitor is the Indian subsidiary; folded into the SMC Corporation (Japan) group record.,2026-09-30T12:33:00Z,2026-09-30T12:33:00Z,"[""WP-0046""]","Components, Parts & Accessories",Flow Control Components - Valves; Meters; Gauges; Regulators; MFC's,SEMICON India,400.10;401.12;401.09;400.23
d:smithsinterconnect.com,Smiths Interconnect,smiths interconnect,"[""smiths interconnect"", ""smiths interconnect a molex""]","[""Smiths Interconnect, a Molex company""]",,https://www.smithsinterconnect.com/,smithsinterconnect.com,https://www.linkedin.com/company/smiths-interconnect,smiths-interconnect,London,GB,EMEA,[],,1001-5000,subsidiary,Molex,,400,400.04,component_supplier,"[""connectors"", ""RF components"", ""optical transceivers"", ""test probes"", ""semiconductor test contacts""]","[""aerospace"", ""defense"", ""medical"", ""semiconductor test"", ""industrial""]","Designer and manufacturer of ruggedized connectors, RF and microwave components, optical transceivers and semiconductor test probes. Formerly part of Smiths Group plc; acquired by Molex in 2026.",complete,0.85,"[""https://www.smithsinterconnect.com/"", ""https://www.molex.com/en-us/news/molex-completes-acquisition-of-smiths-interconnect"", ""https://www.linkedin.com/company/smiths-interconnect""]",Acquired by Molex (Koch Industries) in 2026; kept as its own record because it trades as a distinct brand with its own site.,2026-09-30T12:37:00Z,2026-09-30T12:37:00Z,"[""WP-0046""]","Components, Parts & Accessories",Connectors; Plugs; Interconnects; Cable; Wire,SEMICON India,400.04;309.02;309.04;401.10;208.18
d:sojitz.com,Sojitz,sojitz,"[""sojitz""]","[""Sojitz Corporation""]",Sojitz Corporation,https://www.sojitz.com/en/,sojitz.com,https://www.linkedin.com/company/sojitz-corporation,sojitz-corporation,Tokyo,JP,APAC,[],2004,10001+,public,,TYO:2768,804,804.14,distributor,"[""sogo shosha"", ""general trading"", ""import export"", ""chemicals"", ""industrial infrastructure""]","[""semiconductor"", ""chemicals"", ""energy"", ""automotive"", ""infrastructure""]","Japanese sogo shosha (general trading company) formed in 2004 from the merger of Nichimen and Nissho Iwai. Trades and invests across chemicals, metals, energy, automotive and industrial infrastructure.",complete,0.85,"[""https://www.sojitz.com/en/corporate/profile/"", ""https://en.wikipedia.org/wiki/Sojitz"", ""https://www.linkedin.com/company/sojitz-corporation""]",,2026-09-30T12:37:00Z,2026-09-30T12:37:00Z,"[""WP-0046""]",Professional Services,Sales; Manufacturers Representation or Distributors,SEMICON India,804.14;801.03;801.02
d:specmaxtech.com,Specmax Technologies,specmax technologies,"[""specmax technologies""]","[""Specmax Technologies Pte Ltd""]",SPECMAX TECHNOLOGIES PTE. LTD.,https://www.specmaxtech.com/,specmaxtech.com,https://sg.linkedin.com/company/specmax-technologies,specmax-technologies,Singapore,SG,APAC,[],2014,51-200,private,,,500,500.01,oem,"[""chemical dispensing systems"", ""slurry dispense"", ""high-purity piping"", ""valve manifold boxes"", ""PLC SCADA integration""]","[""semiconductor"", ""petrochemical"", ""chemicals""]","Singapore engineering firm founded in 2014 supplying chemical and slurry dispense systems, gas and high-purity piping installations, and PLC/SCADA automation for semiconductor fabs and petrochemical plants.",complete,0.85,"[""https://www.specmaxtech.com/"", ""https://sg.linkedin.com/company/specmax-technologies"", ""https://www.semi.org/en/resources/member-directory/specmax-technologies-pte-ltd""]",,2026-09-30T12:42:00Z,2026-09-30T12:42:00Z,"[""WP-0046""]",Factory Monitoring & Control Systems (FMCS),Chemical; Pure Water; Fluid Handling; Storage; Supply Systems,SEMICON India,500.01;401.05;500.09;400.19;701.10
d:speta.org,SPETA,speta,"[""speta"", ""singapore precision engineering and technology association""]","[""Singapore Precision Engineering and Technology Association (SPETA)""]",Singapore Precision Engineering and Technology Association,https://speta.org/,speta.org,https://sg.linkedin.com/company/spetasg,spetasg,Singapore,SG,APAC,[],1982,1-10,nonprofit,,,800,800.01,association,"[""precision engineering"", ""tooling"", ""metal stamping"", ""precision machining""]","[""semiconductor"", ""aerospace"", ""automotive"", ""medical""]","Singapore trade association founded in 1982 as the Singapore Tool and Die Association, representing over 300 precision engineering and technology member companies.",complete,0.9,"[""https://speta.org/about-us"", ""https://sg.linkedin.com/company/spetasg"", ""https://www.semi.org/en/resources/member-directory/singapore-precision-engineering-and-technology-association-speta""]",,2026-09-30T12:33:00Z,2026-09-30T12:33:00Z,"[""WP-0046""]",Associations,Associations; Trade or Industrial,SEMICON India | SEMICON West,800.01;804.01
d:sprayengineering.com,Spray Engineering Devices,spray engineering devices,"[""spray engineering devices"", ""sed""]","[""Spray Engineering Devices Limited"", ""SED""]",Spray Engineering Devices Limited,http://www.sprayengineering.com/,sprayengineering.com,https://in.linkedin.com/company/sprayengineeringdevices,sprayengineeringdevices,Mohali,IN,APAC,"[{""city"": ""Baddi"", ""country"": ""IN"", ""type"": ""manufacturing""}, {""city"": ""Chandigarh"", ""country"": ""IN"", ""type"": ""office""}]",1992,unknown,private,,,902,902.01,other,"[""evaporators"", ""spray nozzles"", ""thermal heat recycling"", ""plant automation"", ""sheet metal fabrication""]","[""sugar"", ""water treatment"", ""energy"", ""industrial""]","Indian sustainable-engineering company founded in 1992, supplying evaporators, heaters, thermal heat recycling and plant automation mainly to the sugar, jaggery and water sectors. Corporate office in Mohali, three plants in Baddi.",partial,0.6,"[""http://www.sprayengineering.com/team-sed.html"", ""https://in.linkedin.com/company/sprayengineeringdevices"", ""https://www.tofler.in/spray-engineering-devices-limited/company/U00000CH2004PLC027625""]","Unlisted public limited company (CIN U00000CH2004PLC027625); employee count not confirmed. Core business is sugar/water process equipment, not semiconductor, so the SEMI taxonomy fit is weak.",2026-09-30T12:42:00Z,2026-09-30T12:42:00Z,"[""WP-0046""]",Other,Other,SEMICON India,902.01;500.01;701.10
d:iesaonline.org,Startup Mitra,startup mitra,"[""startup mitra"", ""iesa startup mitra""]","[""Startup Mitra"", ""IESA Startup Mitra""]",,https://iesaonline.org/startup-mitra,iesaonline.org,,,,IN,APAC,[],,unknown,nonprofit,India Electronics and Semiconductor Association (IESA),,800,800.01,association,"[""startup incubation"", ""investor matchmaking"", ""mentorship"", ""government schemes"", ""IPR support""]","[""semiconductor"", ""electronics""]","IESA programme for Indian electronics and semiconductor startups, connecting them with investors, mentors and government schemes. Ran a 28-pod startup platform and a pitch round at SEMICON India 2026.",partial,0.7,"[""https://iesaonline.org/startup-mitra"", ""https://www.eetimes.com/semicon-india-2026-startup-mitra-sheds-light-on-early-stage-silicon-startup-funding/"", ""https://yourstory.com/2026/09/semicon-india-2026-concludes-headlined-by-startups-student-teams""]",Not a standalone company: an initiative of IESA. HQ city not confirmed; should be deduped into the IESA record if one exists.,2026-09-30T12:47:00Z,2026-09-30T12:47:00Z,"[""WP-0046""]",Associations,Associations; Trade or Industrial,SEMICON India,800.01;803.05;804.01
n:startup pavilion,Startup Pavilion,startup pavilion,"[""startup pavilion""]","[""Startup Pavilion""]",,,,,,,,,[],,unknown,unknown,,,,,other,[],[],"Not a company: the Startup Pavilion is a designated exhibition area at SEMICON India 2026 (IICC Yashobhoomi, New Delhi) showcasing around 40 early-stage startups.",not_found,0.3,"[""https://yourstory.com/2026/09/semicon-india-2026-students-startups-guide"", ""https://www.semiconindia.org/about/overview""]","Exhibitor-list artefact, not a legal entity. Recommend rejecting this record rather than merging it into the company database.",2026-09-30T12:47:00Z,2026-09-30T12:47:00Z,"[""WP-0046""]",,,SEMICON India,
d:stemrobo.com,STEMROBO Technologies,stemrobo technologies,"[""stemrobo technologies"", ""stemrobo technologies pvt""]","[""STEMROBO TECHNOLOGIES LIMITED"", ""STEMROBO Technologies Pvt. Ltd.""]",STEMROBO Technologies Pvt. Ltd.,https://www.stemrobo.com/,stemrobo.com,https://in.linkedin.com/company/stemrobo,stemrobo,Noida,IN,APAC,[],2012,51-200,private,,,802,802.01,other,"[""Atal Tinkering Labs"", ""STEM labs"", ""AI and robotics labs"", ""IoT embedded kits"", ""teacher training""]","[""education"", ""K-12 schools""]","Noida-based edtech design and product company supplying robotics, AI, IoT and AR/VR lab setups, curriculum and teacher training to K-12 schools. MeitY-recognised startup incubated at Electropreneur Park.",complete,0.8,"[""https://www.stemrobo.com/"", ""https://in.linkedin.com/company/stemrobo"", ""https://theorg.com/org/stemrobo-technologies""]","Founding year reported as 2012 by founder profiles and as 2016 by some directories; 2012 used. Education/training business, only loosely fitting the SEMI taxonomy.",2026-09-30T12:47:00Z,2026-09-30T12:47:00Z,"[""WP-0046""]",Educational; Research Institutions,Education; Research Institutions (For-Profit); Vocational Training,SEMICON India,802.01;901.03
d:steriprofessional.in,Steri Professional,steri professional,"[""steri professional"", ""steri professional workwear pvt"", ""steri professional workwears private""]","[""Steri Professional Workwear Pvt Ltd"", ""Steri Professional Workwears Private Limited""]",Steri Professional Workwears Private Limited,https://www.steriprofessional.in,steriprofessional.in,,,Mumbai,IN,APAC,[],2008,unknown,private,,,700,700.10,service,"[""cleanroom garments"", ""validated laundering"", ""garment rental"", ""RFID garment tracking"", ""industrial workwear""]","[""pharmaceutical"", ""biotechnology"", ""electronics"", ""food""]","Mumbai-based manufacturer and rental service provider of validated cleanroom and industrial garments, with EN 14065 validated laundering and RFID lifecycle tracking.",complete,0.7,"[""https://www.steriprofessional.in/web/about-steri.html"", ""https://steriprofessional.in/web/Cleanroom-Workwear.html"", ""https://www.steriprofessional.in/web/certifications-and-accreditations.html""]",No LinkedIn company page found in search results.,2026-09-30T12:33:00Z,2026-09-30T12:33:00Z,"[""WP-0047""]",Manufacturing Services,Laundry service; Cleanroom Garments and other,SEMICON India,700.10;900.05;501.01
n:sterimed kochi,Sterimed Kochi,sterimed kochi,"[""sterimed kochi"", ""sterimed kochi private""]","[""STERIMED KOCHI PRIVATE LIMITED""]",Sterimed Kochi Private Limited,,,,,Ernakulam,IN,APAC,[],2021,unknown,private,,,900,900.02,materials,"[""medical gloves"", ""industrial gloves"", ""automated dipping lines"", ""cleanroom consumables""]","[""healthcare"", ""pharmaceutical""]","Kerala-based manufacturer of medical and industrial gloves (CIN U74999KL2021PTC072487), incorporated 2021, with PLC-driven automated dipping lines and in-house material testing.",partial,0.55,"[""https://www.zaubacorp.com/STERIMED-KOCHI-PRIVATE-LIMITED-U74999KL2021PTC072487"", ""https://www.instafinancials.com/company/sterimed-kochi-private-limited-U74999KL2021PTC072487/company-overview"", ""https://expo.semi.org/india2025/public/eBooth.aspx?IndexInList=153&FromPage=Exhibitors.aspx&ParentBoothID=&ListByBooth=true&BoothID=654518&Nav=False""]",No corporate website URL or LinkedIn page appeared in search results; only registry listings.,2026-09-30T12:33:00Z,2026-09-30T12:33:00Z,"[""WP-0047""]",Support Products,Clean Room Supplies; Cleaning Supplies,SEMICON India,900.02;900.05;900.07
d:straitsmicro.com,StraitsMicro,straitsmicro,"[""straitsmicro""]","[""StraitsMicro Pte. Ltd.""]",StraitsMicro Pte. Ltd.,https://straitsmicro.com,straitsmicro.com,,,Singapore,SG,APAC,"[{""city"": null, ""country"": ""IN"", ""type"": ""design""}]",,unknown,private,,,903,903.10,component_supplier,"[""camera SoC"", ""Visora"", ""surveillance SoC"", ""NVR SoC"", ""secure silicon""]","[""surveillance"", ""security"", ""AI cameras"", ""consumer""]","Singapore-based fabless deep-tech semiconductor company developing the Visora sovereign camera SoC family for CCTV and NVR, with design operations in India.",complete,0.7,"[""https://straitsmicro.com/"", ""https://www.tribuneindia.com/news/business/straitsmicro-to-unveil-indias-sovereign-surveillance-soc-in-exclusive-pre-silicon-demonstration/"", ""https://www.bisinfotech.com/straitsmicro-to-unveil-india-sovereign-surveillance-soc-in-exclusive-pre-silicon-demonstration/""]",No LinkedIn company page surfaced in search results.,2026-09-30T12:33:00Z,2026-09-30T12:33:00Z,"[""WP-0047""]",Electronic Components,Design: Fabless,SEMICON India,903.10;903.04;903.07;903.09
n:struent semiconductors,Struent Semiconductors,struent semiconductors,"[""struent semiconductors"", ""struent semiconductors private""]","[""Struent Semiconductors Private Limited""]",Struent Semiconductors Private Limited,,,https://www.linkedin.com/company/struent-semiconductors-private-limited,struent-semiconductors-private-limited,Chennai,IN,APAC,[],2021,11-50,private,,,903,903.09,service,"[""ASIC design"", ""SoC design"", ""RTL development"", ""FPGA prototyping"", ""physical design"", ""analog layout""]","[""logic"", ""ASIC"", ""consumer""]","Chennai-based semiconductor design services start-up (incorporated 2021) offering turn-key ASIC/SoC development: micro-architecture, RTL, FPGA prototyping, physical design and analog layout.",partial,0.65,"[""https://in.linkedin.com/company/struent-semiconductors-private-limited"", ""https://www.zaubacorp.com/STRUENT-SEMICONDUCTORS-PRIVATE-LIMITED-U72900TN2021PTC143785"", ""https://www.tofler.in/struent-semiconductors-private-limited/company/U72900TN2021PTC143785""]",No corporate website URL appeared in search results.,2026-09-30T12:33:00Z,2026-09-30T12:33:00Z,"[""WP-0047""]",Electronic Components,Design: Design House,SEMICON India,903.09;903.02;903.10;701.04
d:suchisemicon.com,Suchi Semicon,suchi semicon,"[""suchi semicon"", ""suchi semicon private"", ""suchi semicon pvt""]","[""SUCHI SEMICON PRIVATE LIMITED"", ""Suchi Semicon Pvt Ltd""]",Suchi Semicon Private Limited,https://suchisemicon.com,suchisemicon.com,,,Surat,IN,APAC,"[{""city"": ""Palsana"", ""country"": ""IN"", ""type"": ""manufacturing""}]",2023,501-1000,private,,,701,701.01,service,"[""OSAT"", ""IC packaging"", ""QFN"", ""SOIC"", ""assembly and test""]","[""automotive"", ""power"", ""industrial"", ""consumer"", ""energy""]","Gujarat's first OSAT provider, running a Rs 868 crore assembly, advanced packaging and test plant at Palsana, Surat with SOIC and QFN capability; partnered with ROHM Semiconductor.",complete,0.75,"[""https://suchisemicon.com/"", ""https://suchisemicon.com/contact-us/"", ""https://www.business-standard.com/companies/news/suchi-semicon-to-start-packaging-qfn-power-semiconductor-chips-from-surat-plant-125120201124_1.html"", ""https://tracxn.com/d/companies/suchi-semicon/__CaOip9J8JasawEh62rHtoXMr4vpuQgzCUlmAroWlULA""]",Sources differ on founding year (2023 for Suchi Semicon; 2004 refers to the wider Suchi group). No LinkedIn company page URL confirmed.,2026-09-30T12:33:00Z,2026-09-30T12:33:00Z,"[""WP-0047""]",Manufacturing Services or Consulting,Assembly,SEMICON India,701.01;701.20;700.19
d:sumibe.co.jp,Sumitomo Bakelite,sumitomo bakelite,"[""sumitomo bakelite"", ""sumitomo bakelite singapore""]","[""Sumitomo Bakelite Singapore Pte. Ltd."", ""SUMITOMO BAKELITE CO., LTD.""]","Sumitomo Bakelite Co., Ltd.",https://www.sumibe.co.jp,sumibe.co.jp,https://www.linkedin.com/company/sumibe,sumibe,Tokyo,JP,APAC,"[{""city"": ""Singapore"", ""country"": ""SG"", ""type"": ""manufacturing""}, {""city"": null, ""country"": ""CN"", ""type"": ""manufacturing""}, {""city"": null, ""country"": ""TW"", ""type"": ""manufacturing""}]",,unknown,public,,TSE:4203,300,300.05,materials,"[""epoxy molding compound"", ""SUMIKON EME"", ""semiconductor encapsulation"", ""liquid epoxy resin"", ""coating resin""]","[""logic"", ""memory"", ""automotive"", ""power"", ""industrial""]","Japanese specialty plastics maker and the world's leading supplier of IC encapsulation materials; the Singapore entity is one of four epoxy molding compound plants (Kyushu, Singapore, China, Taiwan).",complete,0.85,"[""https://www.sumibe.co.jp/english/topics/2026/it-materials/0619_01/index.html"", ""https://www.linkedin.com/company/sumibe"", ""https://sg.linkedin.com/company/sumitomo-bakelite-singapore-pte-ltd-"", ""https://www.semi.org/en/resources/member-directory/sumitomo-bakelite-co-ltd""]","Exhibitor is the Singapore manufacturing subsidiary; folded into the Sumitomo Bakelite Co., Ltd. group record.",2026-09-30T12:33:00Z,2026-09-30T12:33:00Z,"[""WP-0047""]",Packaging and Assembly Materials,Molding; Encapsulation; Potting; Resin Materials,SEMICON India,300.05;300.01;300.17;301.06
d:sumitomo-chem.co.jp,Sumitomo Chemical,sumitomo chemical,"[""sumitomo chemical""]","[""SUMITOMO CHEMICAL"", ""Sumitomo Chemical Company, Limited""]","Sumitomo Chemical Co., Ltd.",https://www.sumitomo-chem.co.jp,sumitomo-chem.co.jp,,,Tokyo,JP,APAC,[],1913,unknown,public,,TSE:4005,301,301.06,materials,"[""semiconductor materials"", ""photoresist"", ""optical films"", ""polarizing film"", ""high-purity chemicals""]","[""logic"", ""memory"", ""display"", ""automotive"", ""battery""]","Diversified Japanese chemical major (founded 1913, TSE 4005) whose ICT & Mobility Solutions segment supplies semiconductor materials, optical products, touch panels and battery materials.",complete,0.8,"[""https://www.sumitomo-chem.co.jp/english/"", ""https://www.sumitomo-chem.co.jp/english/company/about/"", ""https://www.semi.org/en/resources/member-directory/sumitomo-chemical-company-limited"", ""https://finance.yahoo.com/quote/4005.T/""]","Secondary subcategories (photoresist, thin-film, polarizer materials) inferred from the ICT & Mobility Solutions portfolio, not from an exhibitor category listing.",2026-09-30T12:33:00Z,2026-09-30T12:33:00Z,"[""WP-0047""]",Chemicals & Solids,Other Specialty Chemicals,SEMICON India,301.06;301.07;300.17;302.06
d:supermountpack.com,Super Mount Pack,super mount pack,"[""super mount pack"", ""super mount pack pvt""]","[""SUPER MOUNT PACK PVT. LTD.""]",Super Mount Pack Pvt. Ltd.,https://www.supermountpack.com,supermountpack.com,,,Bengaluru,IN,APAC,[],2007,unknown,private,,,900,900.03,materials,"[""embossed carrier tape"", ""cover tape"", ""anti-static plastic reels"", ""Kapton tape"", ""tape and reel service""]","[""electronics assembly"", ""SMT"", ""consumer""]","ISO 9001:2015 certified Bengaluru manufacturer of EIA-compatible surface-mount electronic packaging: embossed carrier tapes, cover tapes and anti-static reels, plus tape-and-reel services.",complete,0.7,"[""https://www.supermountpack.com/company-profile.htm"", ""https://www.supermountpack.com/products.htm"", ""https://smpltdindia.com/"", ""https://www.tradeindia.com/super-mount-pack-pvt-ltd-2387653/""]",Two company domains seen (supermountpack.com and smpltdindia.com); supermountpack.com used as primary. No LinkedIn page found.,2026-09-30T12:33:00Z,2026-09-30T12:33:00Z,"[""WP-0047""]",Support Products,Device; Wafer; Display Panel Handling Products,SEMICON India,900.03;502.03;801.01;300.08
d:surplusglobal.com,SurplusGLOBAL,surplusglobal,"[""surplusglobal""]","[""SurplusGLOBAL"", ""SurplusGLOBAL, Inc.""]","SurplusGLOBAL, Inc.",https://www.surplusglobal.com,surplusglobal.com,https://www.linkedin.com/company/surplusglobal-semicluster,surplusglobal-semicluster,Yongin,KR,APAC,[],2000,unknown,public,,,700,700.21,distributor,"[""used semiconductor equipment"", ""legacy equipment"", ""refurbishment"", ""spare parts marketplace"", ""SemiMarket""]","[""semiconductor front-end"", ""back-end"", ""display"", ""LED"", ""solar""]","Korean marketplace and depot for legacy and used semiconductor equipment and parts, founded 2000 and KOSDAQ-listed since 2017; operates a semiconductor equipment cluster in Yongin.",complete,0.9,"[""https://www.surplusglobal.com/"", ""https://www.surplusglobal.com/about-surplus-global/about-us/company-profile/overview/"", ""https://www.linkedin.com/company/surplusglobal-semicluster"", ""https://en.wikipedia.org/wiki/SurplusGlobal""]",KOSDAQ-listed; ticker number not confirmed in search results.,2026-09-30T12:33:00Z,2026-09-30T12:33:00Z,"[""WP-0047""]",Manufacturing Services,"Used; Rental Equipment; Inventory Reduction, Appraisal - Brokers; Resellers",SEMICON Europa | SEMICON India | SEMICON West,700.21;700.19;801.03;700.16
d:svan.in,Svan Analytical Instruments,svan analytical instruments,"[""svan analytical instruments"", ""svan analytical instruments pvt"", ""svan analytical instruments private""]","[""SVAN ANALYTICAL INSTRUMENTS PVT LTD"", ""SVAN ANALYTICAL INSTRUMENTS PRIVATE LIMITED""]",Svan Analytical Instruments Private Limited,https://www.svan.in,svan.in,https://www.linkedin.com/company/svananalytical,svananalytical,Dombivli,IN,APAC,[],2008,11-50,private,,,203,203.20,distributor,"[""TOC analyzer"", ""microbial air sampler"", ""air flow calibrator"", ""contamination control"", ""environmental monitoring"", ""gas detector""]","[""pharmaceutical"", ""life sciences"", ""oil and gas"", ""food""]","Maharashtra-based supplier of contamination control and precision measurement instruments since 2008: TOC analyzers, microbial air samplers, air flow calibrators, gas detectors and lab instruments.",complete,0.8,"[""https://www.svan.in/"", ""https://www.svan.in/about-us"", ""https://www.zaubacorp.com/SVAN-ANALYTICAL-INSTRUMENTS-PRIVATE-LIMITED-U74999MH2008PTC180390"", ""https://www.tradeindia.com/svan-analytical-instruments-pvt-ltd-7537397/""]",,2026-09-30T12:33:00Z,2026-09-30T12:33:00Z,"[""WP-0047""]",Inspection & Measurement Products,Particle Monitors; Analyzers - Airborne or Liquid,SEMICON India,203.20;203.11;900.01;501.02;203.01
d:swadeza.com,Swadeza,swadeza,"[""swadeza"", ""swadeza venture private""]","[""Swadeza Venture Private Limited""]",Swadeza Venture Private Limited,https://swadeza.com,swadeza.com,,,,IN,APAC,[],,1-10,private,,,601,601.02,software,"[""FORGE"", ""AI-native chip design"", ""VLSI verification"", ""Sutra"", ""EDA""]","[""logic""]","Bihar-based Indian deeptech startup building FORGE, an AI-native platform for chip verification, design and post-silicon engineering workflows, deployable on-premises.",complete,0.8,"[""https://swadeza.com/"", ""https://yourstory.com/2026/09/swadeza-bihar-ai-semiconductor-forge-chip-design""]",Women-led startup; HQ city not stated beyond Bihar state. LinkedIn page not verified.,2026-09-30T12:33:00Z,2026-09-30T12:33:00Z,"[""WP-0048""]",Design Software,EDA - Electronic Design Automation; Circuit Design,SEMICON India,601.02;603.02;701.17
d:swagelok.com,Swagelok,swagelok,"[""swagelok""]","[""Swagelok"", ""Swagelok Company""]",Swagelok Company,https://www.swagelok.com,swagelok.com,https://www.linkedin.com/company/swagelok,swagelok,Solon,US,Americas,[],1947,5001-10000,private,,,400,400.10,component_supplier,"[""tube fittings"", ""valves"", ""regulators"", ""hoses"", ""gas delivery systems"", ""fluid system components""]","[""semiconductor fabs"", ""oil and gas"", ""chemical"", ""transportation""]","Privately held US manufacturer of fluid system products: tube fittings, valves, regulators and gas delivery components, with about 200 sales and service centers in 70 countries.",complete,0.9,"[""https://www.swagelok.com/en"", ""https://en.wikipedia.org/wiki/Swagelok"", ""https://www.semi.org/en/resources/member-directory/swagelok-company"", ""https://www.linkedin.com/company/swagelok""]","Approximately 5,700 associates, 20 manufacturing plants, ~$2B revenue.",2026-09-30T12:33:00Z,2026-09-30T12:33:00Z,"[""WP-0048""]","Components, Parts & Accessories",Flow Control Components - Valves; Meters; Gauges; Regulators; MFC's,SEMICON India | SEMICON West,400.10;400.19;400.11;401.05;400.09
d:symphony-eng.com.my,Symphony Engineering,symphony engineering,"[""symphony engineering""]","[""SYMPHONY ENGINEERING SDN BHD"", ""Symphony Engineering Sdn. Bhd."", ""Symphony Engineering Group""]",Symphony Engineering Sdn. Bhd.,https://symphony-eng.com.my,symphony-eng.com.my,,,Puchong,MY,APAC,"[{""city"": null, ""country"": ""TH"", ""type"": ""sales""}, {""city"": null, ""country"": ""PH"", ""type"": ""sales""}, {""city"": null, ""country"": ""SG"", ""type"": ""sales""}, {""city"": null, ""country"": ""ID"", ""type"": ""sales""}]",2010,11-50,private,,,700,700.03,service,"[""QA/FA equipment"", ""automation"", ""ISO 17025 calibration"", ""repair"", ""replate""]","[""semiconductor"", ""advanced electronics"", ""industrial""]","Malaysian engineering services provider offering QA/FA equipment, automation solutions, an ISO 17025 calibration lab, and repair and replate services to semiconductor manufacturers across Southeast Asia.",complete,0.85,"[""https://symphony-eng.com.my/about-us/"", ""https://www.semi.org/en/resources/member-directory/symphony-engineering-sdn-bhd"", ""https://expo.semi.org/india2025/public/eBooth.aspx?BoothID=648507""]","Located in Taman Kinrara, Puchong, Selangor. Regional offices in TH/PH/SG/ID reported without city detail.",2026-09-30T12:33:00Z,2026-09-30T12:33:00Z,"[""WP-0048""]",Manufacturing Services,Calibration & Reference Standards,SEMICON India,700.03;700.19;701.02;208.07;700.17
d:syncmotor.com,Synchronous Drives & Inverters,synchronous drives and inverters,"[""synchronous drives and inverters"", ""synchronous drives and inverters private"", ""syncmotor""]","[""Synchronous Drives & Inverters Private Limited"", ""SyncMotor""]",Synchronous Drives & Inverters Private Limited,https://syncmotor.com,syncmotor.com,,,Surat,IN,APAC,"[{""city"": ""New Delhi"", ""country"": ""IN"", ""type"": ""rnd""}]",2024,1-10,private,,,401,401.09,component_supplier,"[""PMSM drives"", ""BLDC drives"", ""motor controllers"", ""EV traction inverters""]","[""automotive"", ""power"", ""industrial""]","Surat-based Indian startup incorporated in December 2024 developing PMSM and BLDC motor drives and EV motor controllers, with an R&D centre at IIT Delhi.",complete,0.8,"[""https://syncmotor.com/"", ""https://www.zaubacorp.com/SYNCHRONOUS-DRIVES-AND-INVERTERS-PRIVATE-LIMITED-U62020GJ2024PTC157216"", ""https://www.tofler.in/synchronous-drives-and-inverters-private-limited/company/U62020GJ2024PTC157216""]",CIN U62020GJ2024PTC157216. Power-electronics rather than semiconductor process supplier.,2026-09-30T12:33:00Z,2026-09-30T12:33:00Z,"[""WP-0048""]",Sub-systems,Motion control systems; Servo control systems & Components,SEMICON India,401.09;400.17;904.04;401.13
d:synergymachinetools.in,Synergy Machine Tools,synergy machine tools,"[""synergy machine tools""]","[""Synergy Machine Tools""]",,https://synergymachinetools.in,synergymachinetools.in,,,Mumbai,IN,APAC,[],,unknown,private,,,200,200.01,oem,"[""CNC surface grinding machines"", ""lapping machines"", ""polishing machines"", ""rotary surface grinder"", ""double disk grinder""]","[""semiconductor"", ""automotive"", ""aerospace"", ""electronics"", ""bearing""]","Indian manufacturer and supplier of CNC surface grinding, lapping and polishing machines, serving semiconductor, automotive, aerospace and bearing manufacturers.",complete,0.7,"[""https://synergymachinetools.in/"", ""https://synergymachinetools.in/about/"", ""https://www.indiamart.com/synergy-machine-tools/""]","Several similarly named Indian firms exist (synergymachinetools.com, Synergy Machines And Services, Ghaziabad); the Mumbai/Vasai-Virar entity at synergymachinetools.in is the best match. Founding year not stated.",2026-09-30T12:40:00Z,2026-09-30T12:40:00Z,"[""WP-0048""]",Packaging and Assembly Equipment,Backgrind; Slicing; Lapping; Polishing Equipment,SEMICON India,200.01;307.01;700.20;202.01
d:syntecairflowsystem.com,Syntec Airflow Systems,syntec airflow systems,"[""syntec airflow systems"", ""syntec airflow system""]","[""SYNTEC AIRFLOW SYSTEMS"", ""Syntec Airflow System""]",,https://syntecairflowsystem.com,syntecairflowsystem.com,https://www.linkedin.com/company/syntecairflowsystem,syntecairflowsystem,Gurugram,IN,APAC,[],1996,unknown,private,,,501,501.03,oem,"[""air handling units"", ""cleanroom equipment"", ""ducting"", ""modular operation theatre"", ""HEPA"", ""puff partition""]","[""pharmaceutical"", ""healthcare"", ""food"", ""electronics""]","Gurugram-based Indian manufacturer and turnkey contractor for cleanroom and HVAC systems, including air handling units, ducting, cleanroom partitions and BSL containment facilities.",complete,0.8,"[""https://syntecairflowsystem.com/"", ""https://syntecairflowsystem.com/cleanroom-equipment-manufacturer/"", ""https://in.linkedin.com/company/syntecairflowsystem""]",Primary end markets are pharma and healthcare; electronics/semiconductor cleanrooms are an adjacent segment.,2026-09-30T12:40:00Z,2026-09-30T12:40:00Z,"[""WP-0048""]","HVAC, Temperature, Humidity, Contamination Control",HVAC; Temperature; Humidity Systems and Control,SEMICON India,501.03;501.01;501.02;701.05;701.09
d:syrmasgs.com,Syrma SGS Technology,syrma sgs technology,"[""syrma sgs technology"", ""syrma technology"", ""sgs tekniks""]","[""Syrma SGS Technology Limited"", ""Syrma Technology"", ""SGS Tekniks""]",Syrma SGS Technology Limited,https://www.syrmasgs.com,syrmasgs.com,https://www.linkedin.com/company/syrma-technology,syrma-technology,Chennai,IN,APAC,[],2004,1001-5000,public,,NSE:SYRMA,701,701.01,service,"[""EMS"", ""PCB assembly"", ""RFID"", ""magnetics"", ""smart meters"", ""electronic control units""]","[""automotive"", ""industrial"", ""consumer electronics"", ""healthcare"", ""IT""]","Chennai-based listed Indian electronics manufacturing services company providing design, engineering and high-mix precision manufacturing of smart meters, ECUs, RFID and magnetics for OEMs.",complete,0.85,"[""https://in.linkedin.com/company/syrma-technology"", ""https://www.screener.in/company/SYRMA/consolidated/"", ""https://finance.yahoo.com/quote/SYRMA.BO/profile/""]","HQ at MEPZ-SEZ, Tambaram, Chennai. Listed on NSE and BSE (BSE code SYRMA.BO). Website domain not directly opened; taken from company listings.",2026-09-30T12:40:00Z,2026-09-30T12:40:00Z,"[""WP-0048""]",Manufacturing Services or Consulting,Assembly,SEMICON India,701.01;701.07;300.10;701.16;903.03
d:taaayanam.com,Taaayanam,taaayanam,"[""taaayanam""]","[""TAAAYANAM""]",,https://taaayanam.com,taaayanam.com,,,Bengaluru,IN,APAC,[],2021,unknown,private,,,207,207.07,oem,"[""PVD"", ""sputtering"", ""cathodic arc evaporation"", ""PECVD"", ""pulsed laser deposition"", ""thin film coating""]","[""industrial"", ""defence"", ""space"", ""automotive"", ""jewellery""]","Bengaluru-based supplier of PVD, PECVD and pulsed-laser-deposition thin-film systems and consultancy, which also runs its own PVD coating service centre for industrial and defence applications.",complete,0.75,"[""https://taaayanam.com/"", ""https://taaayanam.com/pvd-coating-center/"", ""https://taaayanam.com/cathodic-arc-evaporation-cae/""]","Incorporated 2021, roots traced to 2008. Registered legal entity name not confirmed.",2026-09-30T12:42:00Z,2026-09-30T12:42:00Z,"[""WP-0048""]",Process Equipment,Deposition; Physical Vapor (PVD); Sputtering; Evaporation Equipment,SEMICON India,207.07;207.06;700.17;700.06;205.01
n:tahinium technologies,Tahinium Technologies,tahinium technologies,"[""tahinium technologies"", ""tahinium technologies private""]","[""Tahinium Technologies Private Limited""]",Tahinium Technologies Private Limited,,,,,Gurgaon,IN,APAC,[],2021,11-50,private,,,500,500.04,component_supplier,"[""control panels"", ""street lighting"", ""CCMS"", ""group control systems""]","[""municipal infrastructure"", ""industrial""]",Gurgaon-based Indian company incorporated in November 2021 supplying electrical control panels and street-light central control and monitoring systems (CCMS).,partial,0.6,"[""https://www.zaubacorp.com/TAHINIUM-TECHNOLOGIES-PRIVATE-LIMITED-U72900HR2021PTC099035"", ""https://www.indiamart.com/tahinium-technologies-private-limited/"", ""https://www.thecompanycheck.com/company/tahinium-technologies-private-limited/U72900HR2021PTC099035""]","CIN U72900HR2021PTC099035. No corporate website or LinkedIn page found; only registry and IndiaMART listings. Category assigned from its control-panel product line, which is not semiconductor-specific.",2026-09-30T12:42:00Z,2026-09-30T12:42:00Z,"[""WP-0048""]",Factory Monitoring & Control Systems (FMCS),Electrical; Power Distribution,SEMICON India,500.04;500.03;500.12;400.06
d:tanaka-preciousmetals.com,TANAKA Precious Metals,tanaka precious metals,"[""tanaka precious metals"", ""tanaka kikinzoku private"", ""tanaka kikinzoku kogyo k k"", ""tanaka kikinzoku""]","[""Tanaka Kikinzoku (India) Private Limited"", ""TANAKA Kikinzoku Kogyo K.K."", ""Tanaka Kikinzoku Group"", ""TANAKA Precious Metals""]",TANAKA Kikinzoku Kogyo K.K.,https://tanaka-preciousmetals.com,tanaka-preciousmetals.com,,,Tokyo,JP,APAC,"[{""city"": null, ""country"": ""IN"", ""type"": ""sales""}, {""city"": ""Kanzaki"", ""country"": ""JP"", ""type"": ""manufacturing""}]",1885,5001-10000,private,"TANAKA Holdings Co., Ltd.",,300,300.02,materials,"[""gold bonding wire"", ""copper bonding wire"", ""precious metal paste"", ""AuRoFUSE"", ""brazing filler"", ""sputtering targets""]","[""logic"", ""memory"", ""power"", ""automotive"", ""LED""]",Japanese precious-metals group and the country's largest gold and platinum refiner; through TANAKA Denshi Kogyo it holds the world's largest share of gold semiconductor bonding wire.,complete,0.85,"[""https://tanaka-preciousmetals.com/en/about/technology/technology10/"", ""https://www.tanaka.co.jp/english/company/group/"", ""https://tanaka-preciousmetals.com/en/news_release/20240311/""]","Exhibitor is the Indian subsidiary; folded into the TANAKA group record. HQ is Chiyoda-ku, Tokyo. Indian office city not confirmed.",2026-09-30T12:42:00Z,2026-09-30T12:42:00Z,"[""WP-0048""]",Packaging and Assembly Materials,Bonding; Interconnect Materials - Wire; Ribbon; Tape; Capillaries & Tools,SEMICON India,300.02;300.13;300.01;307.03;300.16
d:visiontec.com.sg,Visiontec,visiontec,"[""visiontec"", ""industrial vision technology""]","[""Industrial Vision Technology (S) Pte Ltd."", ""INDUSTRIAL VISION TECHNOLOGY (S) PTE. LTD."", ""Visiontec Group""]",Industrial Vision Technology (S) Pte. Ltd.,https://visiontec.com.sg,visiontec.com.sg,,,Singapore,SG,APAC,[],2003,unknown,private,,,203,203.05,oem,"[""photoluminescence mapping"", ""SiC wafer defect inspection"", ""machine vision"", ""intelligent measurement"", ""solar cell I-V characterization"", ""factory automation""]","[""power"", ""compound semiconductor"", ""photovoltaic"", ""assembly and test""]","Singapore builder of intelligent measurement and inspection systems under the Visiontec brand, including photoluminescence mapping, SiC wafer defect inspection and solar cell I-V characterization, plus semiconductor assembly and test equipment.",complete,0.78,"[""https://visiontec.com.sg/"", ""https://www.sgpbusiness.com/company/Industrial-Vision-Technology-S-Pte-Ltd""]","Registered 11 Dec 2003, UEN 200312647N, registered office 1092 Lower Delta Road, Singapore 169203. Trades under the Visiontec brand.",2026-09-30T12:29:00Z,2026-09-30T12:29:00Z,"[""WP-0023-R2""]",Inspection & Measurement Products,"Defect; Particle; Bump; Contamination Detection, Review or Inspection",SEMICON India,203.05;203.26;203.25;401.01
d:zeiss.com,ZEISS,zeiss,"[""zeiss"", ""carl zeiss india pvt""]","[""Carl Zeiss India (Bangalore) Pvt Ltd""]",,https://www.zeiss.com,zeiss.com,,,,DE,EMEA,"[{""city"": ""Bangalore"", ""country"": ""IN"", ""type"": ""subsidiary""}]",,10001+,private,,,203,203.17,oem,"[""microscopes"", ""industrial metrology"", ""semiconductor manufacturing optics"", ""X-ray""]","[""semiconductor"", ""industrial"", ""medical"", ""research""]","ZEISS develops semiconductor manufacturing equipment, measuring technology and microscopes; Carl Zeiss India, based in Bangalore, has 2,500+ employees and production sites.",partial,0.7,"[""https://www.zeiss.com/career/en/locations/india.html"", ""https://www.zeiss.com/metrology/pages/production-sites/bangalore.html""]",Group HQ city (Oberkochen) not confirmed in results; LinkedIn not seen.,2026-09-30T12:13:47Z,2026-09-30T12:13:47Z,"[""WP-0009""]",Inspection & Measurement Products,"Microscopes: SEM; Focused Ion Beam (FIB), TEM",SEMICON India,203.17;203.16;203.29;401.10
